<?xml version="1.0" encoding="UTF-8" ?>
<!DOCTYPE  mapper PUBLIC "-//mybatis.org//DTD Mapper 3.0//EN" "http://mybatis.org/dtd/mybatis-3-mapper.dtd" >
<mapper namespace="com.test.dao.AccountStoreDao">
    <resultMap id="queryResultMap" type="com.test.domain.AccountStore">
                <result column="RBAC_ACCOUNT_ID" property="RBACACCOUNTID" jdbcType="BIGINT" />
                <result column="STORE_ID" property="STOREID" jdbcType="BIGINT" />
                <result column="MERCHANT_ID" property="MERCHANTID" jdbcType="BIGINT" />
                <result column="STATE_ISDEFAULT" property="STATEISDEFAULT" jdbcType="VARCHAR" />
            </resultMap>

    <select id="find" parameterType="org.durcframework.core.expression.ExpressionQuery"
        resultMap="queryResultMap">
        SELECT t.*
        FROM account_store t
        <include refid="expressionBlock.where" />
        <choose>
            <when test="sortname == null">
                ORDER BY t.RBAC_ACCOUNT_ID desc
            </when>
            <otherwise>
                ORDER BY ${order}
            </otherwise>
        </choose>
        <if test="!isQueryAll">
            LIMIT
            #{start,jdbcType=INTEGER},#{limit,jdbcType=INTEGER}
        </if>
    </select>


    <select id="findTotalCount" parameterType="org.durcframework.core.expression.ExpressionQuery"
        resultType="java.lang.Integer">
        SELECT count(*) FROM account_store t
        <include refid="expressionBlock.where" />
    </select>

    <insert id="save" parameterType="com.test.domain.AccountStore"
    >
    INSERT INTO account_store
         (
                              `RBAC_ACCOUNT_ID`
                                        , `STORE_ID`
                                        , `MERCHANT_ID`
                                        , `STATE_ISDEFAULT`
                              )
    VALUES (
                              #{RBACACCOUNTID,jdbcType=BIGINT}
                                        , #{STOREID,jdbcType=BIGINT}
                                        , #{MERCHANTID,jdbcType=BIGINT}
                                        , #{STATEISDEFAULT,jdbcType=VARCHAR}
                     
        )
    </insert>

<insert id="insertBatch" parameterType="java.util.List">
    INSERT INTO account_store
        (
                                                             `RBAC_ACCOUNT_ID`
                                                                                    , `STORE_ID`
                                                                                    , `MERCHANT_ID`
                                                                                    , `STATE_ISDEFAULT`
                                                        )
    VALUES 
        <foreach collection="records" index="index" item="record" separator=",">
            (
                                                                             #{record.RBACACCOUNTID,jdbcType=BIGINT}
                                                                                                        , #{record.STOREID,jdbcType=BIGINT}
                                                                                                        , #{record.MERCHANTID,jdbcType=BIGINT}
                                                                                                        , #{record.STATEISDEFAULT,jdbcType=VARCHAR}
                                                                        )
        </foreach> 
</insert>

    <update id="update" parameterType="com.test.domain.AccountStore">
    UPDATE account_store
    SET 
                                                                                         STATE_ISDEFAULT=#{STATEISDEFAULT,jdbcType=VARCHAR}
                     WHERE RBAC_ACCOUNT_ID = #{RBACACCOUNTID,jdbcType=BIGINT}
    </update>

    <update id="updateByPrimaryKeySelective" parameterType="com.test.domain.AccountStore" >
        UPDATE account_store
        <set>
            set                                                                                                                     <if test="STATE_ISDEFAULT !=null">
                    STATE_ISDEFAULT=#{STATEISDEFAULT,jdbcType=VARCHAR}
                </if>
                                    </set>
        where RBAC_ACCOUNT_ID = #{RBACACCOUNTID,jdbcType=BIGINT}
    </update>

    <select id="get" resultMap="queryResultMap" parameterType="com.test.domain.AccountStore">
        SELECT t.*
        FROM account_store t
        WHERE RBAC_ACCOUNT_ID = #{RBACACCOUNTID,jdbcType=BIGINT}
    </select>
    
    <delete id="del" parameterType="com.test.domain.AccountStore">
        DELETE FROM account_store
        WHERE RBAC_ACCOUNT_ID = #{RBACACCOUNTID,jdbcType=BIGINT}
    </delete>

</mapper>