<?xml version="1.0" encoding="UTF-8" ?>
<!DOCTYPE  mapper PUBLIC "-//mybatis.org//DTD Mapper 3.0//EN" "http://mybatis.org/dtd/mybatis-3-mapper.dtd" >
<mapper namespace="com.test.dao.ActivityLuckydrawConfigDao">
    <resultMap id="queryResultMap" type="com.test.domain.ActivityLuckydrawConfig">
                <result column="id" property="id" jdbcType="BIGINT" />
                <result column="activity_id" property="activityId" jdbcType="BIGINT" />
                <result column="count_every_day" property="countEveryDay" jdbcType="INTEGER" />
                <result column="total_count" property="totalCount" jdbcType="INTEGER" />
                <result column="share_enabled" property="shareEnabled" jdbcType="INTEGER" />
                <result column="share_count" property="shareCount" jdbcType="INTEGER" />
                <result column="chance_got_after_share" property="chanceGotAfterShare" jdbcType="INTEGER" />
            </resultMap>

    <select id="find" parameterType="org.durcframework.core.expression.ExpressionQuery"
        resultMap="queryResultMap">
        SELECT t.*
        FROM activity_luckydraw_config t
        <include refid="expressionBlock.where" />
        <choose>
            <when test="sortname == null">
                ORDER BY t.id desc
            </when>
            <otherwise>
                ORDER BY ${order}
            </otherwise>
        </choose>
        <if test="!isQueryAll">
            LIMIT
            #{start,jdbcType=INTEGER},#{limit,jdbcType=INTEGER}
        </if>
    </select>


    <select id="findTotalCount" parameterType="org.durcframework.core.expression.ExpressionQuery"
        resultType="java.lang.Integer">
        SELECT count(*) FROM activity_luckydraw_config t
        <include refid="expressionBlock.where" />
    </select>

    <insert id="save" parameterType="com.test.domain.ActivityLuckydrawConfig"
    keyProperty="id" keyColumn="id" useGeneratedKeys="true"
    >
    INSERT INTO activity_luckydraw_config
         (
                                                  `activity_id`
                                        , `count_every_day`
                                        , `total_count`
                                        , `share_enabled`
                                        , `share_count`
                                        , `chance_got_after_share`
                              )
    VALUES (
                                                  #{activityId,jdbcType=BIGINT}
                                        , #{countEveryDay,jdbcType=INTEGER}
                                        , #{totalCount,jdbcType=INTEGER}
                                        , #{shareEnabled,jdbcType=INTEGER}
                                        , #{shareCount,jdbcType=INTEGER}
                                        , #{chanceGotAfterShare,jdbcType=INTEGER}
                     
        )
    </insert>

<insert id="insertBatch" parameterType="java.util.List">
    INSERT INTO activity_luckydraw_config
        (
                                                                                         `activity_id`
                                                                                    , `count_every_day`
                                                                                    , `total_count`
                                                                                    , `share_enabled`
                                                                                    , `share_count`
                                                                                    , `chance_got_after_share`
                                                        )
    VALUES 
        <foreach collection="records" index="index" item="record" separator=",">
            (
                                                                                                                 #{record.activityId,jdbcType=BIGINT}
                                                                                                        , #{record.countEveryDay,jdbcType=INTEGER}
                                                                                                        , #{record.totalCount,jdbcType=INTEGER}
                                                                                                        , #{record.shareEnabled,jdbcType=INTEGER}
                                                                                                        , #{record.shareCount,jdbcType=INTEGER}
                                                                                                        , #{record.chanceGotAfterShare,jdbcType=INTEGER}
                                                                        )
        </foreach> 
</insert>

    <update id="update" parameterType="com.test.domain.ActivityLuckydrawConfig">
    UPDATE activity_luckydraw_config
    SET 
                                                 activity_id=#{activityId,jdbcType=BIGINT}
                                     , count_every_day=#{countEveryDay,jdbcType=INTEGER}
                                     , total_count=#{totalCount,jdbcType=INTEGER}
                                     , share_enabled=#{shareEnabled,jdbcType=INTEGER}
                                     , share_count=#{shareCount,jdbcType=INTEGER}
                                     , chance_got_after_share=#{chanceGotAfterShare,jdbcType=INTEGER}
                     WHERE id = #{id,jdbcType=BIGINT}
    </update>

    <update id="updateByPrimaryKeySelective" parameterType="com.test.domain.ActivityLuckydrawConfig" >
        UPDATE activity_luckydraw_config
        <set>
            set                                                             <if test="activity_id !=null">
                    activity_id=#{activityId,jdbcType=BIGINT}
                </if>
                                                            <if test="count_every_day !=null">
                    count_every_day=#{countEveryDay,jdbcType=INTEGER}
                </if>
                                                            <if test="total_count !=null">
                    total_count=#{totalCount,jdbcType=INTEGER}
                </if>
                                                            <if test="share_enabled !=null">
                    share_enabled=#{shareEnabled,jdbcType=INTEGER}
                </if>
                                                            <if test="share_count !=null">
                    share_count=#{shareCount,jdbcType=INTEGER}
                </if>
                                                            <if test="chance_got_after_share !=null">
                    chance_got_after_share=#{chanceGotAfterShare,jdbcType=INTEGER}
                </if>
                                    </set>
        where id = #{id,jdbcType=BIGINT}
    </update>

    <select id="get" resultMap="queryResultMap" parameterType="com.test.domain.ActivityLuckydrawConfig">
        SELECT t.*
        FROM activity_luckydraw_config t
        WHERE id = #{id,jdbcType=BIGINT}
    </select>
    
    <delete id="del" parameterType="com.test.domain.ActivityLuckydrawConfig">
        DELETE FROM activity_luckydraw_config
        WHERE id = #{id,jdbcType=BIGINT}
    </delete>

</mapper>