<?xml version="1.0" encoding="UTF-8" ?>
<!DOCTYPE  mapper PUBLIC "-//mybatis.org//DTD Mapper 3.0//EN" "http://mybatis.org/dtd/mybatis-3-mapper.dtd" >
<mapper namespace="com.test.dao.ActivityQrcodeDao">
    <resultMap id="queryResultMap" type="com.test.domain.ActivityQrcode">
                <result column="id" property="id" jdbcType="BIGINT" />
                <result column="activity_id" property="activityId" jdbcType="BIGINT" />
                <result column="channel" property="channel" jdbcType="INTEGER" />
                <result column="merchant_id" property="merchantId" jdbcType="BIGINT" />
                <result column="qrcode" property="qrcode" jdbcType="VARCHAR" />
            </resultMap>

    <select id="find" parameterType="org.durcframework.core.expression.ExpressionQuery"
        resultMap="queryResultMap">
        SELECT t.*
        FROM activity_qrcode t
        <include refid="expressionBlock.where" />
        <choose>
            <when test="sortname == null">
                ORDER BY t.id desc
            </when>
            <otherwise>
                ORDER BY ${order}
            </otherwise>
        </choose>
        <if test="!isQueryAll">
            LIMIT
            #{start,jdbcType=INTEGER},#{limit,jdbcType=INTEGER}
        </if>
    </select>


    <select id="findTotalCount" parameterType="org.durcframework.core.expression.ExpressionQuery"
        resultType="java.lang.Integer">
        SELECT count(*) FROM activity_qrcode t
        <include refid="expressionBlock.where" />
    </select>

    <insert id="save" parameterType="com.test.domain.ActivityQrcode"
    keyProperty="id" keyColumn="id" useGeneratedKeys="true"
    >
    INSERT INTO activity_qrcode
         (
                                                  `activity_id`
                                        , `channel`
                                        , `merchant_id`
                                        , `qrcode`
                              )
    VALUES (
                                                  #{activityId,jdbcType=BIGINT}
                                        , #{channel,jdbcType=INTEGER}
                                        , #{merchantId,jdbcType=BIGINT}
                                        , #{qrcode,jdbcType=VARCHAR}
                     
        )
    </insert>

<insert id="insertBatch" parameterType="java.util.List">
    INSERT INTO activity_qrcode
        (
                                                                                         `activity_id`
                                                                                    , `channel`
                                                                                    , `merchant_id`
                                                                                    , `qrcode`
                                                        )
    VALUES 
        <foreach collection="records" index="index" item="record" separator=",">
            (
                                                                                                                 #{record.activityId,jdbcType=BIGINT}
                                                                                                        , #{record.channel,jdbcType=INTEGER}
                                                                                                        , #{record.merchantId,jdbcType=BIGINT}
                                                                                                        , #{record.qrcode,jdbcType=VARCHAR}
                                                                        )
        </foreach> 
</insert>

    <update id="update" parameterType="com.test.domain.ActivityQrcode">
    UPDATE activity_qrcode
    SET 
                                                 activity_id=#{activityId,jdbcType=BIGINT}
                                     , channel=#{channel,jdbcType=INTEGER}
                                     , merchant_id=#{merchantId,jdbcType=BIGINT}
                                     , qrcode=#{qrcode,jdbcType=VARCHAR}
                     WHERE id = #{id,jdbcType=BIGINT}
    </update>

    <update id="updateByPrimaryKeySelective" parameterType="com.test.domain.ActivityQrcode" >
        UPDATE activity_qrcode
        <set>
            set                                                             <if test="activity_id !=null">
                    activity_id=#{activityId,jdbcType=BIGINT}
                </if>
                                                            <if test="channel !=null">
                    channel=#{channel,jdbcType=INTEGER}
                </if>
                                                            <if test="merchant_id !=null">
                    merchant_id=#{merchantId,jdbcType=BIGINT}
                </if>
                                                            <if test="qrcode !=null">
                    qrcode=#{qrcode,jdbcType=VARCHAR}
                </if>
                                    </set>
        where id = #{id,jdbcType=BIGINT}
    </update>

    <select id="get" resultMap="queryResultMap" parameterType="com.test.domain.ActivityQrcode">
        SELECT t.*
        FROM activity_qrcode t
        WHERE id = #{id,jdbcType=BIGINT}
    </select>
    
    <delete id="del" parameterType="com.test.domain.ActivityQrcode">
        DELETE FROM activity_qrcode
        WHERE id = #{id,jdbcType=BIGINT}
    </delete>

</mapper>