<?xml version="1.0" encoding="UTF-8" ?>
<!DOCTYPE  mapper PUBLIC "-//mybatis.org//DTD Mapper 3.0//EN" "http://mybatis.org/dtd/mybatis-3-mapper.dtd" >
<mapper namespace="com.test.dao.ActivityPosCardStatisticsDao">
    <resultMap id="queryResultMap" type="com.test.domain.ActivityPosCardStatistics">
                <result column="id" property="id" jdbcType="BIGINT" />
                <result column="merchant_id" property="merchantId" jdbcType="BIGINT" />
                <result column="activity_id" property="activityId" jdbcType="BIGINT" />
                <result column="card_send_count" property="cardSendCount" jdbcType="BIGINT" />
            </resultMap>

    <select id="find" parameterType="org.durcframework.core.expression.ExpressionQuery"
        resultMap="queryResultMap">
        SELECT t.*
        FROM activity_pos_card_statistics t
        <include refid="expressionBlock.where" />
        <choose>
            <when test="sortname == null">
                ORDER BY t.id desc
            </when>
            <otherwise>
                ORDER BY ${order}
            </otherwise>
        </choose>
        <if test="!isQueryAll">
            LIMIT
            #{start,jdbcType=INTEGER},#{limit,jdbcType=INTEGER}
        </if>
    </select>


    <select id="findTotalCount" parameterType="org.durcframework.core.expression.ExpressionQuery"
        resultType="java.lang.Integer">
        SELECT count(*) FROM activity_pos_card_statistics t
        <include refid="expressionBlock.where" />
    </select>

    <insert id="save" parameterType="com.test.domain.ActivityPosCardStatistics"
    keyProperty="id" keyColumn="id" useGeneratedKeys="true"
    >
    INSERT INTO activity_pos_card_statistics
         (
                                                  `merchant_id`
                                        , `activity_id`
                                        , `card_send_count`
                              )
    VALUES (
                                                  #{merchantId,jdbcType=BIGINT}
                                        , #{activityId,jdbcType=BIGINT}
                                        , #{cardSendCount,jdbcType=BIGINT}
                     
        )
    </insert>

<insert id="insertBatch" parameterType="java.util.List">
    INSERT INTO activity_pos_card_statistics
        (
                                                                                         `merchant_id`
                                                                                    , `activity_id`
                                                                                    , `card_send_count`
                                                        )
    VALUES 
        <foreach collection="records" index="index" item="record" separator=",">
            (
                                                                                                                 #{record.merchantId,jdbcType=BIGINT}
                                                                                                        , #{record.activityId,jdbcType=BIGINT}
                                                                                                        , #{record.cardSendCount,jdbcType=BIGINT}
                                                                        )
        </foreach> 
</insert>

    <update id="update" parameterType="com.test.domain.ActivityPosCardStatistics">
    UPDATE activity_pos_card_statistics
    SET 
                                                 merchant_id=#{merchantId,jdbcType=BIGINT}
                                     , activity_id=#{activityId,jdbcType=BIGINT}
                                     , card_send_count=#{cardSendCount,jdbcType=BIGINT}
                     WHERE id = #{id,jdbcType=BIGINT}
    </update>

    <update id="updateByPrimaryKeySelective" parameterType="com.test.domain.ActivityPosCardStatistics" >
        UPDATE activity_pos_card_statistics
        <set>
            set                                                             <if test="merchant_id !=null">
                    merchant_id=#{merchantId,jdbcType=BIGINT}
                </if>
                                                            <if test="activity_id !=null">
                    activity_id=#{activityId,jdbcType=BIGINT}
                </if>
                                                            <if test="card_send_count !=null">
                    card_send_count=#{cardSendCount,jdbcType=BIGINT}
                </if>
                                    </set>
        where id = #{id,jdbcType=BIGINT}
    </update>

    <select id="get" resultMap="queryResultMap" parameterType="com.test.domain.ActivityPosCardStatistics">
        SELECT t.*
        FROM activity_pos_card_statistics t
        WHERE id = #{id,jdbcType=BIGINT}
    </select>
    
    <delete id="del" parameterType="com.test.domain.ActivityPosCardStatistics">
        DELETE FROM activity_pos_card_statistics
        WHERE id = #{id,jdbcType=BIGINT}
    </delete>

</mapper>