<?xml version="1.0" encoding="UTF-8" ?>
<!DOCTYPE  mapper PUBLIC "-//mybatis.org//DTD Mapper 3.0//EN" "http://mybatis.org/dtd/mybatis-3-mapper.dtd" >
<mapper namespace="com.test.dao.ActivityLotteryDao">
    <resultMap id="queryResultMap" type="com.test.domain.ActivityLottery">
                <result column="lottery_id" property="lotteryId" jdbcType="BIGINT" />
                <result column="open_id" property="openId" jdbcType="VARCHAR" />
                <result column="merchant_id" property="merchantId" jdbcType="BIGINT" />
                <result column="activity_id" property="activityId" jdbcType="BIGINT" />
                <result column="intraday_count" property="intradayCount" jdbcType="INTEGER" />
                <result column="total_count" property="totalCount" jdbcType="INTEGER" />
                <result column="lottery_count" property="lotteryCount" jdbcType="INTEGER" />
                <result column="last_lottery_time" property="lastLotteryTime" jdbcType="TIMESTAMP" />
                <result column="share_count" property="shareCount" jdbcType="INTEGER" />
                <result column="last_share_time" property="lastShareTime" jdbcType="TIMESTAMP" />
                <result column="intraday_share_count" property="intradayShareCount" jdbcType="INTEGER" />
            </resultMap>

    <select id="find" parameterType="org.durcframework.core.expression.ExpressionQuery"
        resultMap="queryResultMap">
        SELECT t.*
        FROM activity_lottery t
        <include refid="expressionBlock.where" />
        <choose>
            <when test="sortname == null">
                ORDER BY t.lottery_id desc
            </when>
            <otherwise>
                ORDER BY ${order}
            </otherwise>
        </choose>
        <if test="!isQueryAll">
            LIMIT
            #{start,jdbcType=INTEGER},#{limit,jdbcType=INTEGER}
        </if>
    </select>


    <select id="findTotalCount" parameterType="org.durcframework.core.expression.ExpressionQuery"
        resultType="java.lang.Integer">
        SELECT count(*) FROM activity_lottery t
        <include refid="expressionBlock.where" />
    </select>

    <insert id="save" parameterType="com.test.domain.ActivityLottery"
    keyProperty="lotteryId" keyColumn="lottery_id" useGeneratedKeys="true"
    >
    INSERT INTO activity_lottery
         (
                                                  `open_id`
                                        , `merchant_id`
                                        , `activity_id`
                                        , `intraday_count`
                                        , `total_count`
                                        , `lottery_count`
                                        , `last_lottery_time`
                                        , `share_count`
                                        , `last_share_time`
                                        , `intraday_share_count`
                              )
    VALUES (
                                                  #{openId,jdbcType=VARCHAR}
                                        , #{merchantId,jdbcType=BIGINT}
                                        , #{activityId,jdbcType=BIGINT}
                                        , #{intradayCount,jdbcType=INTEGER}
                                        , #{totalCount,jdbcType=INTEGER}
                                        , #{lotteryCount,jdbcType=INTEGER}
                                        , #{lastLotteryTime,jdbcType=TIMESTAMP}
                                        , #{shareCount,jdbcType=INTEGER}
                                        , #{lastShareTime,jdbcType=TIMESTAMP}
                                        , #{intradayShareCount,jdbcType=INTEGER}
                     
        )
    </insert>

<insert id="insertBatch" parameterType="java.util.List">
    INSERT INTO activity_lottery
        (
                                                                                         `open_id`
                                                                                    , `merchant_id`
                                                                                    , `activity_id`
                                                                                    , `intraday_count`
                                                                                    , `total_count`
                                                                                    , `lottery_count`
                                                                                    , `last_lottery_time`
                                                                                    , `share_count`
                                                                                    , `last_share_time`
                                                                                    , `intraday_share_count`
                                                        )
    VALUES 
        <foreach collection="records" index="index" item="record" separator=",">
            (
                                                                                                                 #{record.openId,jdbcType=VARCHAR}
                                                                                                        , #{record.merchantId,jdbcType=BIGINT}
                                                                                                        , #{record.activityId,jdbcType=BIGINT}
                                                                                                        , #{record.intradayCount,jdbcType=INTEGER}
                                                                                                        , #{record.totalCount,jdbcType=INTEGER}
                                                                                                        , #{record.lotteryCount,jdbcType=INTEGER}
                                                                                                        , #{record.lastLotteryTime,jdbcType=TIMESTAMP}
                                                                                                        , #{record.shareCount,jdbcType=INTEGER}
                                                                                                        , #{record.lastShareTime,jdbcType=TIMESTAMP}
                                                                                                        , #{record.intradayShareCount,jdbcType=INTEGER}
                                                                        )
        </foreach> 
</insert>

    <update id="update" parameterType="com.test.domain.ActivityLottery">
    UPDATE activity_lottery
    SET 
                                                 open_id=#{openId,jdbcType=VARCHAR}
                                     , merchant_id=#{merchantId,jdbcType=BIGINT}
                                     , activity_id=#{activityId,jdbcType=BIGINT}
                                     , intraday_count=#{intradayCount,jdbcType=INTEGER}
                                     , total_count=#{totalCount,jdbcType=INTEGER}
                                     , lottery_count=#{lotteryCount,jdbcType=INTEGER}
                                     , last_lottery_time=#{lastLotteryTime,jdbcType=TIMESTAMP}
                                     , share_count=#{shareCount,jdbcType=INTEGER}
                                     , last_share_time=#{lastShareTime,jdbcType=TIMESTAMP}
                                     , intraday_share_count=#{intradayShareCount,jdbcType=INTEGER}
                     WHERE lottery_id = #{lotteryId,jdbcType=BIGINT}
    </update>

    <update id="updateByPrimaryKeySelective" parameterType="com.test.domain.ActivityLottery" >
        UPDATE activity_lottery
        <set>
            set                                                             <if test="open_id !=null">
                    open_id=#{openId,jdbcType=VARCHAR}
                </if>
                                                            <if test="merchant_id !=null">
                    merchant_id=#{merchantId,jdbcType=BIGINT}
                </if>
                                                            <if test="activity_id !=null">
                    activity_id=#{activityId,jdbcType=BIGINT}
                </if>
                                                            <if test="intraday_count !=null">
                    intraday_count=#{intradayCount,jdbcType=INTEGER}
                </if>
                                                            <if test="total_count !=null">
                    total_count=#{totalCount,jdbcType=INTEGER}
                </if>
                                                            <if test="lottery_count !=null">
                    lottery_count=#{lotteryCount,jdbcType=INTEGER}
                </if>
                                                            <if test="last_lottery_time !=null">
                    last_lottery_time=#{lastLotteryTime,jdbcType=TIMESTAMP}
                </if>
                                                            <if test="share_count !=null">
                    share_count=#{shareCount,jdbcType=INTEGER}
                </if>
                                                            <if test="last_share_time !=null">
                    last_share_time=#{lastShareTime,jdbcType=TIMESTAMP}
                </if>
                                                            <if test="intraday_share_count !=null">
                    intraday_share_count=#{intradayShareCount,jdbcType=INTEGER}
                </if>
                                    </set>
        where lottery_id = #{lotteryId,jdbcType=BIGINT}
    </update>

    <select id="get" resultMap="queryResultMap" parameterType="com.test.domain.ActivityLottery">
        SELECT t.*
        FROM activity_lottery t
        WHERE lottery_id = #{lotteryId,jdbcType=BIGINT}
    </select>
    
    <delete id="del" parameterType="com.test.domain.ActivityLottery">
        DELETE FROM activity_lottery
        WHERE lottery_id = #{lotteryId,jdbcType=BIGINT}
    </delete>

</mapper>