<?xml version="1.0" encoding="UTF-8" ?>
<!DOCTYPE  mapper PUBLIC "-//mybatis.org//DTD Mapper 3.0//EN" "http://mybatis.org/dtd/mybatis-3-mapper.dtd" >
<mapper namespace="com.test.dao.ActivityParticipantRuleDao">
    <resultMap id="queryResultMap" type="com.test.domain.ActivityParticipantRule">
                <result column="id" property="id" jdbcType="BIGINT" />
                <result column="activity_id" property="activityId" jdbcType="BIGINT" />
                <result column="object_type" property="objectType" jdbcType="INTEGER" />
                <result column="object_content" property="objectContent" jdbcType="VARCHAR" />
                <result column="comment" property="comment" jdbcType="VARCHAR" />
                <result column="before_activity" property="beforeActivity" jdbcType="INTEGER" />
                <result column="before_reward" property="beforeReward" jdbcType="INTEGER" />
                <result column="name_required" property="nameRequired" jdbcType="INTEGER" />
                <result column="phone_required" property="phoneRequired" jdbcType="INTEGER" />
                <result column="create_time" property="createTime" jdbcType="TIMESTAMP" />
                <result column="update_time" property="updateTime" jdbcType="TIMESTAMP" />
            </resultMap>

    <select id="find" parameterType="org.durcframework.core.expression.ExpressionQuery"
        resultMap="queryResultMap">
        SELECT t.*
        FROM activity_participant_rule t
        <include refid="expressionBlock.where" />
        <choose>
            <when test="sortname == null">
                ORDER BY t.id desc
            </when>
            <otherwise>
                ORDER BY ${order}
            </otherwise>
        </choose>
        <if test="!isQueryAll">
            LIMIT
            #{start,jdbcType=INTEGER},#{limit,jdbcType=INTEGER}
        </if>
    </select>


    <select id="findTotalCount" parameterType="org.durcframework.core.expression.ExpressionQuery"
        resultType="java.lang.Integer">
        SELECT count(*) FROM activity_participant_rule t
        <include refid="expressionBlock.where" />
    </select>

    <insert id="save" parameterType="com.test.domain.ActivityParticipantRule"
    keyProperty="id" keyColumn="id" useGeneratedKeys="true"
    >
    INSERT INTO activity_participant_rule
         (
                                                  `activity_id`
                                        , `object_type`
                                        , `object_content`
                                        , `comment`
                                        , `before_activity`
                                        , `before_reward`
                                        , `name_required`
                                        , `phone_required`
                                        , `create_time`
                                        , `update_time`
                              )
    VALUES (
                                                  #{activityId,jdbcType=BIGINT}
                                        , #{objectType,jdbcType=INTEGER}
                                        , #{objectContent,jdbcType=VARCHAR}
                                        , #{comment,jdbcType=VARCHAR}
                                        , #{beforeActivity,jdbcType=INTEGER}
                                        , #{beforeReward,jdbcType=INTEGER}
                                        , #{nameRequired,jdbcType=INTEGER}
                                        , #{phoneRequired,jdbcType=INTEGER}
                                        , #{createTime,jdbcType=TIMESTAMP}
                                        , #{updateTime,jdbcType=TIMESTAMP}
                     
        )
    </insert>

<insert id="insertBatch" parameterType="java.util.List">
    INSERT INTO activity_participant_rule
        (
                                                                                         `activity_id`
                                                                                    , `object_type`
                                                                                    , `object_content`
                                                                                    , `comment`
                                                                                    , `before_activity`
                                                                                    , `before_reward`
                                                                                    , `name_required`
                                                                                    , `phone_required`
                                                                                    , `create_time`
                                                                                    , `update_time`
                                                        )
    VALUES 
        <foreach collection="records" index="index" item="record" separator=",">
            (
                                                                                                                 #{record.activityId,jdbcType=BIGINT}
                                                                                                        , #{record.objectType,jdbcType=INTEGER}
                                                                                                        , #{record.objectContent,jdbcType=VARCHAR}
                                                                                                        , #{record.comment,jdbcType=VARCHAR}
                                                                                                        , #{record.beforeActivity,jdbcType=INTEGER}
                                                                                                        , #{record.beforeReward,jdbcType=INTEGER}
                                                                                                        , #{record.nameRequired,jdbcType=INTEGER}
                                                                                                        , #{record.phoneRequired,jdbcType=INTEGER}
                                                                                                        , #{record.createTime,jdbcType=TIMESTAMP}
                                                                                                        , #{record.updateTime,jdbcType=TIMESTAMP}
                                                                        )
        </foreach> 
</insert>

    <update id="update" parameterType="com.test.domain.ActivityParticipantRule">
    UPDATE activity_participant_rule
    SET 
                                                 activity_id=#{activityId,jdbcType=BIGINT}
                                     , object_type=#{objectType,jdbcType=INTEGER}
                                     , object_content=#{objectContent,jdbcType=VARCHAR}
                                     , comment=#{comment,jdbcType=VARCHAR}
                                     , before_activity=#{beforeActivity,jdbcType=INTEGER}
                                     , before_reward=#{beforeReward,jdbcType=INTEGER}
                                     , name_required=#{nameRequired,jdbcType=INTEGER}
                                     , phone_required=#{phoneRequired,jdbcType=INTEGER}
                                     , create_time=#{createTime,jdbcType=TIMESTAMP}
                                     , update_time=#{updateTime,jdbcType=TIMESTAMP}
                     WHERE id = #{id,jdbcType=BIGINT}
    </update>

    <update id="updateByPrimaryKeySelective" parameterType="com.test.domain.ActivityParticipantRule" >
        UPDATE activity_participant_rule
        <set>
            set                                                             <if test="activity_id !=null">
                    activity_id=#{activityId,jdbcType=BIGINT}
                </if>
                                                            <if test="object_type !=null">
                    object_type=#{objectType,jdbcType=INTEGER}
                </if>
                                                            <if test="object_content !=null">
                    object_content=#{objectContent,jdbcType=VARCHAR}
                </if>
                                                            <if test="comment !=null">
                    comment=#{comment,jdbcType=VARCHAR}
                </if>
                                                            <if test="before_activity !=null">
                    before_activity=#{beforeActivity,jdbcType=INTEGER}
                </if>
                                                            <if test="before_reward !=null">
                    before_reward=#{beforeReward,jdbcType=INTEGER}
                </if>
                                                            <if test="name_required !=null">
                    name_required=#{nameRequired,jdbcType=INTEGER}
                </if>
                                                            <if test="phone_required !=null">
                    phone_required=#{phoneRequired,jdbcType=INTEGER}
                </if>
                                                            <if test="create_time !=null">
                    create_time=#{createTime,jdbcType=TIMESTAMP}
                </if>
                                                            <if test="update_time !=null">
                    update_time=#{updateTime,jdbcType=TIMESTAMP}
                </if>
                                    </set>
        where id = #{id,jdbcType=BIGINT}
    </update>

    <select id="get" resultMap="queryResultMap" parameterType="com.test.domain.ActivityParticipantRule">
        SELECT t.*
        FROM activity_participant_rule t
        WHERE id = #{id,jdbcType=BIGINT}
    </select>
    
    <delete id="del" parameterType="com.test.domain.ActivityParticipantRule">
        DELETE FROM activity_participant_rule
        WHERE id = #{id,jdbcType=BIGINT}
    </delete>

</mapper>