<?xml version="1.0" encoding="UTF-8" ?>
<!DOCTYPE  mapper PUBLIC "-//mybatis.org//DTD Mapper 3.0//EN" "http://mybatis.org/dtd/mybatis-3-mapper.dtd" >
<mapper namespace="com.test.dao.ActivityRewardDao">
    <resultMap id="queryResultMap" type="com.test.domain.ActivityReward">
                <result column="id" property="id" jdbcType="BIGINT" />
                <result column="activity_id" property="activityId" jdbcType="BIGINT" />
                <result column="card_template_id" property="cardTemplateId" jdbcType="BIGINT" />
                <result column="degree" property="degree" jdbcType="INTEGER" />
                <result column="count" property="count" jdbcType="INTEGER" />
                <result column="create_time" property="createTime" jdbcType="TIMESTAMP" />
                <result column="update_time" property="updateTime" jdbcType="TIMESTAMP" />
            </resultMap>

    <select id="find" parameterType="org.durcframework.core.expression.ExpressionQuery"
        resultMap="queryResultMap">
        SELECT t.*
        FROM activity_reward t
        <include refid="expressionBlock.where" />
        <choose>
            <when test="sortname == null">
                ORDER BY t.id desc
            </when>
            <otherwise>
                ORDER BY ${order}
            </otherwise>
        </choose>
        <if test="!isQueryAll">
            LIMIT
            #{start,jdbcType=INTEGER},#{limit,jdbcType=INTEGER}
        </if>
    </select>


    <select id="findTotalCount" parameterType="org.durcframework.core.expression.ExpressionQuery"
        resultType="java.lang.Integer">
        SELECT count(*) FROM activity_reward t
        <include refid="expressionBlock.where" />
    </select>

    <insert id="save" parameterType="com.test.domain.ActivityReward"
    keyProperty="id" keyColumn="id" useGeneratedKeys="true"
    >
    INSERT INTO activity_reward
         (
                                                  `activity_id`
                                        , `card_template_id`
                                        , `degree`
                                        , `count`
                                        , `create_time`
                                        , `update_time`
                              )
    VALUES (
                                                  #{activityId,jdbcType=BIGINT}
                                        , #{cardTemplateId,jdbcType=BIGINT}
                                        , #{degree,jdbcType=INTEGER}
                                        , #{count,jdbcType=INTEGER}
                                        , #{createTime,jdbcType=TIMESTAMP}
                                        , #{updateTime,jdbcType=TIMESTAMP}
                     
        )
    </insert>

<insert id="insertBatch" parameterType="java.util.List">
    INSERT INTO activity_reward
        (
                                                                                         `activity_id`
                                                                                    , `card_template_id`
                                                                                    , `degree`
                                                                                    , `count`
                                                                                    , `create_time`
                                                                                    , `update_time`
                                                        )
    VALUES 
        <foreach collection="records" index="index" item="record" separator=",">
            (
                                                                                                                 #{record.activityId,jdbcType=BIGINT}
                                                                                                        , #{record.cardTemplateId,jdbcType=BIGINT}
                                                                                                        , #{record.degree,jdbcType=INTEGER}
                                                                                                        , #{record.count,jdbcType=INTEGER}
                                                                                                        , #{record.createTime,jdbcType=TIMESTAMP}
                                                                                                        , #{record.updateTime,jdbcType=TIMESTAMP}
                                                                        )
        </foreach> 
</insert>

    <update id="update" parameterType="com.test.domain.ActivityReward">
    UPDATE activity_reward
    SET 
                                                 activity_id=#{activityId,jdbcType=BIGINT}
                                     , card_template_id=#{cardTemplateId,jdbcType=BIGINT}
                                     , degree=#{degree,jdbcType=INTEGER}
                                     , count=#{count,jdbcType=INTEGER}
                                     , create_time=#{createTime,jdbcType=TIMESTAMP}
                                     , update_time=#{updateTime,jdbcType=TIMESTAMP}
                     WHERE id = #{id,jdbcType=BIGINT}
    </update>

    <update id="updateByPrimaryKeySelective" parameterType="com.test.domain.ActivityReward" >
        UPDATE activity_reward
        <set>
            set                                                             <if test="activity_id !=null">
                    activity_id=#{activityId,jdbcType=BIGINT}
                </if>
                                                            <if test="card_template_id !=null">
                    card_template_id=#{cardTemplateId,jdbcType=BIGINT}
                </if>
                                                            <if test="degree !=null">
                    degree=#{degree,jdbcType=INTEGER}
                </if>
                                                            <if test="count !=null">
                    count=#{count,jdbcType=INTEGER}
                </if>
                                                            <if test="create_time !=null">
                    create_time=#{createTime,jdbcType=TIMESTAMP}
                </if>
                                                            <if test="update_time !=null">
                    update_time=#{updateTime,jdbcType=TIMESTAMP}
                </if>
                                    </set>
        where id = #{id,jdbcType=BIGINT}
    </update>

    <select id="get" resultMap="queryResultMap" parameterType="com.test.domain.ActivityReward">
        SELECT t.*
        FROM activity_reward t
        WHERE id = #{id,jdbcType=BIGINT}
    </select>
    
    <delete id="del" parameterType="com.test.domain.ActivityReward">
        DELETE FROM activity_reward
        WHERE id = #{id,jdbcType=BIGINT}
    </delete>

</mapper>