<?xml version="1.0" encoding="UTF-8" ?>
<!DOCTYPE  mapper PUBLIC "-//mybatis.org//DTD Mapper 3.0//EN" "http://mybatis.org/dtd/mybatis-3-mapper.dtd" >
<mapper namespace="com.test.dao.ActivityChannelStatisticsDao">
    <resultMap id="queryResultMap" type="com.test.domain.ActivityChannelStatistics">
                <result column="id" property="id" jdbcType="BIGINT" />
                <result column="merchant_id" property="merchantId" jdbcType="BIGINT" />
                <result column="activity_id" property="activityId" jdbcType="BIGINT" />
                <result column="channel" property="channel" jdbcType="INTEGER" />
                <result column="visit_count" property="visitCount" jdbcType="INTEGER" />
                <result column="new_fans" property="newFans" jdbcType="INTEGER" />
                <result column="card_get_count" property="cardGetCount" jdbcType="INTEGER" />
            </resultMap>

    <select id="find" parameterType="org.durcframework.core.expression.ExpressionQuery"
        resultMap="queryResultMap">
        SELECT t.*
        FROM activity_channel_statistics t
        <include refid="expressionBlock.where" />
        <choose>
            <when test="sortname == null">
                ORDER BY t.id desc
            </when>
            <otherwise>
                ORDER BY ${order}
            </otherwise>
        </choose>
        <if test="!isQueryAll">
            LIMIT
            #{start,jdbcType=INTEGER},#{limit,jdbcType=INTEGER}
        </if>
    </select>


    <select id="findTotalCount" parameterType="org.durcframework.core.expression.ExpressionQuery"
        resultType="java.lang.Integer">
        SELECT count(*) FROM activity_channel_statistics t
        <include refid="expressionBlock.where" />
    </select>

    <insert id="save" parameterType="com.test.domain.ActivityChannelStatistics"
    keyProperty="id" keyColumn="id" useGeneratedKeys="true"
    >
    INSERT INTO activity_channel_statistics
         (
                                                  `merchant_id`
                                        , `activity_id`
                                        , `channel`
                                        , `visit_count`
                                        , `new_fans`
                                        , `card_get_count`
                              )
    VALUES (
                                                  #{merchantId,jdbcType=BIGINT}
                                        , #{activityId,jdbcType=BIGINT}
                                        , #{channel,jdbcType=INTEGER}
                                        , #{visitCount,jdbcType=INTEGER}
                                        , #{newFans,jdbcType=INTEGER}
                                        , #{cardGetCount,jdbcType=INTEGER}
                     
        )
    </insert>

<insert id="insertBatch" parameterType="java.util.List">
    INSERT INTO activity_channel_statistics
        (
                                                                                         `merchant_id`
                                                                                    , `activity_id`
                                                                                    , `channel`
                                                                                    , `visit_count`
                                                                                    , `new_fans`
                                                                                    , `card_get_count`
                                                        )
    VALUES 
        <foreach collection="records" index="index" item="record" separator=",">
            (
                                                                                                                 #{record.merchantId,jdbcType=BIGINT}
                                                                                                        , #{record.activityId,jdbcType=BIGINT}
                                                                                                        , #{record.channel,jdbcType=INTEGER}
                                                                                                        , #{record.visitCount,jdbcType=INTEGER}
                                                                                                        , #{record.newFans,jdbcType=INTEGER}
                                                                                                        , #{record.cardGetCount,jdbcType=INTEGER}
                                                                        )
        </foreach> 
</insert>

    <update id="update" parameterType="com.test.domain.ActivityChannelStatistics">
    UPDATE activity_channel_statistics
    SET 
                                                 merchant_id=#{merchantId,jdbcType=BIGINT}
                                     , activity_id=#{activityId,jdbcType=BIGINT}
                                     , channel=#{channel,jdbcType=INTEGER}
                                     , visit_count=#{visitCount,jdbcType=INTEGER}
                                     , new_fans=#{newFans,jdbcType=INTEGER}
                                     , card_get_count=#{cardGetCount,jdbcType=INTEGER}
                     WHERE id = #{id,jdbcType=BIGINT}
    </update>

    <update id="updateByPrimaryKeySelective" parameterType="com.test.domain.ActivityChannelStatistics" >
        UPDATE activity_channel_statistics
        <set>
            set                                                             <if test="merchant_id !=null">
                    merchant_id=#{merchantId,jdbcType=BIGINT}
                </if>
                                                            <if test="activity_id !=null">
                    activity_id=#{activityId,jdbcType=BIGINT}
                </if>
                                                            <if test="channel !=null">
                    channel=#{channel,jdbcType=INTEGER}
                </if>
                                                            <if test="visit_count !=null">
                    visit_count=#{visitCount,jdbcType=INTEGER}
                </if>
                                                            <if test="new_fans !=null">
                    new_fans=#{newFans,jdbcType=INTEGER}
                </if>
                                                            <if test="card_get_count !=null">
                    card_get_count=#{cardGetCount,jdbcType=INTEGER}
                </if>
                                    </set>
        where id = #{id,jdbcType=BIGINT}
    </update>

    <select id="get" resultMap="queryResultMap" parameterType="com.test.domain.ActivityChannelStatistics">
        SELECT t.*
        FROM activity_channel_statistics t
        WHERE id = #{id,jdbcType=BIGINT}
    </select>
    
    <delete id="del" parameterType="com.test.domain.ActivityChannelStatistics">
        DELETE FROM activity_channel_statistics
        WHERE id = #{id,jdbcType=BIGINT}
    </delete>

</mapper>