<?xml version="1.0" encoding="UTF-8" ?>
<!DOCTYPE  mapper PUBLIC "-//mybatis.org//DTD Mapper 3.0//EN" "http://mybatis.org/dtd/mybatis-3-mapper.dtd" >
<mapper namespace="com.test.dao.ActivityCustumerDao">
    <resultMap id="queryResultMap" type="com.test.domain.ActivityCustumer">
                <result column="activity_customer_id" property="activityCustomerId" jdbcType="BIGINT" />
                <result column="merchant_open_id" property="merchantOpenId" jdbcType="BIGINT" />
                <result column="merchant_id" property="merchantId" jdbcType="BIGINT" />
                <result column="merchant_name" property="merchantName" jdbcType="VARCHAR" />
                <result column="name" property="name" jdbcType="VARCHAR" />
                <result column="phone" property="phone" jdbcType="VARCHAR" />
                <result column="source" property="source" jdbcType="VARCHAR" />
                <result column="activity_id" property="activityId" jdbcType="BIGINT" />
                <result column="activity_name" property="activityName" jdbcType="VARCHAR" />
                <result column="open_id" property="openId" jdbcType="VARCHAR" />
                <result column="join_time" property="joinTime" jdbcType="TIMESTAMP" />
                <result column="isfocus" property="isfocus" jdbcType="INTEGER" />
                <result column="nickname" property="nickname" jdbcType="VARCHAR" />
                <result column="sex" property="sex" jdbcType="CHAR" />
                <result column="city" property="city" jdbcType="VARCHAR" />
                <result column="country" property="country" jdbcType="VARCHAR" />
                <result column="province" property="province" jdbcType="VARCHAR" />
                <result column="groups" property="groups" jdbcType="VARCHAR" />
                <result column="comment" property="comment" jdbcType="VARCHAR" />
            </resultMap>

    <select id="find" parameterType="org.durcframework.core.expression.ExpressionQuery"
        resultMap="queryResultMap">
        SELECT t.*
        FROM activity_custumer t
        <include refid="expressionBlock.where" />
        <choose>
            <when test="sortname == null">
                ORDER BY t.activity_customer_id desc
            </when>
            <otherwise>
                ORDER BY ${order}
            </otherwise>
        </choose>
        <if test="!isQueryAll">
            LIMIT
            #{start,jdbcType=INTEGER},#{limit,jdbcType=INTEGER}
        </if>
    </select>


    <select id="findTotalCount" parameterType="org.durcframework.core.expression.ExpressionQuery"
        resultType="java.lang.Integer">
        SELECT count(*) FROM activity_custumer t
        <include refid="expressionBlock.where" />
    </select>

    <insert id="save" parameterType="com.test.domain.ActivityCustumer"
    keyProperty="activityCustomerId" keyColumn="activity_customer_id" useGeneratedKeys="true"
    >
    INSERT INTO activity_custumer
         (
                                                  `merchant_open_id`
                                        , `merchant_id`
                                        , `merchant_name`
                                        , `name`
                                        , `phone`
                                        , `source`
                                        , `activity_id`
                                        , `activity_name`
                                        , `open_id`
                                        , `join_time`
                                        , `isfocus`
                                        , `nickname`
                                        , `sex`
                                        , `city`
                                        , `country`
                                        , `province`
                                        , `groups`
                                        , `comment`
                              )
    VALUES (
                                                  #{merchantOpenId,jdbcType=BIGINT}
                                        , #{merchantId,jdbcType=BIGINT}
                                        , #{merchantName,jdbcType=VARCHAR}
                                        , #{name,jdbcType=VARCHAR}
                                        , #{phone,jdbcType=VARCHAR}
                                        , #{source,jdbcType=VARCHAR}
                                        , #{activityId,jdbcType=BIGINT}
                                        , #{activityName,jdbcType=VARCHAR}
                                        , #{openId,jdbcType=VARCHAR}
                                        , #{joinTime,jdbcType=TIMESTAMP}
                                        , #{isfocus,jdbcType=INTEGER}
                                        , #{nickname,jdbcType=VARCHAR}
                                        , #{sex,jdbcType=CHAR}
                                        , #{city,jdbcType=VARCHAR}
                                        , #{country,jdbcType=VARCHAR}
                                        , #{province,jdbcType=VARCHAR}
                                        , #{groups,jdbcType=VARCHAR}
                                        , #{comment,jdbcType=VARCHAR}
                     
        )
    </insert>

<insert id="insertBatch" parameterType="java.util.List">
    INSERT INTO activity_custumer
        (
                                                                                         `merchant_open_id`
                                                                                    , `merchant_id`
                                                                                    , `merchant_name`
                                                                                    , `name`
                                                                                    , `phone`
                                                                                    , `source`
                                                                                    , `activity_id`
                                                                                    , `activity_name`
                                                                                    , `open_id`
                                                                                    , `join_time`
                                                                                    , `isfocus`
                                                                                    , `nickname`
                                                                                    , `sex`
                                                                                    , `city`
                                                                                    , `country`
                                                                                    , `province`
                                                                                    , `groups`
                                                                                    , `comment`
                                                        )
    VALUES 
        <foreach collection="records" index="index" item="record" separator=",">
            (
                                                                                                                 #{record.merchantOpenId,jdbcType=BIGINT}
                                                                                                        , #{record.merchantId,jdbcType=BIGINT}
                                                                                                        , #{record.merchantName,jdbcType=VARCHAR}
                                                                                                        , #{record.name,jdbcType=VARCHAR}
                                                                                                        , #{record.phone,jdbcType=VARCHAR}
                                                                                                        , #{record.source,jdbcType=VARCHAR}
                                                                                                        , #{record.activityId,jdbcType=BIGINT}
                                                                                                        , #{record.activityName,jdbcType=VARCHAR}
                                                                                                        , #{record.openId,jdbcType=VARCHAR}
                                                                                                        , #{record.joinTime,jdbcType=TIMESTAMP}
                                                                                                        , #{record.isfocus,jdbcType=INTEGER}
                                                                                                        , #{record.nickname,jdbcType=VARCHAR}
                                                                                                        , #{record.sex,jdbcType=CHAR}
                                                                                                        , #{record.city,jdbcType=VARCHAR}
                                                                                                        , #{record.country,jdbcType=VARCHAR}
                                                                                                        , #{record.province,jdbcType=VARCHAR}
                                                                                                        , #{record.groups,jdbcType=VARCHAR}
                                                                                                        , #{record.comment,jdbcType=VARCHAR}
                                                                        )
        </foreach> 
</insert>

    <update id="update" parameterType="com.test.domain.ActivityCustumer">
    UPDATE activity_custumer
    SET 
                                                 merchant_open_id=#{merchantOpenId,jdbcType=BIGINT}
                                     , merchant_id=#{merchantId,jdbcType=BIGINT}
                                     , merchant_name=#{merchantName,jdbcType=VARCHAR}
                                     , name=#{name,jdbcType=VARCHAR}
                                     , phone=#{phone,jdbcType=VARCHAR}
                                     , source=#{source,jdbcType=VARCHAR}
                                     , activity_id=#{activityId,jdbcType=BIGINT}
                                     , activity_name=#{activityName,jdbcType=VARCHAR}
                                     , open_id=#{openId,jdbcType=VARCHAR}
                                     , join_time=#{joinTime,jdbcType=TIMESTAMP}
                                     , isfocus=#{isfocus,jdbcType=INTEGER}
                                     , nickname=#{nickname,jdbcType=VARCHAR}
                                     , sex=#{sex,jdbcType=CHAR}
                                     , city=#{city,jdbcType=VARCHAR}
                                     , country=#{country,jdbcType=VARCHAR}
                                     , province=#{province,jdbcType=VARCHAR}
                                     , groups=#{groups,jdbcType=VARCHAR}
                                     , comment=#{comment,jdbcType=VARCHAR}
                     WHERE activity_customer_id = #{activityCustomerId,jdbcType=BIGINT}
    </update>

    <update id="updateByPrimaryKeySelective" parameterType="com.test.domain.ActivityCustumer" >
        UPDATE activity_custumer
        <set>
            set                                                             <if test="merchant_open_id !=null">
                    merchant_open_id=#{merchantOpenId,jdbcType=BIGINT}
                </if>
                                                            <if test="merchant_id !=null">
                    merchant_id=#{merchantId,jdbcType=BIGINT}
                </if>
                                                            <if test="merchant_name !=null">
                    merchant_name=#{merchantName,jdbcType=VARCHAR}
                </if>
                                                            <if test="name !=null">
                    name=#{name,jdbcType=VARCHAR}
                </if>
                                                            <if test="phone !=null">
                    phone=#{phone,jdbcType=VARCHAR}
                </if>
                                                            <if test="source !=null">
                    source=#{source,jdbcType=VARCHAR}
                </if>
                                                            <if test="activity_id !=null">
                    activity_id=#{activityId,jdbcType=BIGINT}
                </if>
                                                            <if test="activity_name !=null">
                    activity_name=#{activityName,jdbcType=VARCHAR}
                </if>
                                                            <if test="open_id !=null">
                    open_id=#{openId,jdbcType=VARCHAR}
                </if>
                                                            <if test="join_time !=null">
                    join_time=#{joinTime,jdbcType=TIMESTAMP}
                </if>
                                                            <if test="isfocus !=null">
                    isfocus=#{isfocus,jdbcType=INTEGER}
                </if>
                                                            <if test="nickname !=null">
                    nickname=#{nickname,jdbcType=VARCHAR}
                </if>
                                                            <if test="sex !=null">
                    sex=#{sex,jdbcType=CHAR}
                </if>
                                                            <if test="city !=null">
                    city=#{city,jdbcType=VARCHAR}
                </if>
                                                            <if test="country !=null">
                    country=#{country,jdbcType=VARCHAR}
                </if>
                                                            <if test="province !=null">
                    province=#{province,jdbcType=VARCHAR}
                </if>
                                                            <if test="groups !=null">
                    groups=#{groups,jdbcType=VARCHAR}
                </if>
                                                            <if test="comment !=null">
                    comment=#{comment,jdbcType=VARCHAR}
                </if>
                                    </set>
        where activity_customer_id = #{activityCustomerId,jdbcType=BIGINT}
    </update>

    <select id="get" resultMap="queryResultMap" parameterType="com.test.domain.ActivityCustumer">
        SELECT t.*
        FROM activity_custumer t
        WHERE activity_customer_id = #{activityCustomerId,jdbcType=BIGINT}
    </select>
    
    <delete id="del" parameterType="com.test.domain.ActivityCustumer">
        DELETE FROM activity_custumer
        WHERE activity_customer_id = #{activityCustomerId,jdbcType=BIGINT}
    </delete>

</mapper>