<?xml version="1.0" encoding="UTF-8" ?>
<!DOCTYPE  mapper PUBLIC "-//mybatis.org//DTD Mapper 3.0//EN" "http://mybatis.org/dtd/mybatis-3-mapper.dtd" >
<mapper namespace="com.test.dao.AuthorityMenuRelationDao">
    <resultMap id="queryResultMap" type="com.test.domain.AuthorityMenuRelation">
                <result column="authority" property="authority" jdbcType="BIGINT" />
                <result column="menuId" property="menuId" jdbcType="BIGINT" />
            </resultMap>

    <select id="find" parameterType="org.durcframework.core.expression.ExpressionQuery"
        resultMap="queryResultMap">
        SELECT t.*
        FROM authority_menu_relation t
        <include refid="expressionBlock.where" />
        <choose>
            <when test="sortname == null">
                ORDER BY t.authority desc
            </when>
            <otherwise>
                ORDER BY ${order}
            </otherwise>
        </choose>
        <if test="!isQueryAll">
            LIMIT
            #{start,jdbcType=INTEGER},#{limit,jdbcType=INTEGER}
        </if>
    </select>


    <select id="findTotalCount" parameterType="org.durcframework.core.expression.ExpressionQuery"
        resultType="java.lang.Integer">
        SELECT count(*) FROM authority_menu_relation t
        <include refid="expressionBlock.where" />
    </select>

    <insert id="save" parameterType="com.test.domain.AuthorityMenuRelation"
    >
    INSERT INTO authority_menu_relation
         (
                              `authority`
                                        , `menuId`
                              )
    VALUES (
                              #{authority,jdbcType=BIGINT}
                                        , #{menuId,jdbcType=BIGINT}
                     
        )
    </insert>

<insert id="insertBatch" parameterType="java.util.List">
    INSERT INTO authority_menu_relation
        (
                                                             `authority`
                                                                                    , `menuId`
                                                        )
    VALUES 
        <foreach collection="records" index="index" item="record" separator=",">
            (
                                                                             #{record.authority,jdbcType=BIGINT}
                                                                                                        , #{record.menuId,jdbcType=BIGINT}
                                                                        )
        </foreach> 
</insert>

    <update id="update" parameterType="com.test.domain.AuthorityMenuRelation">
    UPDATE authority_menu_relation
    SET 
                                                    WHERE authority = #{authority,jdbcType=BIGINT}
    </update>

    <update id="updateByPrimaryKeySelective" parameterType="com.test.domain.AuthorityMenuRelation" >
        UPDATE authority_menu_relation
        <set>
            set                                                                 </set>
        where authority = #{authority,jdbcType=BIGINT}
    </update>

    <select id="get" resultMap="queryResultMap" parameterType="com.test.domain.AuthorityMenuRelation">
        SELECT t.*
        FROM authority_menu_relation t
        WHERE authority = #{authority,jdbcType=BIGINT}
    </select>
    
    <delete id="del" parameterType="com.test.domain.AuthorityMenuRelation">
        DELETE FROM authority_menu_relation
        WHERE authority = #{authority,jdbcType=BIGINT}
    </delete>

</mapper>