<?xml version="1.0" encoding="UTF-8" ?>
<!DOCTYPE  mapper PUBLIC "-//mybatis.org//DTD Mapper 3.0//EN" "http://mybatis.org/dtd/mybatis-3-mapper.dtd" >
<mapper namespace="com.test.dao.CcMarketingSceneHeaderDao">
    <resultMap id="queryResultMap" type="com.test.domain.CcMarketingSceneHeader">
                <result column="scene_id" property="sceneId" jdbcType="BIGINT" />
                <result column="name" property="name" jdbcType="VARCHAR" />
                <result column="type" property="type" jdbcType="INTEGER" />
                <result column="count" property="count" jdbcType="BIGINT" />
                <result column="status" property="status" jdbcType="INTEGER" />
                <result column="image" property="image" jdbcType="VARCHAR" />
                <result column="create_time" property="createTime" jdbcType="TIMESTAMP" />
                <result column="update_time" property="updateTime" jdbcType="TIMESTAMP" />
                <result column="version" property="version" jdbcType="BIGINT" />
            </resultMap>

    <select id="find" parameterType="org.durcframework.core.expression.ExpressionQuery"
        resultMap="queryResultMap">
        SELECT t.*
        FROM cc_marketing_scene_header t
        <include refid="expressionBlock.where" />
        <choose>
            <when test="sortname == null">
                ORDER BY t.scene_id desc
            </when>
            <otherwise>
                ORDER BY ${order}
            </otherwise>
        </choose>
        <if test="!isQueryAll">
            LIMIT
            #{start,jdbcType=INTEGER},#{limit,jdbcType=INTEGER}
        </if>
    </select>


    <select id="findTotalCount" parameterType="org.durcframework.core.expression.ExpressionQuery"
        resultType="java.lang.Integer">
        SELECT count(*) FROM cc_marketing_scene_header t
        <include refid="expressionBlock.where" />
    </select>

    <insert id="save" parameterType="com.test.domain.CcMarketingSceneHeader"
    keyProperty="sceneId" keyColumn="scene_id" useGeneratedKeys="true"
    >
    INSERT INTO cc_marketing_scene_header
         (
                                                  `name`
                                        , `type`
                                        , `count`
                                        , `status`
                                        , `image`
                                        , `create_time`
                                        , `update_time`
                                        , `version`
                              )
    VALUES (
                                                  #{name,jdbcType=VARCHAR}
                                        , #{type,jdbcType=INTEGER}
                                        , #{count,jdbcType=BIGINT}
                                        , #{status,jdbcType=INTEGER}
                                        , #{image,jdbcType=VARCHAR}
                                        , #{createTime,jdbcType=TIMESTAMP}
                                        , #{updateTime,jdbcType=TIMESTAMP}
                                        , #{version,jdbcType=BIGINT}
                     
        )
    </insert>

<insert id="insertBatch" parameterType="java.util.List">
    INSERT INTO cc_marketing_scene_header
        (
                                                                                         `name`
                                                                                    , `type`
                                                                                    , `count`
                                                                                    , `status`
                                                                                    , `image`
                                                                                    , `create_time`
                                                                                    , `update_time`
                                                                                    , `version`
                                                        )
    VALUES 
        <foreach collection="records" index="index" item="record" separator=",">
            (
                                                                                                                 #{record.name,jdbcType=VARCHAR}
                                                                                                        , #{record.type,jdbcType=INTEGER}
                                                                                                        , #{record.count,jdbcType=BIGINT}
                                                                                                        , #{record.status,jdbcType=INTEGER}
                                                                                                        , #{record.image,jdbcType=VARCHAR}
                                                                                                        , #{record.createTime,jdbcType=TIMESTAMP}
                                                                                                        , #{record.updateTime,jdbcType=TIMESTAMP}
                                                                                                        , #{record.version,jdbcType=BIGINT}
                                                                        )
        </foreach> 
</insert>

    <update id="update" parameterType="com.test.domain.CcMarketingSceneHeader">
    UPDATE cc_marketing_scene_header
    SET 
                                                 name=#{name,jdbcType=VARCHAR}
                                     , type=#{type,jdbcType=INTEGER}
                                     , count=#{count,jdbcType=BIGINT}
                                     , status=#{status,jdbcType=INTEGER}
                                     , image=#{image,jdbcType=VARCHAR}
                                     , create_time=#{createTime,jdbcType=TIMESTAMP}
                                     , update_time=#{updateTime,jdbcType=TIMESTAMP}
                                     , version=#{version,jdbcType=BIGINT}
                     WHERE scene_id = #{sceneId,jdbcType=BIGINT}
    </update>

    <update id="updateByPrimaryKeySelective" parameterType="com.test.domain.CcMarketingSceneHeader" >
        UPDATE cc_marketing_scene_header
        <set>
            set                                                             <if test="name !=null">
                    name=#{name,jdbcType=VARCHAR}
                </if>
                                                            <if test="type !=null">
                    type=#{type,jdbcType=INTEGER}
                </if>
                                                            <if test="count !=null">
                    count=#{count,jdbcType=BIGINT}
                </if>
                                                            <if test="status !=null">
                    status=#{status,jdbcType=INTEGER}
                </if>
                                                            <if test="image !=null">
                    image=#{image,jdbcType=VARCHAR}
                </if>
                                                            <if test="create_time !=null">
                    create_time=#{createTime,jdbcType=TIMESTAMP}
                </if>
                                                            <if test="update_time !=null">
                    update_time=#{updateTime,jdbcType=TIMESTAMP}
                </if>
                                                            <if test="version !=null">
                    version=#{version,jdbcType=BIGINT}
                </if>
                                    </set>
        where scene_id = #{sceneId,jdbcType=BIGINT}
    </update>

    <select id="get" resultMap="queryResultMap" parameterType="com.test.domain.CcMarketingSceneHeader">
        SELECT t.*
        FROM cc_marketing_scene_header t
        WHERE scene_id = #{sceneId,jdbcType=BIGINT}
    </select>
    
    <delete id="del" parameterType="com.test.domain.CcMarketingSceneHeader">
        DELETE FROM cc_marketing_scene_header
        WHERE scene_id = #{sceneId,jdbcType=BIGINT}
    </delete>

</mapper>