<?xml version="1.0" encoding="UTF-8" ?>
<!DOCTYPE  mapper PUBLIC "-//mybatis.org//DTD Mapper 3.0//EN" "http://mybatis.org/dtd/mybatis-3-mapper.dtd" >
<mapper namespace="com.test.dao.CcMarketingActivityDao">
    <resultMap id="queryResultMap" type="com.test.domain.CcMarketingActivity">
                <result column="activity_id" property="activityId" jdbcType="BIGINT" />
                <result column="merchant_id" property="merchantId" jdbcType="BIGINT" />
                <result column="scene_id" property="sceneId" jdbcType="BIGINT" />
                <result column="name" property="name" jdbcType="VARCHAR" />
                <result column="start_date" property="startDate" jdbcType="TIMESTAMP" />
                <result column="exp_date" property="expDate" jdbcType="TIMESTAMP" />
                <result column="status" property="status" jdbcType="INTEGER" />
                <result column="user_type" property="userType" jdbcType="INTEGER" />
                <result column="user_addition_info" property="userAdditionInfo" jdbcType="VARCHAR" />
                <result column="create_time" property="createTime" jdbcType="TIMESTAMP" />
                <result column="update_time" property="updateTime" jdbcType="TIMESTAMP" />
                <result column="version" property="version" jdbcType="BIGINT" />
            </resultMap>

    <select id="find" parameterType="org.durcframework.core.expression.ExpressionQuery"
        resultMap="queryResultMap">
        SELECT t.*
        FROM cc_marketing_activity t
        <include refid="expressionBlock.where" />
        <choose>
            <when test="sortname == null">
                ORDER BY t.activity_id desc
            </when>
            <otherwise>
                ORDER BY ${order}
            </otherwise>
        </choose>
        <if test="!isQueryAll">
            LIMIT
            #{start,jdbcType=INTEGER},#{limit,jdbcType=INTEGER}
        </if>
    </select>


    <select id="findTotalCount" parameterType="org.durcframework.core.expression.ExpressionQuery"
        resultType="java.lang.Integer">
        SELECT count(*) FROM cc_marketing_activity t
        <include refid="expressionBlock.where" />
    </select>

    <insert id="save" parameterType="com.test.domain.CcMarketingActivity"
    keyProperty="activityId" keyColumn="activity_id" useGeneratedKeys="true"
    >
    INSERT INTO cc_marketing_activity
         (
                                                  `merchant_id`
                                        , `scene_id`
                                        , `name`
                                        , `start_date`
                                        , `exp_date`
                                        , `status`
                                        , `user_type`
                                        , `user_addition_info`
                                        , `create_time`
                                        , `update_time`
                                        , `version`
                              )
    VALUES (
                                                  #{merchantId,jdbcType=BIGINT}
                                        , #{sceneId,jdbcType=BIGINT}
                                        , #{name,jdbcType=VARCHAR}
                                        , #{startDate,jdbcType=TIMESTAMP}
                                        , #{expDate,jdbcType=TIMESTAMP}
                                        , #{status,jdbcType=INTEGER}
                                        , #{userType,jdbcType=INTEGER}
                                        , #{userAdditionInfo,jdbcType=VARCHAR}
                                        , #{createTime,jdbcType=TIMESTAMP}
                                        , #{updateTime,jdbcType=TIMESTAMP}
                                        , #{version,jdbcType=BIGINT}
                     
        )
    </insert>

<insert id="insertBatch" parameterType="java.util.List">
    INSERT INTO cc_marketing_activity
        (
                                                                                         `merchant_id`
                                                                                    , `scene_id`
                                                                                    , `name`
                                                                                    , `start_date`
                                                                                    , `exp_date`
                                                                                    , `status`
                                                                                    , `user_type`
                                                                                    , `user_addition_info`
                                                                                    , `create_time`
                                                                                    , `update_time`
                                                                                    , `version`
                                                        )
    VALUES 
        <foreach collection="records" index="index" item="record" separator=",">
            (
                                                                                                                 #{record.merchantId,jdbcType=BIGINT}
                                                                                                        , #{record.sceneId,jdbcType=BIGINT}
                                                                                                        , #{record.name,jdbcType=VARCHAR}
                                                                                                        , #{record.startDate,jdbcType=TIMESTAMP}
                                                                                                        , #{record.expDate,jdbcType=TIMESTAMP}
                                                                                                        , #{record.status,jdbcType=INTEGER}
                                                                                                        , #{record.userType,jdbcType=INTEGER}
                                                                                                        , #{record.userAdditionInfo,jdbcType=VARCHAR}
                                                                                                        , #{record.createTime,jdbcType=TIMESTAMP}
                                                                                                        , #{record.updateTime,jdbcType=TIMESTAMP}
                                                                                                        , #{record.version,jdbcType=BIGINT}
                                                                        )
        </foreach> 
</insert>

    <update id="update" parameterType="com.test.domain.CcMarketingActivity">
    UPDATE cc_marketing_activity
    SET 
                                                 merchant_id=#{merchantId,jdbcType=BIGINT}
                                     , scene_id=#{sceneId,jdbcType=BIGINT}
                                     , name=#{name,jdbcType=VARCHAR}
                                     , start_date=#{startDate,jdbcType=TIMESTAMP}
                                     , exp_date=#{expDate,jdbcType=TIMESTAMP}
                                     , status=#{status,jdbcType=INTEGER}
                                     , user_type=#{userType,jdbcType=INTEGER}
                                     , user_addition_info=#{userAdditionInfo,jdbcType=VARCHAR}
                                     , create_time=#{createTime,jdbcType=TIMESTAMP}
                                     , update_time=#{updateTime,jdbcType=TIMESTAMP}
                                     , version=#{version,jdbcType=BIGINT}
                     WHERE activity_id = #{activityId,jdbcType=BIGINT}
    </update>

    <update id="updateByPrimaryKeySelective" parameterType="com.test.domain.CcMarketingActivity" >
        UPDATE cc_marketing_activity
        <set>
            set                                                             <if test="merchant_id !=null">
                    merchant_id=#{merchantId,jdbcType=BIGINT}
                </if>
                                                            <if test="scene_id !=null">
                    scene_id=#{sceneId,jdbcType=BIGINT}
                </if>
                                                            <if test="name !=null">
                    name=#{name,jdbcType=VARCHAR}
                </if>
                                                            <if test="start_date !=null">
                    start_date=#{startDate,jdbcType=TIMESTAMP}
                </if>
                                                            <if test="exp_date !=null">
                    exp_date=#{expDate,jdbcType=TIMESTAMP}
                </if>
                                                            <if test="status !=null">
                    status=#{status,jdbcType=INTEGER}
                </if>
                                                            <if test="user_type !=null">
                    user_type=#{userType,jdbcType=INTEGER}
                </if>
                                                            <if test="user_addition_info !=null">
                    user_addition_info=#{userAdditionInfo,jdbcType=VARCHAR}
                </if>
                                                            <if test="create_time !=null">
                    create_time=#{createTime,jdbcType=TIMESTAMP}
                </if>
                                                            <if test="update_time !=null">
                    update_time=#{updateTime,jdbcType=TIMESTAMP}
                </if>
                                                            <if test="version !=null">
                    version=#{version,jdbcType=BIGINT}
                </if>
                                    </set>
        where activity_id = #{activityId,jdbcType=BIGINT}
    </update>

    <select id="get" resultMap="queryResultMap" parameterType="com.test.domain.CcMarketingActivity">
        SELECT t.*
        FROM cc_marketing_activity t
        WHERE activity_id = #{activityId,jdbcType=BIGINT}
    </select>
    
    <delete id="del" parameterType="com.test.domain.CcMarketingActivity">
        DELETE FROM cc_marketing_activity
        WHERE activity_id = #{activityId,jdbcType=BIGINT}
    </delete>

</mapper>