<?xml version="1.0" encoding="UTF-8" ?>
<!DOCTYPE  mapper PUBLIC "-//mybatis.org//DTD Mapper 3.0//EN" "http://mybatis.org/dtd/mybatis-3-mapper.dtd" >
<mapper namespace="com.test.dao.CcMarketingSceneContentDao">
    <resultMap id="queryResultMap" type="com.test.domain.CcMarketingSceneContent">
                <result column="content_id" property="contentId" jdbcType="BIGINT" />
                <result column="scene_id" property="sceneId" jdbcType="BIGINT" />
                <result column="key_name" property="keyName" jdbcType="VARCHAR" />
                <result column="value" property="value" jdbcType="VARCHAR" />
                <result column="create_time" property="createTime" jdbcType="TIMESTAMP" />
                <result column="update_time" property="updateTime" jdbcType="TIMESTAMP" />
                <result column="version" property="version" jdbcType="BIGINT" />
            </resultMap>

    <select id="find" parameterType="org.durcframework.core.expression.ExpressionQuery"
        resultMap="queryResultMap">
        SELECT t.*
        FROM cc_marketing_scene_content t
        <include refid="expressionBlock.where" />
        <choose>
            <when test="sortname == null">
                ORDER BY t.content_id desc
            </when>
            <otherwise>
                ORDER BY ${order}
            </otherwise>
        </choose>
        <if test="!isQueryAll">
            LIMIT
            #{start,jdbcType=INTEGER},#{limit,jdbcType=INTEGER}
        </if>
    </select>


    <select id="findTotalCount" parameterType="org.durcframework.core.expression.ExpressionQuery"
        resultType="java.lang.Integer">
        SELECT count(*) FROM cc_marketing_scene_content t
        <include refid="expressionBlock.where" />
    </select>

    <insert id="save" parameterType="com.test.domain.CcMarketingSceneContent"
    keyProperty="contentId" keyColumn="content_id" useGeneratedKeys="true"
    >
    INSERT INTO cc_marketing_scene_content
         (
                                                  `scene_id`
                                        , `key_name`
                                        , `value`
                                        , `create_time`
                                        , `update_time`
                                        , `version`
                              )
    VALUES (
                                                  #{sceneId,jdbcType=BIGINT}
                                        , #{keyName,jdbcType=VARCHAR}
                                        , #{value,jdbcType=VARCHAR}
                                        , #{createTime,jdbcType=TIMESTAMP}
                                        , #{updateTime,jdbcType=TIMESTAMP}
                                        , #{version,jdbcType=BIGINT}
                     
        )
    </insert>

<insert id="insertBatch" parameterType="java.util.List">
    INSERT INTO cc_marketing_scene_content
        (
                                                                                         `scene_id`
                                                                                    , `key_name`
                                                                                    , `value`
                                                                                    , `create_time`
                                                                                    , `update_time`
                                                                                    , `version`
                                                        )
    VALUES 
        <foreach collection="records" index="index" item="record" separator=",">
            (
                                                                                                                 #{record.sceneId,jdbcType=BIGINT}
                                                                                                        , #{record.keyName,jdbcType=VARCHAR}
                                                                                                        , #{record.value,jdbcType=VARCHAR}
                                                                                                        , #{record.createTime,jdbcType=TIMESTAMP}
                                                                                                        , #{record.updateTime,jdbcType=TIMESTAMP}
                                                                                                        , #{record.version,jdbcType=BIGINT}
                                                                        )
        </foreach> 
</insert>

    <update id="update" parameterType="com.test.domain.CcMarketingSceneContent">
    UPDATE cc_marketing_scene_content
    SET 
                                                 scene_id=#{sceneId,jdbcType=BIGINT}
                                     , key_name=#{keyName,jdbcType=VARCHAR}
                                     , value=#{value,jdbcType=VARCHAR}
                                     , create_time=#{createTime,jdbcType=TIMESTAMP}
                                     , update_time=#{updateTime,jdbcType=TIMESTAMP}
                                     , version=#{version,jdbcType=BIGINT}
                     WHERE content_id = #{contentId,jdbcType=BIGINT}
    </update>

    <update id="updateByPrimaryKeySelective" parameterType="com.test.domain.CcMarketingSceneContent" >
        UPDATE cc_marketing_scene_content
        <set>
            set                                                             <if test="scene_id !=null">
                    scene_id=#{sceneId,jdbcType=BIGINT}
                </if>
                                                            <if test="key_name !=null">
                    key_name=#{keyName,jdbcType=VARCHAR}
                </if>
                                                            <if test="value !=null">
                    value=#{value,jdbcType=VARCHAR}
                </if>
                                                            <if test="create_time !=null">
                    create_time=#{createTime,jdbcType=TIMESTAMP}
                </if>
                                                            <if test="update_time !=null">
                    update_time=#{updateTime,jdbcType=TIMESTAMP}
                </if>
                                                            <if test="version !=null">
                    version=#{version,jdbcType=BIGINT}
                </if>
                                    </set>
        where content_id = #{contentId,jdbcType=BIGINT}
    </update>

    <select id="get" resultMap="queryResultMap" parameterType="com.test.domain.CcMarketingSceneContent">
        SELECT t.*
        FROM cc_marketing_scene_content t
        WHERE content_id = #{contentId,jdbcType=BIGINT}
    </select>
    
    <delete id="del" parameterType="com.test.domain.CcMarketingSceneContent">
        DELETE FROM cc_marketing_scene_content
        WHERE content_id = #{contentId,jdbcType=BIGINT}
    </delete>

</mapper>