<?xml version="1.0" encoding="UTF-8" ?>
<!DOCTYPE  mapper PUBLIC "-//mybatis.org//DTD Mapper 3.0//EN" "http://mybatis.org/dtd/mybatis-3-mapper.dtd" >
<mapper namespace="com.test.dao.CcMarketingActivityRuleDao">
    <resultMap id="queryResultMap" type="com.test.domain.CcMarketingActivityRule">
                <result column="rule_id" property="ruleId" jdbcType="BIGINT" />
                <result column="merchant_id" property="merchantId" jdbcType="BIGINT" />
                <result column="activity_id" property="activityId" jdbcType="BIGINT" />
                <result column="condition_amt" property="conditionAmt" jdbcType="VARCHAR" />
                <result column="card_template_id" property="cardTemplateId" jdbcType="BIGINT" />
                <result column="deleted" property="deleted" jdbcType="INTEGER" />
                <result column="create_time" property="createTime" jdbcType="TIMESTAMP" />
                <result column="update_time" property="updateTime" jdbcType="TIMESTAMP" />
                <result column="version" property="version" jdbcType="BIGINT" />
            </resultMap>

    <select id="find" parameterType="org.durcframework.core.expression.ExpressionQuery"
        resultMap="queryResultMap">
        SELECT t.*
        FROM cc_marketing_activity_rule t
        <include refid="expressionBlock.where" />
        <choose>
            <when test="sortname == null">
                ORDER BY t.rule_id desc
            </when>
            <otherwise>
                ORDER BY ${order}
            </otherwise>
        </choose>
        <if test="!isQueryAll">
            LIMIT
            #{start,jdbcType=INTEGER},#{limit,jdbcType=INTEGER}
        </if>
    </select>


    <select id="findTotalCount" parameterType="org.durcframework.core.expression.ExpressionQuery"
        resultType="java.lang.Integer">
        SELECT count(*) FROM cc_marketing_activity_rule t
        <include refid="expressionBlock.where" />
    </select>

    <insert id="save" parameterType="com.test.domain.CcMarketingActivityRule"
    keyProperty="ruleId" keyColumn="rule_id" useGeneratedKeys="true"
    >
    INSERT INTO cc_marketing_activity_rule
         (
                                                  `merchant_id`
                                        , `activity_id`
                                        , `condition_amt`
                                        , `card_template_id`
                                        , `deleted`
                                        , `create_time`
                                        , `update_time`
                                        , `version`
                              )
    VALUES (
                                                  #{merchantId,jdbcType=BIGINT}
                                        , #{activityId,jdbcType=BIGINT}
                                        , #{conditionAmt,jdbcType=VARCHAR}
                                        , #{cardTemplateId,jdbcType=BIGINT}
                                        , #{deleted,jdbcType=INTEGER}
                                        , #{createTime,jdbcType=TIMESTAMP}
                                        , #{updateTime,jdbcType=TIMESTAMP}
                                        , #{version,jdbcType=BIGINT}
                     
        )
    </insert>

<insert id="insertBatch" parameterType="java.util.List">
    INSERT INTO cc_marketing_activity_rule
        (
                                                                                         `merchant_id`
                                                                                    , `activity_id`
                                                                                    , `condition_amt`
                                                                                    , `card_template_id`
                                                                                    , `deleted`
                                                                                    , `create_time`
                                                                                    , `update_time`
                                                                                    , `version`
                                                        )
    VALUES 
        <foreach collection="records" index="index" item="record" separator=",">
            (
                                                                                                                 #{record.merchantId,jdbcType=BIGINT}
                                                                                                        , #{record.activityId,jdbcType=BIGINT}
                                                                                                        , #{record.conditionAmt,jdbcType=VARCHAR}
                                                                                                        , #{record.cardTemplateId,jdbcType=BIGINT}
                                                                                                        , #{record.deleted,jdbcType=INTEGER}
                                                                                                        , #{record.createTime,jdbcType=TIMESTAMP}
                                                                                                        , #{record.updateTime,jdbcType=TIMESTAMP}
                                                                                                        , #{record.version,jdbcType=BIGINT}
                                                                        )
        </foreach> 
</insert>

    <update id="update" parameterType="com.test.domain.CcMarketingActivityRule">
    UPDATE cc_marketing_activity_rule
    SET 
                                                 merchant_id=#{merchantId,jdbcType=BIGINT}
                                     , activity_id=#{activityId,jdbcType=BIGINT}
                                     , condition_amt=#{conditionAmt,jdbcType=VARCHAR}
                                     , card_template_id=#{cardTemplateId,jdbcType=BIGINT}
                                     , deleted=#{deleted,jdbcType=INTEGER}
                                     , create_time=#{createTime,jdbcType=TIMESTAMP}
                                     , update_time=#{updateTime,jdbcType=TIMESTAMP}
                                     , version=#{version,jdbcType=BIGINT}
                     WHERE rule_id = #{ruleId,jdbcType=BIGINT}
    </update>

    <update id="updateByPrimaryKeySelective" parameterType="com.test.domain.CcMarketingActivityRule" >
        UPDATE cc_marketing_activity_rule
        <set>
            set                                                             <if test="merchant_id !=null">
                    merchant_id=#{merchantId,jdbcType=BIGINT}
                </if>
                                                            <if test="activity_id !=null">
                    activity_id=#{activityId,jdbcType=BIGINT}
                </if>
                                                            <if test="condition_amt !=null">
                    condition_amt=#{conditionAmt,jdbcType=VARCHAR}
                </if>
                                                            <if test="card_template_id !=null">
                    card_template_id=#{cardTemplateId,jdbcType=BIGINT}
                </if>
                                                            <if test="deleted !=null">
                    deleted=#{deleted,jdbcType=INTEGER}
                </if>
                                                            <if test="create_time !=null">
                    create_time=#{createTime,jdbcType=TIMESTAMP}
                </if>
                                                            <if test="update_time !=null">
                    update_time=#{updateTime,jdbcType=TIMESTAMP}
                </if>
                                                            <if test="version !=null">
                    version=#{version,jdbcType=BIGINT}
                </if>
                                    </set>
        where rule_id = #{ruleId,jdbcType=BIGINT}
    </update>

    <select id="get" resultMap="queryResultMap" parameterType="com.test.domain.CcMarketingActivityRule">
        SELECT t.*
        FROM cc_marketing_activity_rule t
        WHERE rule_id = #{ruleId,jdbcType=BIGINT}
    </select>
    
    <delete id="del" parameterType="com.test.domain.CcMarketingActivityRule">
        DELETE FROM cc_marketing_activity_rule
        WHERE rule_id = #{ruleId,jdbcType=BIGINT}
    </delete>

</mapper>