<?xml version="1.0" encoding="UTF-8" ?>
<!DOCTYPE  mapper PUBLIC "-//mybatis.org//DTD Mapper 3.0//EN" "http://mybatis.org/dtd/mybatis-3-mapper.dtd" >
<mapper namespace="com.test.dao.DatadicItemsDao">
    <resultMap id="queryResultMap" type="com.test.domain.DatadicItems">
                <result column="id" property="id" jdbcType="BIGINT" />
                <result column="dataitem_code" property="dataitemCode" jdbcType="INTEGER" />
                <result column="dataitem_name" property="dataitemName" jdbcType="VARCHAR" />
                <result column="group_code" property="groupCode" jdbcType="INTEGER" />
                <result column="parent_id" property="parentId" jdbcType="BIGINT" />
                <result column="status" property="status" jdbcType="INTEGER" />
            </resultMap>

    <select id="find" parameterType="org.durcframework.core.expression.ExpressionQuery"
        resultMap="queryResultMap">
        SELECT t.*
        FROM datadic_items t
        <include refid="expressionBlock.where" />
        <choose>
            <when test="sortname == null">
                ORDER BY t.id desc
            </when>
            <otherwise>
                ORDER BY ${order}
            </otherwise>
        </choose>
        <if test="!isQueryAll">
            LIMIT
            #{start,jdbcType=INTEGER},#{limit,jdbcType=INTEGER}
        </if>
    </select>


    <select id="findTotalCount" parameterType="org.durcframework.core.expression.ExpressionQuery"
        resultType="java.lang.Integer">
        SELECT count(*) FROM datadic_items t
        <include refid="expressionBlock.where" />
    </select>

    <insert id="save" parameterType="com.test.domain.DatadicItems"
    keyProperty="id" keyColumn="id" useGeneratedKeys="true"
    >
    INSERT INTO datadic_items
         (
                                                  `dataitem_code`
                                        , `dataitem_name`
                                        , `group_code`
                                        , `parent_id`
                                        , `status`
                              )
    VALUES (
                                                  #{dataitemCode,jdbcType=INTEGER}
                                        , #{dataitemName,jdbcType=VARCHAR}
                                        , #{groupCode,jdbcType=INTEGER}
                                        , #{parentId,jdbcType=BIGINT}
                                        , #{status,jdbcType=INTEGER}
                     
        )
    </insert>

<insert id="insertBatch" parameterType="java.util.List">
    INSERT INTO datadic_items
        (
                                                                                         `dataitem_code`
                                                                                    , `dataitem_name`
                                                                                    , `group_code`
                                                                                    , `parent_id`
                                                                                    , `status`
                                                        )
    VALUES 
        <foreach collection="records" index="index" item="record" separator=",">
            (
                                                                                                                 #{record.dataitemCode,jdbcType=INTEGER}
                                                                                                        , #{record.dataitemName,jdbcType=VARCHAR}
                                                                                                        , #{record.groupCode,jdbcType=INTEGER}
                                                                                                        , #{record.parentId,jdbcType=BIGINT}
                                                                                                        , #{record.status,jdbcType=INTEGER}
                                                                        )
        </foreach> 
</insert>

    <update id="update" parameterType="com.test.domain.DatadicItems">
    UPDATE datadic_items
    SET 
                                                 dataitem_code=#{dataitemCode,jdbcType=INTEGER}
                                     , dataitem_name=#{dataitemName,jdbcType=VARCHAR}
                                     , group_code=#{groupCode,jdbcType=INTEGER}
                                     , parent_id=#{parentId,jdbcType=BIGINT}
                                     , status=#{status,jdbcType=INTEGER}
                     WHERE id = #{id,jdbcType=BIGINT}
    </update>

    <update id="updateByPrimaryKeySelective" parameterType="com.test.domain.DatadicItems" >
        UPDATE datadic_items
        <set>
            set                                                             <if test="dataitem_code !=null">
                    dataitem_code=#{dataitemCode,jdbcType=INTEGER}
                </if>
                                                            <if test="dataitem_name !=null">
                    dataitem_name=#{dataitemName,jdbcType=VARCHAR}
                </if>
                                                            <if test="group_code !=null">
                    group_code=#{groupCode,jdbcType=INTEGER}
                </if>
                                                            <if test="parent_id !=null">
                    parent_id=#{parentId,jdbcType=BIGINT}
                </if>
                                                            <if test="status !=null">
                    status=#{status,jdbcType=INTEGER}
                </if>
                                    </set>
        where id = #{id,jdbcType=BIGINT}
    </update>

    <select id="get" resultMap="queryResultMap" parameterType="com.test.domain.DatadicItems">
        SELECT t.*
        FROM datadic_items t
        WHERE id = #{id,jdbcType=BIGINT}
    </select>
    
    <delete id="del" parameterType="com.test.domain.DatadicItems">
        DELETE FROM datadic_items
        WHERE id = #{id,jdbcType=BIGINT}
    </delete>

</mapper>