<?xml version="1.0" encoding="UTF-8" ?>
<!DOCTYPE  mapper PUBLIC "-//mybatis.org//DTD Mapper 3.0//EN" "http://mybatis.org/dtd/mybatis-3-mapper.dtd" >
<mapper namespace="com.test.dao.DatadicGroupsDao">
    <resultMap id="queryResultMap" type="com.test.domain.DatadicGroups">
                <result column="group_code" property="groupCode" jdbcType="INTEGER" />
                <result column="group_name" property="groupName" jdbcType="VARCHAR" />
            </resultMap>

    <select id="find" parameterType="org.durcframework.core.expression.ExpressionQuery"
        resultMap="queryResultMap">
        SELECT t.*
        FROM datadic_groups t
        <include refid="expressionBlock.where" />
        <choose>
            <when test="sortname == null">
                ORDER BY t.group_code desc
            </when>
            <otherwise>
                ORDER BY ${order}
            </otherwise>
        </choose>
        <if test="!isQueryAll">
            LIMIT
            #{start,jdbcType=INTEGER},#{limit,jdbcType=INTEGER}
        </if>
    </select>


    <select id="findTotalCount" parameterType="org.durcframework.core.expression.ExpressionQuery"
        resultType="java.lang.Integer">
        SELECT count(*) FROM datadic_groups t
        <include refid="expressionBlock.where" />
    </select>

    <insert id="save" parameterType="com.test.domain.DatadicGroups"
    >
    INSERT INTO datadic_groups
         (
                              `group_code`
                                        , `group_name`
                              )
    VALUES (
                              #{groupCode,jdbcType=INTEGER}
                                        , #{groupName,jdbcType=VARCHAR}
                     
        )
    </insert>

<insert id="insertBatch" parameterType="java.util.List">
    INSERT INTO datadic_groups
        (
                                                             `group_code`
                                                                                    , `group_name`
                                                        )
    VALUES 
        <foreach collection="records" index="index" item="record" separator=",">
            (
                                                                             #{record.groupCode,jdbcType=INTEGER}
                                                                                                        , #{record.groupName,jdbcType=VARCHAR}
                                                                        )
        </foreach> 
</insert>

    <update id="update" parameterType="com.test.domain.DatadicGroups">
    UPDATE datadic_groups
    SET 
                                                 group_name=#{groupName,jdbcType=VARCHAR}
                     WHERE group_code = #{groupCode,jdbcType=INTEGER}
    </update>

    <update id="updateByPrimaryKeySelective" parameterType="com.test.domain.DatadicGroups" >
        UPDATE datadic_groups
        <set>
            set                                                             <if test="group_name !=null">
                    group_name=#{groupName,jdbcType=VARCHAR}
                </if>
                                    </set>
        where group_code = #{groupCode,jdbcType=INTEGER}
    </update>

    <select id="get" resultMap="queryResultMap" parameterType="com.test.domain.DatadicGroups">
        SELECT t.*
        FROM datadic_groups t
        WHERE group_code = #{groupCode,jdbcType=INTEGER}
    </select>
    
    <delete id="del" parameterType="com.test.domain.DatadicGroups">
        DELETE FROM datadic_groups
        WHERE group_code = #{groupCode,jdbcType=INTEGER}
    </delete>

</mapper>