<?xml version="1.0" encoding="UTF-8" ?>
<!DOCTYPE  mapper PUBLIC "-//mybatis.org//DTD Mapper 3.0//EN" "http://mybatis.org/dtd/mybatis-3-mapper.dtd" >
<mapper namespace="com.test.dao.FinanceAccountDao">
    <resultMap id="queryResultMap" type="com.test.domain.FinanceAccount">
                <result column="id" property="id" jdbcType="BIGINT" />
                <result column="pid" property="pid" jdbcType="BIGINT" />
                <result column="merchant_id" property="merchantId" jdbcType="BIGINT" />
                <result column="store_id" property="storeId" jdbcType="BIGINT" />
                <result column="wom_id" property="womId" jdbcType="BIGINT" />
            </resultMap>

    <select id="find" parameterType="org.durcframework.core.expression.ExpressionQuery"
        resultMap="queryResultMap">
        SELECT t.*
        FROM finance_account t
        <include refid="expressionBlock.where" />
        <choose>
            <when test="sortname == null">
                ORDER BY t.id desc
            </when>
            <otherwise>
                ORDER BY ${order}
            </otherwise>
        </choose>
        <if test="!isQueryAll">
            LIMIT
            #{start,jdbcType=INTEGER},#{limit,jdbcType=INTEGER}
        </if>
    </select>


    <select id="findTotalCount" parameterType="org.durcframework.core.expression.ExpressionQuery"
        resultType="java.lang.Integer">
        SELECT count(*) FROM finance_account t
        <include refid="expressionBlock.where" />
    </select>

    <insert id="save" parameterType="com.test.domain.FinanceAccount"
    keyProperty="id" keyColumn="id" useGeneratedKeys="true"
    >
    INSERT INTO finance_account
         (
                                                  `pid`
                                        , `merchant_id`
                                        , `store_id`
                                        , `wom_id`
                              )
    VALUES (
                                                  #{pid,jdbcType=BIGINT}
                                        , #{merchantId,jdbcType=BIGINT}
                                        , #{storeId,jdbcType=BIGINT}
                                        , #{womId,jdbcType=BIGINT}
                     
        )
    </insert>

<insert id="insertBatch" parameterType="java.util.List">
    INSERT INTO finance_account
        (
                                                                                         `pid`
                                                                                    , `merchant_id`
                                                                                    , `store_id`
                                                                                    , `wom_id`
                                                        )
    VALUES 
        <foreach collection="records" index="index" item="record" separator=",">
            (
                                                                                                                 #{record.pid,jdbcType=BIGINT}
                                                                                                        , #{record.merchantId,jdbcType=BIGINT}
                                                                                                        , #{record.storeId,jdbcType=BIGINT}
                                                                                                        , #{record.womId,jdbcType=BIGINT}
                                                                        )
        </foreach> 
</insert>

    <update id="update" parameterType="com.test.domain.FinanceAccount">
    UPDATE finance_account
    SET 
                                                 pid=#{pid,jdbcType=BIGINT}
                                     , merchant_id=#{merchantId,jdbcType=BIGINT}
                                     , store_id=#{storeId,jdbcType=BIGINT}
                                     , wom_id=#{womId,jdbcType=BIGINT}
                     WHERE id = #{id,jdbcType=BIGINT}
    </update>

    <update id="updateByPrimaryKeySelective" parameterType="com.test.domain.FinanceAccount" >
        UPDATE finance_account
        <set>
            set                                                             <if test="pid !=null">
                    pid=#{pid,jdbcType=BIGINT}
                </if>
                                                            <if test="merchant_id !=null">
                    merchant_id=#{merchantId,jdbcType=BIGINT}
                </if>
                                                            <if test="store_id !=null">
                    store_id=#{storeId,jdbcType=BIGINT}
                </if>
                                                            <if test="wom_id !=null">
                    wom_id=#{womId,jdbcType=BIGINT}
                </if>
                                    </set>
        where id = #{id,jdbcType=BIGINT}
    </update>

    <select id="get" resultMap="queryResultMap" parameterType="com.test.domain.FinanceAccount">
        SELECT t.*
        FROM finance_account t
        WHERE id = #{id,jdbcType=BIGINT}
    </select>
    
    <delete id="del" parameterType="com.test.domain.FinanceAccount">
        DELETE FROM finance_account
        WHERE id = #{id,jdbcType=BIGINT}
    </delete>

</mapper>