<?xml version="1.0" encoding="UTF-8" ?>
<!DOCTYPE  mapper PUBLIC "-//mybatis.org//DTD Mapper 3.0//EN" "http://mybatis.org/dtd/mybatis-3-mapper.dtd" >
<mapper namespace="com.test.dao.LuckydrawConfigDao">
    <resultMap id="queryResultMap" type="com.test.domain.LuckydrawConfig">
                <result column="id" property="id" jdbcType="BIGINT" />
                <result column="activity_id" property="activityId" jdbcType="BIGINT" />
                <result column="total_count" property="totalCount" jdbcType="INTEGER" />
                <result column="no_chance_reply" property="noChanceReply" jdbcType="VARCHAR" />
                <result column="count_add_after_share" property="countAddAfterShare" jdbcType="INTEGER" />
                <result column="total_count_after_share" property="totalCountAfterShare" jdbcType="INTEGER" />
                <result column="win_tips" property="winTips" jdbcType="VARCHAR" />
                <result column="no_win_tips" property="noWinTips" jdbcType="VARCHAR" />
                <result column="create_time" property="createTime" jdbcType="TIMESTAMP" />
                <result column="update_time" property="updateTime" jdbcType="TIMESTAMP" />
            </resultMap>

    <select id="find" parameterType="org.durcframework.core.expression.ExpressionQuery"
        resultMap="queryResultMap">
        SELECT t.*
        FROM luckydraw_config t
        <include refid="expressionBlock.where" />
        <choose>
            <when test="sortname == null">
                ORDER BY t.id desc
            </when>
            <otherwise>
                ORDER BY ${order}
            </otherwise>
        </choose>
        <if test="!isQueryAll">
            LIMIT
            #{start,jdbcType=INTEGER},#{limit,jdbcType=INTEGER}
        </if>
    </select>


    <select id="findTotalCount" parameterType="org.durcframework.core.expression.ExpressionQuery"
        resultType="java.lang.Integer">
        SELECT count(*) FROM luckydraw_config t
        <include refid="expressionBlock.where" />
    </select>

    <insert id="save" parameterType="com.test.domain.LuckydrawConfig"
    keyProperty="id" keyColumn="id" useGeneratedKeys="true"
    >
    INSERT INTO luckydraw_config
         (
                                                  `activity_id`
                                        , `total_count`
                                        , `no_chance_reply`
                                        , `count_add_after_share`
                                        , `total_count_after_share`
                                        , `win_tips`
                                        , `no_win_tips`
                                        , `create_time`
                                        , `update_time`
                              )
    VALUES (
                                                  #{activityId,jdbcType=BIGINT}
                                        , #{totalCount,jdbcType=INTEGER}
                                        , #{noChanceReply,jdbcType=VARCHAR}
                                        , #{countAddAfterShare,jdbcType=INTEGER}
                                        , #{totalCountAfterShare,jdbcType=INTEGER}
                                        , #{winTips,jdbcType=VARCHAR}
                                        , #{noWinTips,jdbcType=VARCHAR}
                                        , #{createTime,jdbcType=TIMESTAMP}
                                        , #{updateTime,jdbcType=TIMESTAMP}
                     
        )
    </insert>

<insert id="insertBatch" parameterType="java.util.List">
    INSERT INTO luckydraw_config
        (
                                                                                         `activity_id`
                                                                                    , `total_count`
                                                                                    , `no_chance_reply`
                                                                                    , `count_add_after_share`
                                                                                    , `total_count_after_share`
                                                                                    , `win_tips`
                                                                                    , `no_win_tips`
                                                                                    , `create_time`
                                                                                    , `update_time`
                                                        )
    VALUES 
        <foreach collection="records" index="index" item="record" separator=",">
            (
                                                                                                                 #{record.activityId,jdbcType=BIGINT}
                                                                                                        , #{record.totalCount,jdbcType=INTEGER}
                                                                                                        , #{record.noChanceReply,jdbcType=VARCHAR}
                                                                                                        , #{record.countAddAfterShare,jdbcType=INTEGER}
                                                                                                        , #{record.totalCountAfterShare,jdbcType=INTEGER}
                                                                                                        , #{record.winTips,jdbcType=VARCHAR}
                                                                                                        , #{record.noWinTips,jdbcType=VARCHAR}
                                                                                                        , #{record.createTime,jdbcType=TIMESTAMP}
                                                                                                        , #{record.updateTime,jdbcType=TIMESTAMP}
                                                                        )
        </foreach> 
</insert>

    <update id="update" parameterType="com.test.domain.LuckydrawConfig">
    UPDATE luckydraw_config
    SET 
                                                 activity_id=#{activityId,jdbcType=BIGINT}
                                     , total_count=#{totalCount,jdbcType=INTEGER}
                                     , no_chance_reply=#{noChanceReply,jdbcType=VARCHAR}
                                     , count_add_after_share=#{countAddAfterShare,jdbcType=INTEGER}
                                     , total_count_after_share=#{totalCountAfterShare,jdbcType=INTEGER}
                                     , win_tips=#{winTips,jdbcType=VARCHAR}
                                     , no_win_tips=#{noWinTips,jdbcType=VARCHAR}
                                     , create_time=#{createTime,jdbcType=TIMESTAMP}
                                     , update_time=#{updateTime,jdbcType=TIMESTAMP}
                     WHERE id = #{id,jdbcType=BIGINT}
    </update>

    <update id="updateByPrimaryKeySelective" parameterType="com.test.domain.LuckydrawConfig" >
        UPDATE luckydraw_config
        <set>
            set                                                             <if test="activity_id !=null">
                    activity_id=#{activityId,jdbcType=BIGINT}
                </if>
                                                            <if test="total_count !=null">
                    total_count=#{totalCount,jdbcType=INTEGER}
                </if>
                                                            <if test="no_chance_reply !=null">
                    no_chance_reply=#{noChanceReply,jdbcType=VARCHAR}
                </if>
                                                            <if test="count_add_after_share !=null">
                    count_add_after_share=#{countAddAfterShare,jdbcType=INTEGER}
                </if>
                                                            <if test="total_count_after_share !=null">
                    total_count_after_share=#{totalCountAfterShare,jdbcType=INTEGER}
                </if>
                                                            <if test="win_tips !=null">
                    win_tips=#{winTips,jdbcType=VARCHAR}
                </if>
                                                            <if test="no_win_tips !=null">
                    no_win_tips=#{noWinTips,jdbcType=VARCHAR}
                </if>
                                                            <if test="create_time !=null">
                    create_time=#{createTime,jdbcType=TIMESTAMP}
                </if>
                                                            <if test="update_time !=null">
                    update_time=#{updateTime,jdbcType=TIMESTAMP}
                </if>
                                    </set>
        where id = #{id,jdbcType=BIGINT}
    </update>

    <select id="get" resultMap="queryResultMap" parameterType="com.test.domain.LuckydrawConfig">
        SELECT t.*
        FROM luckydraw_config t
        WHERE id = #{id,jdbcType=BIGINT}
    </select>
    
    <delete id="del" parameterType="com.test.domain.LuckydrawConfig">
        DELETE FROM luckydraw_config
        WHERE id = #{id,jdbcType=BIGINT}
    </delete>

</mapper>