<?xml version="1.0" encoding="UTF-8" ?>
<!DOCTYPE  mapper PUBLIC "-//mybatis.org//DTD Mapper 3.0//EN" "http://mybatis.org/dtd/mybatis-3-mapper.dtd" >
<mapper namespace="com.test.dao.MaterialDao">
    <resultMap id="queryResultMap" type="com.test.domain.Material">
                <result column="material_id" property="materialId" jdbcType="BIGINT" />
                <result column="merchant_id" property="merchantId" jdbcType="BIGINT" />
                <result column="aid" property="aid" jdbcType="BIGINT" />
                <result column="media_id" property="mediaId" jdbcType="VARCHAR" />
                <result column="link_id" property="linkId" jdbcType="VARCHAR" />
                <result column="link_type" property="linkType" jdbcType="INTEGER" />
                <result column="link_name" property="linkName" jdbcType="VARCHAR" />
                <result column="link_classification" property="linkClassification" jdbcType="INTEGER" />
                <result column="create_time" property="createTime" jdbcType="TIMESTAMP" />
                <result column="update_time" property="updateTime" jdbcType="TIMESTAMP" />
            </resultMap>

    <select id="find" parameterType="org.durcframework.core.expression.ExpressionQuery"
        resultMap="queryResultMap">
        SELECT t.*
        FROM material t
        <include refid="expressionBlock.where" />
        <choose>
            <when test="sortname == null">
                ORDER BY t.material_id desc
            </when>
            <otherwise>
                ORDER BY ${order}
            </otherwise>
        </choose>
        <if test="!isQueryAll">
            LIMIT
            #{start,jdbcType=INTEGER},#{limit,jdbcType=INTEGER}
        </if>
    </select>


    <select id="findTotalCount" parameterType="org.durcframework.core.expression.ExpressionQuery"
        resultType="java.lang.Integer">
        SELECT count(*) FROM material t
        <include refid="expressionBlock.where" />
    </select>

    <insert id="save" parameterType="com.test.domain.Material"
    keyProperty="materialId" keyColumn="material_id" useGeneratedKeys="true"
    >
    INSERT INTO material
         (
                                                  `merchant_id`
                                        , `aid`
                                        , `media_id`
                                        , `link_id`
                                        , `link_type`
                                        , `link_name`
                                        , `link_classification`
                                        , `create_time`
                                        , `update_time`
                              )
    VALUES (
                                                  #{merchantId,jdbcType=BIGINT}
                                        , #{aid,jdbcType=BIGINT}
                                        , #{mediaId,jdbcType=VARCHAR}
                                        , #{linkId,jdbcType=VARCHAR}
                                        , #{linkType,jdbcType=INTEGER}
                                        , #{linkName,jdbcType=VARCHAR}
                                        , #{linkClassification,jdbcType=INTEGER}
                                        , #{createTime,jdbcType=TIMESTAMP}
                                        , #{updateTime,jdbcType=TIMESTAMP}
                     
        )
    </insert>

<insert id="insertBatch" parameterType="java.util.List">
    INSERT INTO material
        (
                                                                                         `merchant_id`
                                                                                    , `aid`
                                                                                    , `media_id`
                                                                                    , `link_id`
                                                                                    , `link_type`
                                                                                    , `link_name`
                                                                                    , `link_classification`
                                                                                    , `create_time`
                                                                                    , `update_time`
                                                        )
    VALUES 
        <foreach collection="records" index="index" item="record" separator=",">
            (
                                                                                                                 #{record.merchantId,jdbcType=BIGINT}
                                                                                                        , #{record.aid,jdbcType=BIGINT}
                                                                                                        , #{record.mediaId,jdbcType=VARCHAR}
                                                                                                        , #{record.linkId,jdbcType=VARCHAR}
                                                                                                        , #{record.linkType,jdbcType=INTEGER}
                                                                                                        , #{record.linkName,jdbcType=VARCHAR}
                                                                                                        , #{record.linkClassification,jdbcType=INTEGER}
                                                                                                        , #{record.createTime,jdbcType=TIMESTAMP}
                                                                                                        , #{record.updateTime,jdbcType=TIMESTAMP}
                                                                        )
        </foreach> 
</insert>

    <update id="update" parameterType="com.test.domain.Material">
    UPDATE material
    SET 
                                                 merchant_id=#{merchantId,jdbcType=BIGINT}
                                     , aid=#{aid,jdbcType=BIGINT}
                                     , media_id=#{mediaId,jdbcType=VARCHAR}
                                     , link_id=#{linkId,jdbcType=VARCHAR}
                                     , link_type=#{linkType,jdbcType=INTEGER}
                                     , link_name=#{linkName,jdbcType=VARCHAR}
                                     , link_classification=#{linkClassification,jdbcType=INTEGER}
                                     , create_time=#{createTime,jdbcType=TIMESTAMP}
                                     , update_time=#{updateTime,jdbcType=TIMESTAMP}
                     WHERE material_id = #{materialId,jdbcType=BIGINT}
    </update>

    <update id="updateByPrimaryKeySelective" parameterType="com.test.domain.Material" >
        UPDATE material
        <set>
            set                                                             <if test="merchant_id !=null">
                    merchant_id=#{merchantId,jdbcType=BIGINT}
                </if>
                                                            <if test="aid !=null">
                    aid=#{aid,jdbcType=BIGINT}
                </if>
                                                            <if test="media_id !=null">
                    media_id=#{mediaId,jdbcType=VARCHAR}
                </if>
                                                            <if test="link_id !=null">
                    link_id=#{linkId,jdbcType=VARCHAR}
                </if>
                                                            <if test="link_type !=null">
                    link_type=#{linkType,jdbcType=INTEGER}
                </if>
                                                            <if test="link_name !=null">
                    link_name=#{linkName,jdbcType=VARCHAR}
                </if>
                                                            <if test="link_classification !=null">
                    link_classification=#{linkClassification,jdbcType=INTEGER}
                </if>
                                                            <if test="create_time !=null">
                    create_time=#{createTime,jdbcType=TIMESTAMP}
                </if>
                                                            <if test="update_time !=null">
                    update_time=#{updateTime,jdbcType=TIMESTAMP}
                </if>
                                    </set>
        where material_id = #{materialId,jdbcType=BIGINT}
    </update>

    <select id="get" resultMap="queryResultMap" parameterType="com.test.domain.Material">
        SELECT t.*
        FROM material t
        WHERE material_id = #{materialId,jdbcType=BIGINT}
    </select>
    
    <delete id="del" parameterType="com.test.domain.Material">
        DELETE FROM material
        WHERE material_id = #{materialId,jdbcType=BIGINT}
    </delete>

</mapper>