<?xml version="1.0" encoding="UTF-8" ?>
<!DOCTYPE  mapper PUBLIC "-//mybatis.org//DTD Mapper 3.0//EN" "http://mybatis.org/dtd/mybatis-3-mapper.dtd" >
<mapper namespace="com.test.dao.MenuDao">
    <resultMap id="queryResultMap" type="com.test.domain.Menu">
                <result column="id" property="id" jdbcType="BIGINT" />
                <result column="parentId" property="parentId" jdbcType="BIGINT" />
                <result column="label" property="label" jdbcType="VARCHAR" />
                <result column="url" property="url" jdbcType="VARCHAR" />
                <result column="type" property="type" jdbcType="BIGINT" />
                <result column="icons" property="icons" jdbcType="VARCHAR" />
                <result column="bgColor" property="bgColor" jdbcType="VARCHAR" />
                <result column="showOrder" property="showOrder" jdbcType="BIGINT" />
                <result column="resource_code" property="resourceCode" jdbcType="VARCHAR" />
                <result column="status" property="status" jdbcType="INTEGER" />
            </resultMap>

    <select id="find" parameterType="org.durcframework.core.expression.ExpressionQuery"
        resultMap="queryResultMap">
        SELECT t.*
        FROM menu t
        <include refid="expressionBlock.where" />
        <choose>
            <when test="sortname == null">
                ORDER BY t.id desc
            </when>
            <otherwise>
                ORDER BY ${order}
            </otherwise>
        </choose>
        <if test="!isQueryAll">
            LIMIT
            #{start,jdbcType=INTEGER},#{limit,jdbcType=INTEGER}
        </if>
    </select>


    <select id="findTotalCount" parameterType="org.durcframework.core.expression.ExpressionQuery"
        resultType="java.lang.Integer">
        SELECT count(*) FROM menu t
        <include refid="expressionBlock.where" />
    </select>

    <insert id="save" parameterType="com.test.domain.Menu"
    keyProperty="id" keyColumn="id" useGeneratedKeys="true"
    >
    INSERT INTO menu
         (
                                                  `parentId`
                                        , `label`
                                        , `url`
                                        , `type`
                                        , `icons`
                                        , `bgColor`
                                        , `showOrder`
                                        , `resource_code`
                                        , `status`
                              )
    VALUES (
                                                  #{parentId,jdbcType=BIGINT}
                                        , #{label,jdbcType=VARCHAR}
                                        , #{url,jdbcType=VARCHAR}
                                        , #{type,jdbcType=BIGINT}
                                        , #{icons,jdbcType=VARCHAR}
                                        , #{bgColor,jdbcType=VARCHAR}
                                        , #{showOrder,jdbcType=BIGINT}
                                        , #{resourceCode,jdbcType=VARCHAR}
                                        , #{status,jdbcType=INTEGER}
                     
        )
    </insert>

<insert id="insertBatch" parameterType="java.util.List">
    INSERT INTO menu
        (
                                                                                         `parentId`
                                                                                    , `label`
                                                                                    , `url`
                                                                                    , `type`
                                                                                    , `icons`
                                                                                    , `bgColor`
                                                                                    , `showOrder`
                                                                                    , `resource_code`
                                                                                    , `status`
                                                        )
    VALUES 
        <foreach collection="records" index="index" item="record" separator=",">
            (
                                                                                                                 #{record.parentId,jdbcType=BIGINT}
                                                                                                        , #{record.label,jdbcType=VARCHAR}
                                                                                                        , #{record.url,jdbcType=VARCHAR}
                                                                                                        , #{record.type,jdbcType=BIGINT}
                                                                                                        , #{record.icons,jdbcType=VARCHAR}
                                                                                                        , #{record.bgColor,jdbcType=VARCHAR}
                                                                                                        , #{record.showOrder,jdbcType=BIGINT}
                                                                                                        , #{record.resourceCode,jdbcType=VARCHAR}
                                                                                                        , #{record.status,jdbcType=INTEGER}
                                                                        )
        </foreach> 
</insert>

    <update id="update" parameterType="com.test.domain.Menu">
    UPDATE menu
    SET 
                                                 parentId=#{parentId,jdbcType=BIGINT}
                                     , label=#{label,jdbcType=VARCHAR}
                                     , url=#{url,jdbcType=VARCHAR}
                                     , type=#{type,jdbcType=BIGINT}
                                     , icons=#{icons,jdbcType=VARCHAR}
                                     , bgColor=#{bgColor,jdbcType=VARCHAR}
                                     , showOrder=#{showOrder,jdbcType=BIGINT}
                                     , resource_code=#{resourceCode,jdbcType=VARCHAR}
                                     , status=#{status,jdbcType=INTEGER}
                     WHERE id = #{id,jdbcType=BIGINT}
    </update>

    <update id="updateByPrimaryKeySelective" parameterType="com.test.domain.Menu" >
        UPDATE menu
        <set>
            set                                                             <if test="parentId !=null">
                    parentId=#{parentId,jdbcType=BIGINT}
                </if>
                                                            <if test="label !=null">
                    label=#{label,jdbcType=VARCHAR}
                </if>
                                                            <if test="url !=null">
                    url=#{url,jdbcType=VARCHAR}
                </if>
                                                            <if test="type !=null">
                    type=#{type,jdbcType=BIGINT}
                </if>
                                                            <if test="icons !=null">
                    icons=#{icons,jdbcType=VARCHAR}
                </if>
                                                            <if test="bgColor !=null">
                    bgColor=#{bgColor,jdbcType=VARCHAR}
                </if>
                                                            <if test="showOrder !=null">
                    showOrder=#{showOrder,jdbcType=BIGINT}
                </if>
                                                            <if test="resource_code !=null">
                    resource_code=#{resourceCode,jdbcType=VARCHAR}
                </if>
                                                            <if test="status !=null">
                    status=#{status,jdbcType=INTEGER}
                </if>
                                    </set>
        where id = #{id,jdbcType=BIGINT}
    </update>

    <select id="get" resultMap="queryResultMap" parameterType="com.test.domain.Menu">
        SELECT t.*
        FROM menu t
        WHERE id = #{id,jdbcType=BIGINT}
    </select>
    
    <delete id="del" parameterType="com.test.domain.Menu">
        DELETE FROM menu
        WHERE id = #{id,jdbcType=BIGINT}
    </delete>

</mapper>