<?xml version="1.0" encoding="UTF-8" ?>
<!DOCTYPE  mapper PUBLIC "-//mybatis.org//DTD Mapper 3.0//EN" "http://mybatis.org/dtd/mybatis-3-mapper.dtd" >
<mapper namespace="com.test.dao.MerchantInfoDao">
    <resultMap id="queryResultMap" type="com.test.domain.MerchantInfo">
                <result column="id" property="id" jdbcType="BIGINT" />
                <result column="merchant_id" property="merchantId" jdbcType="BIGINT" />
                <result column="brand_name" property="brandName" jdbcType="VARCHAR" />
                <result column="logo_url" property="logoUrl" jdbcType="VARCHAR" />
                <result column="ali_url" property="aliUrl" jdbcType="VARCHAR" />
                <result column="contact_person" property="contactPerson" jdbcType="VARCHAR" />
            </resultMap>

    <select id="find" parameterType="org.durcframework.core.expression.ExpressionQuery"
        resultMap="queryResultMap">
        SELECT t.*
        FROM merchant_info t
        <include refid="expressionBlock.where" />
        <choose>
            <when test="sortname == null">
                ORDER BY t.id desc
            </when>
            <otherwise>
                ORDER BY ${order}
            </otherwise>
        </choose>
        <if test="!isQueryAll">
            LIMIT
            #{start,jdbcType=INTEGER},#{limit,jdbcType=INTEGER}
        </if>
    </select>


    <select id="findTotalCount" parameterType="org.durcframework.core.expression.ExpressionQuery"
        resultType="java.lang.Integer">
        SELECT count(*) FROM merchant_info t
        <include refid="expressionBlock.where" />
    </select>

    <insert id="save" parameterType="com.test.domain.MerchantInfo"
    keyProperty="id" keyColumn="id" useGeneratedKeys="true"
    >
    INSERT INTO merchant_info
         (
                                                  `merchant_id`
                                        , `brand_name`
                                        , `logo_url`
                                        , `ali_url`
                                        , `contact_person`
                              )
    VALUES (
                                                  #{merchantId,jdbcType=BIGINT}
                                        , #{brandName,jdbcType=VARCHAR}
                                        , #{logoUrl,jdbcType=VARCHAR}
                                        , #{aliUrl,jdbcType=VARCHAR}
                                        , #{contactPerson,jdbcType=VARCHAR}
                     
        )
    </insert>

<insert id="insertBatch" parameterType="java.util.List">
    INSERT INTO merchant_info
        (
                                                                                         `merchant_id`
                                                                                    , `brand_name`
                                                                                    , `logo_url`
                                                                                    , `ali_url`
                                                                                    , `contact_person`
                                                        )
    VALUES 
        <foreach collection="records" index="index" item="record" separator=",">
            (
                                                                                                                 #{record.merchantId,jdbcType=BIGINT}
                                                                                                        , #{record.brandName,jdbcType=VARCHAR}
                                                                                                        , #{record.logoUrl,jdbcType=VARCHAR}
                                                                                                        , #{record.aliUrl,jdbcType=VARCHAR}
                                                                                                        , #{record.contactPerson,jdbcType=VARCHAR}
                                                                        )
        </foreach> 
</insert>

    <update id="update" parameterType="com.test.domain.MerchantInfo">
    UPDATE merchant_info
    SET 
                                                 merchant_id=#{merchantId,jdbcType=BIGINT}
                                     , brand_name=#{brandName,jdbcType=VARCHAR}
                                     , logo_url=#{logoUrl,jdbcType=VARCHAR}
                                     , ali_url=#{aliUrl,jdbcType=VARCHAR}
                                     , contact_person=#{contactPerson,jdbcType=VARCHAR}
                     WHERE id = #{id,jdbcType=BIGINT}
    </update>

    <update id="updateByPrimaryKeySelective" parameterType="com.test.domain.MerchantInfo" >
        UPDATE merchant_info
        <set>
            set                                                             <if test="merchant_id !=null">
                    merchant_id=#{merchantId,jdbcType=BIGINT}
                </if>
                                                            <if test="brand_name !=null">
                    brand_name=#{brandName,jdbcType=VARCHAR}
                </if>
                                                            <if test="logo_url !=null">
                    logo_url=#{logoUrl,jdbcType=VARCHAR}
                </if>
                                                            <if test="ali_url !=null">
                    ali_url=#{aliUrl,jdbcType=VARCHAR}
                </if>
                                                            <if test="contact_person !=null">
                    contact_person=#{contactPerson,jdbcType=VARCHAR}
                </if>
                                    </set>
        where id = #{id,jdbcType=BIGINT}
    </update>

    <select id="get" resultMap="queryResultMap" parameterType="com.test.domain.MerchantInfo">
        SELECT t.*
        FROM merchant_info t
        WHERE id = #{id,jdbcType=BIGINT}
    </select>
    
    <delete id="del" parameterType="com.test.domain.MerchantInfo">
        DELETE FROM merchant_info
        WHERE id = #{id,jdbcType=BIGINT}
    </delete>

</mapper>