<?xml version="1.0" encoding="UTF-8" ?>
<!DOCTYPE  mapper PUBLIC "-//mybatis.org//DTD Mapper 3.0//EN" "http://mybatis.org/dtd/mybatis-3-mapper.dtd" >
<mapper namespace="com.test.dao.MessageGroupUserDao">
    <resultMap id="queryResultMap" type="com.test.domain.MessageGroupUser">
                <result column="message_group_user_id" property="messageGroupUserId" jdbcType="BIGINT" />
                <result column="merchant_id" property="merchantId" jdbcType="BIGINT" />
                <result column="aid" property="aid" jdbcType="BIGINT" />
                <result column="customer_id" property="customerId" jdbcType="BIGINT" />
                <result column="message_group_id" property="messageGroupId" jdbcType="BIGINT" />
                <result column="open_id" property="openId" jdbcType="VARCHAR" />
                <result column="month" property="month" jdbcType="DATE" />
                <result column="status" property="status" jdbcType="INTEGER" />
                <result column="createTime" property="createTime" jdbcType="TIMESTAMP" />
                <result column="updateTime" property="updateTime" jdbcType="TIMESTAMP" />
            </resultMap>

    <select id="find" parameterType="org.durcframework.core.expression.ExpressionQuery"
        resultMap="queryResultMap">
        SELECT t.*
        FROM message_group_user t
        <include refid="expressionBlock.where" />
        <choose>
            <when test="sortname == null">
                ORDER BY t.message_group_user_id desc
            </when>
            <otherwise>
                ORDER BY ${order}
            </otherwise>
        </choose>
        <if test="!isQueryAll">
            LIMIT
            #{start,jdbcType=INTEGER},#{limit,jdbcType=INTEGER}
        </if>
    </select>


    <select id="findTotalCount" parameterType="org.durcframework.core.expression.ExpressionQuery"
        resultType="java.lang.Integer">
        SELECT count(*) FROM message_group_user t
        <include refid="expressionBlock.where" />
    </select>

    <insert id="save" parameterType="com.test.domain.MessageGroupUser"
    keyProperty="messageGroupUserId" keyColumn="message_group_user_id" useGeneratedKeys="true"
    >
    INSERT INTO message_group_user
         (
                                                  `merchant_id`
                                        , `aid`
                                        , `customer_id`
                                        , `message_group_id`
                                        , `open_id`
                                        , `month`
                                        , `status`
                                        , `createTime`
                                        , `updateTime`
                              )
    VALUES (
                                                  #{merchantId,jdbcType=BIGINT}
                                        , #{aid,jdbcType=BIGINT}
                                        , #{customerId,jdbcType=BIGINT}
                                        , #{messageGroupId,jdbcType=BIGINT}
                                        , #{openId,jdbcType=VARCHAR}
                                        , #{month,jdbcType=DATE}
                                        , #{status,jdbcType=INTEGER}
                                        , #{createTime,jdbcType=TIMESTAMP}
                                        , #{updateTime,jdbcType=TIMESTAMP}
                     
        )
    </insert>

<insert id="insertBatch" parameterType="java.util.List">
    INSERT INTO message_group_user
        (
                                                                                         `merchant_id`
                                                                                    , `aid`
                                                                                    , `customer_id`
                                                                                    , `message_group_id`
                                                                                    , `open_id`
                                                                                    , `month`
                                                                                    , `status`
                                                                                    , `createTime`
                                                                                    , `updateTime`
                                                        )
    VALUES 
        <foreach collection="records" index="index" item="record" separator=",">
            (
                                                                                                                 #{record.merchantId,jdbcType=BIGINT}
                                                                                                        , #{record.aid,jdbcType=BIGINT}
                                                                                                        , #{record.customerId,jdbcType=BIGINT}
                                                                                                        , #{record.messageGroupId,jdbcType=BIGINT}
                                                                                                        , #{record.openId,jdbcType=VARCHAR}
                                                                                                        , #{record.month,jdbcType=DATE}
                                                                                                        , #{record.status,jdbcType=INTEGER}
                                                                                                        , #{record.createTime,jdbcType=TIMESTAMP}
                                                                                                        , #{record.updateTime,jdbcType=TIMESTAMP}
                                                                        )
        </foreach> 
</insert>

    <update id="update" parameterType="com.test.domain.MessageGroupUser">
    UPDATE message_group_user
    SET 
                                                 merchant_id=#{merchantId,jdbcType=BIGINT}
                                     , aid=#{aid,jdbcType=BIGINT}
                                     , customer_id=#{customerId,jdbcType=BIGINT}
                                     , message_group_id=#{messageGroupId,jdbcType=BIGINT}
                                     , open_id=#{openId,jdbcType=VARCHAR}
                                     , month=#{month,jdbcType=DATE}
                                     , status=#{status,jdbcType=INTEGER}
                                     , createTime=#{createTime,jdbcType=TIMESTAMP}
                                     , updateTime=#{updateTime,jdbcType=TIMESTAMP}
                     WHERE message_group_user_id = #{messageGroupUserId,jdbcType=BIGINT}
    </update>

    <update id="updateByPrimaryKeySelective" parameterType="com.test.domain.MessageGroupUser" >
        UPDATE message_group_user
        <set>
            set                                                             <if test="merchant_id !=null">
                    merchant_id=#{merchantId,jdbcType=BIGINT}
                </if>
                                                            <if test="aid !=null">
                    aid=#{aid,jdbcType=BIGINT}
                </if>
                                                            <if test="customer_id !=null">
                    customer_id=#{customerId,jdbcType=BIGINT}
                </if>
                                                            <if test="message_group_id !=null">
                    message_group_id=#{messageGroupId,jdbcType=BIGINT}
                </if>
                                                            <if test="open_id !=null">
                    open_id=#{openId,jdbcType=VARCHAR}
                </if>
                                                            <if test="month !=null">
                    month=#{month,jdbcType=DATE}
                </if>
                                                            <if test="status !=null">
                    status=#{status,jdbcType=INTEGER}
                </if>
                                                            <if test="createTime !=null">
                    createTime=#{createTime,jdbcType=TIMESTAMP}
                </if>
                                                            <if test="updateTime !=null">
                    updateTime=#{updateTime,jdbcType=TIMESTAMP}
                </if>
                                    </set>
        where message_group_user_id = #{messageGroupUserId,jdbcType=BIGINT}
    </update>

    <select id="get" resultMap="queryResultMap" parameterType="com.test.domain.MessageGroupUser">
        SELECT t.*
        FROM message_group_user t
        WHERE message_group_user_id = #{messageGroupUserId,jdbcType=BIGINT}
    </select>
    
    <delete id="del" parameterType="com.test.domain.MessageGroupUser">
        DELETE FROM message_group_user
        WHERE message_group_user_id = #{messageGroupUserId,jdbcType=BIGINT}
    </delete>

</mapper>