<?xml version="1.0" encoding="UTF-8" ?>
<!DOCTYPE  mapper PUBLIC "-//mybatis.org//DTD Mapper 3.0//EN" "http://mybatis.org/dtd/mybatis-3-mapper.dtd" >
<mapper namespace="com.test.dao.O2oActivityQueueUserDao">
    <resultMap id="queryResultMap" type="com.test.domain.O2oActivityQueueUser">
                <result column="id" property="id" jdbcType="BIGINT" />
                <result column="merchant_id" property="merchantId" jdbcType="BIGINT" />
                <result column="open_id" property="openId" jdbcType="VARCHAR" />
                <result column="business_type" property="businessType" jdbcType="INTEGER" />
                <result column="queue_num" property="queueNum" jdbcType="VARCHAR" />
                <result column="queue_start_time" property="queueStartTime" jdbcType="TIMESTAMP" />
                <result column="queue_end_time" property="queueEndTime" jdbcType="TIMESTAMP" />
                <result column="serial_id" property="serialId" jdbcType="VARCHAR" />
                <result column="pre_order_or_not" property="preOrderOrNot" jdbcType="TINYINT" />
                <result column="comment" property="comment" jdbcType="VARCHAR" />
            </resultMap>

    <select id="find" parameterType="org.durcframework.core.expression.ExpressionQuery"
        resultMap="queryResultMap">
        SELECT t.*
        FROM o2o_activity_queue_user t
        <include refid="expressionBlock.where" />
        <choose>
            <when test="sortname == null">
                ORDER BY t.id desc
            </when>
            <otherwise>
                ORDER BY ${order}
            </otherwise>
        </choose>
        <if test="!isQueryAll">
            LIMIT
            #{start,jdbcType=INTEGER},#{limit,jdbcType=INTEGER}
        </if>
    </select>


    <select id="findTotalCount" parameterType="org.durcframework.core.expression.ExpressionQuery"
        resultType="java.lang.Integer">
        SELECT count(*) FROM o2o_activity_queue_user t
        <include refid="expressionBlock.where" />
    </select>

    <insert id="save" parameterType="com.test.domain.O2oActivityQueueUser"
    keyProperty="id" keyColumn="id" useGeneratedKeys="true"
    >
    INSERT INTO o2o_activity_queue_user
         (
                                                  `merchant_id`
                                        , `open_id`
                                        , `business_type`
                                        , `queue_num`
                                        , `queue_start_time`
                                        , `queue_end_time`
                                        , `serial_id`
                                        , `pre_order_or_not`
                                        , `comment`
                              )
    VALUES (
                                                  #{merchantId,jdbcType=BIGINT}
                                        , #{openId,jdbcType=VARCHAR}
                                        , #{businessType,jdbcType=INTEGER}
                                        , #{queueNum,jdbcType=VARCHAR}
                                        , #{queueStartTime,jdbcType=TIMESTAMP}
                                        , #{queueEndTime,jdbcType=TIMESTAMP}
                                        , #{serialId,jdbcType=VARCHAR}
                                        , #{preOrderOrNot,jdbcType=TINYINT}
                                        , #{comment,jdbcType=VARCHAR}
                     
        )
    </insert>

<insert id="insertBatch" parameterType="java.util.List">
    INSERT INTO o2o_activity_queue_user
        (
                                                                                         `merchant_id`
                                                                                    , `open_id`
                                                                                    , `business_type`
                                                                                    , `queue_num`
                                                                                    , `queue_start_time`
                                                                                    , `queue_end_time`
                                                                                    , `serial_id`
                                                                                    , `pre_order_or_not`
                                                                                    , `comment`
                                                        )
    VALUES 
        <foreach collection="records" index="index" item="record" separator=",">
            (
                                                                                                                 #{record.merchantId,jdbcType=BIGINT}
                                                                                                        , #{record.openId,jdbcType=VARCHAR}
                                                                                                        , #{record.businessType,jdbcType=INTEGER}
                                                                                                        , #{record.queueNum,jdbcType=VARCHAR}
                                                                                                        , #{record.queueStartTime,jdbcType=TIMESTAMP}
                                                                                                        , #{record.queueEndTime,jdbcType=TIMESTAMP}
                                                                                                        , #{record.serialId,jdbcType=VARCHAR}
                                                                                                        , #{record.preOrderOrNot,jdbcType=TINYINT}
                                                                                                        , #{record.comment,jdbcType=VARCHAR}
                                                                        )
        </foreach> 
</insert>

    <update id="update" parameterType="com.test.domain.O2oActivityQueueUser">
    UPDATE o2o_activity_queue_user
    SET 
                                                 merchant_id=#{merchantId,jdbcType=BIGINT}
                                     , open_id=#{openId,jdbcType=VARCHAR}
                                     , business_type=#{businessType,jdbcType=INTEGER}
                                     , queue_num=#{queueNum,jdbcType=VARCHAR}
                                     , queue_start_time=#{queueStartTime,jdbcType=TIMESTAMP}
                                     , queue_end_time=#{queueEndTime,jdbcType=TIMESTAMP}
                                     , serial_id=#{serialId,jdbcType=VARCHAR}
                                     , pre_order_or_not=#{preOrderOrNot,jdbcType=TINYINT}
                                     , comment=#{comment,jdbcType=VARCHAR}
                     WHERE id = #{id,jdbcType=BIGINT}
    </update>

    <update id="updateByPrimaryKeySelective" parameterType="com.test.domain.O2oActivityQueueUser" >
        UPDATE o2o_activity_queue_user
        <set>
            set                                                             <if test="merchant_id !=null">
                    merchant_id=#{merchantId,jdbcType=BIGINT}
                </if>
                                                            <if test="open_id !=null">
                    open_id=#{openId,jdbcType=VARCHAR}
                </if>
                                                            <if test="business_type !=null">
                    business_type=#{businessType,jdbcType=INTEGER}
                </if>
                                                            <if test="queue_num !=null">
                    queue_num=#{queueNum,jdbcType=VARCHAR}
                </if>
                                                            <if test="queue_start_time !=null">
                    queue_start_time=#{queueStartTime,jdbcType=TIMESTAMP}
                </if>
                                                            <if test="queue_end_time !=null">
                    queue_end_time=#{queueEndTime,jdbcType=TIMESTAMP}
                </if>
                                                            <if test="serial_id !=null">
                    serial_id=#{serialId,jdbcType=VARCHAR}
                </if>
                                                            <if test="pre_order_or_not !=null">
                    pre_order_or_not=#{preOrderOrNot,jdbcType=TINYINT}
                </if>
                                                            <if test="comment !=null">
                    comment=#{comment,jdbcType=VARCHAR}
                </if>
                                    </set>
        where id = #{id,jdbcType=BIGINT}
    </update>

    <select id="get" resultMap="queryResultMap" parameterType="com.test.domain.O2oActivityQueueUser">
        SELECT t.*
        FROM o2o_activity_queue_user t
        WHERE id = #{id,jdbcType=BIGINT}
    </select>
    
    <delete id="del" parameterType="com.test.domain.O2oActivityQueueUser">
        DELETE FROM o2o_activity_queue_user
        WHERE id = #{id,jdbcType=BIGINT}
    </delete>

</mapper>