<?xml version="1.0" encoding="UTF-8" ?>
<!DOCTYPE  mapper PUBLIC "-//mybatis.org//DTD Mapper 3.0//EN" "http://mybatis.org/dtd/mybatis-3-mapper.dtd" >
<mapper namespace="com.test.dao.O2oBusinessInfoDao">
    <resultMap id="queryResultMap" type="com.test.domain.O2oBusinessInfo">
                <result column="id" property="id" jdbcType="BIGINT" />
                <result column="bid" property="bid" jdbcType="BIGINT" />
                <result column="aid" property="aid" jdbcType="BIGINT" />
                <result column="try_service_start_time" property="tryServiceStartTime" jdbcType="TIMESTAMP" />
                <result column="try_service_end_time" property="tryServiceEndTime" jdbcType="TIMESTAMP" />
                <result column="update_time" property="updateTime" jdbcType="TIMESTAMP" />
                <result column="create_time" property="createTime" jdbcType="TIMESTAMP" />
            </resultMap>

    <select id="find" parameterType="org.durcframework.core.expression.ExpressionQuery"
        resultMap="queryResultMap">
        SELECT t.*
        FROM o2o_business_info t
        <include refid="expressionBlock.where" />
        <choose>
            <when test="sortname == null">
                ORDER BY t.id desc
            </when>
            <otherwise>
                ORDER BY ${order}
            </otherwise>
        </choose>
        <if test="!isQueryAll">
            LIMIT
            #{start,jdbcType=INTEGER},#{limit,jdbcType=INTEGER}
        </if>
    </select>


    <select id="findTotalCount" parameterType="org.durcframework.core.expression.ExpressionQuery"
        resultType="java.lang.Integer">
        SELECT count(*) FROM o2o_business_info t
        <include refid="expressionBlock.where" />
    </select>

    <insert id="save" parameterType="com.test.domain.O2oBusinessInfo"
    keyProperty="id" keyColumn="id" useGeneratedKeys="true"
    >
    INSERT INTO o2o_business_info
         (
                                                  `bid`
                                        , `aid`
                                        , `try_service_start_time`
                                        , `try_service_end_time`
                                        , `update_time`
                                        , `create_time`
                              )
    VALUES (
                                                  #{bid,jdbcType=BIGINT}
                                        , #{aid,jdbcType=BIGINT}
                                        , #{tryServiceStartTime,jdbcType=TIMESTAMP}
                                        , #{tryServiceEndTime,jdbcType=TIMESTAMP}
                                        , #{updateTime,jdbcType=TIMESTAMP}
                                        , #{createTime,jdbcType=TIMESTAMP}
                     
        )
    </insert>

<insert id="insertBatch" parameterType="java.util.List">
    INSERT INTO o2o_business_info
        (
                                                                                         `bid`
                                                                                    , `aid`
                                                                                    , `try_service_start_time`
                                                                                    , `try_service_end_time`
                                                                                    , `update_time`
                                                                                    , `create_time`
                                                        )
    VALUES 
        <foreach collection="records" index="index" item="record" separator=",">
            (
                                                                                                                 #{record.bid,jdbcType=BIGINT}
                                                                                                        , #{record.aid,jdbcType=BIGINT}
                                                                                                        , #{record.tryServiceStartTime,jdbcType=TIMESTAMP}
                                                                                                        , #{record.tryServiceEndTime,jdbcType=TIMESTAMP}
                                                                                                        , #{record.updateTime,jdbcType=TIMESTAMP}
                                                                                                        , #{record.createTime,jdbcType=TIMESTAMP}
                                                                        )
        </foreach> 
</insert>

    <update id="update" parameterType="com.test.domain.O2oBusinessInfo">
    UPDATE o2o_business_info
    SET 
                                                 bid=#{bid,jdbcType=BIGINT}
                                     , aid=#{aid,jdbcType=BIGINT}
                                     , try_service_start_time=#{tryServiceStartTime,jdbcType=TIMESTAMP}
                                     , try_service_end_time=#{tryServiceEndTime,jdbcType=TIMESTAMP}
                                     , update_time=#{updateTime,jdbcType=TIMESTAMP}
                                     , create_time=#{createTime,jdbcType=TIMESTAMP}
                     WHERE id = #{id,jdbcType=BIGINT}
    </update>

    <update id="updateByPrimaryKeySelective" parameterType="com.test.domain.O2oBusinessInfo" >
        UPDATE o2o_business_info
        <set>
            set                                                             <if test="bid !=null">
                    bid=#{bid,jdbcType=BIGINT}
                </if>
                                                            <if test="aid !=null">
                    aid=#{aid,jdbcType=BIGINT}
                </if>
                                                            <if test="try_service_start_time !=null">
                    try_service_start_time=#{tryServiceStartTime,jdbcType=TIMESTAMP}
                </if>
                                                            <if test="try_service_end_time !=null">
                    try_service_end_time=#{tryServiceEndTime,jdbcType=TIMESTAMP}
                </if>
                                                            <if test="update_time !=null">
                    update_time=#{updateTime,jdbcType=TIMESTAMP}
                </if>
                                                            <if test="create_time !=null">
                    create_time=#{createTime,jdbcType=TIMESTAMP}
                </if>
                                    </set>
        where id = #{id,jdbcType=BIGINT}
    </update>

    <select id="get" resultMap="queryResultMap" parameterType="com.test.domain.O2oBusinessInfo">
        SELECT t.*
        FROM o2o_business_info t
        WHERE id = #{id,jdbcType=BIGINT}
    </select>
    
    <delete id="del" parameterType="com.test.domain.O2oBusinessInfo">
        DELETE FROM o2o_business_info
        WHERE id = #{id,jdbcType=BIGINT}
    </delete>

</mapper>