<?xml version="1.0" encoding="UTF-8" ?>
<!DOCTYPE  mapper PUBLIC "-//mybatis.org//DTD Mapper 3.0//EN" "http://mybatis.org/dtd/mybatis-3-mapper.dtd" >
<mapper namespace="com.test.dao.O2oCardUseTrendStatisticsDao">
    <resultMap id="queryResultMap" type="com.test.domain.O2oCardUseTrendStatistics">
                <result column="id" property="id" jdbcType="BIGINT" />
                <result column="merchant_id" property="merchantId" jdbcType="BIGINT" />
                <result column="statistics_date" property="statisticsDate" jdbcType="DATE" />
                <result column="cardtype" property="cardtype" jdbcType="INTEGER" />
                <result column="take_channel" property="takeChannel" jdbcType="INTEGER" />
                <result column="day" property="day" jdbcType="INTEGER" />
                <result column="order" property="order" jdbcType="INTEGER" />
                <result column="use_card_pv" property="useCardPv" jdbcType="BIGINT" />
                <result column="update_time" property="updateTime" jdbcType="TIMESTAMP" />
            </resultMap>

    <select id="find" parameterType="org.durcframework.core.expression.ExpressionQuery"
        resultMap="queryResultMap">
        SELECT t.*
        FROM o2o_card_use_trend_statistics t
        <include refid="expressionBlock.where" />
        <choose>
            <when test="sortname == null">
                ORDER BY t.id desc
            </when>
            <otherwise>
                ORDER BY ${order}
            </otherwise>
        </choose>
        <if test="!isQueryAll">
            LIMIT
            #{start,jdbcType=INTEGER},#{limit,jdbcType=INTEGER}
        </if>
    </select>


    <select id="findTotalCount" parameterType="org.durcframework.core.expression.ExpressionQuery"
        resultType="java.lang.Integer">
        SELECT count(*) FROM o2o_card_use_trend_statistics t
        <include refid="expressionBlock.where" />
    </select>

    <insert id="save" parameterType="com.test.domain.O2oCardUseTrendStatistics"
    keyProperty="id" keyColumn="id" useGeneratedKeys="true"
    >
    INSERT INTO o2o_card_use_trend_statistics
         (
                                                  `merchant_id`
                                        , `statistics_date`
                                        , `cardtype`
                                        , `take_channel`
                                        , `day`
                                        , `order`
                                        , `use_card_pv`
                                        , `update_time`
                              )
    VALUES (
                                                  #{merchantId,jdbcType=BIGINT}
                                        , #{statisticsDate,jdbcType=DATE}
                                        , #{cardtype,jdbcType=INTEGER}
                                        , #{takeChannel,jdbcType=INTEGER}
                                        , #{day,jdbcType=INTEGER}
                                        , #{order,jdbcType=INTEGER}
                                        , #{useCardPv,jdbcType=BIGINT}
                                        , #{updateTime,jdbcType=TIMESTAMP}
                     
        )
    </insert>

<insert id="insertBatch" parameterType="java.util.List">
    INSERT INTO o2o_card_use_trend_statistics
        (
                                                                                         `merchant_id`
                                                                                    , `statistics_date`
                                                                                    , `cardtype`
                                                                                    , `take_channel`
                                                                                    , `day`
                                                                                    , `order`
                                                                                    , `use_card_pv`
                                                                                    , `update_time`
                                                        )
    VALUES 
        <foreach collection="records" index="index" item="record" separator=",">
            (
                                                                                                                 #{record.merchantId,jdbcType=BIGINT}
                                                                                                        , #{record.statisticsDate,jdbcType=DATE}
                                                                                                        , #{record.cardtype,jdbcType=INTEGER}
                                                                                                        , #{record.takeChannel,jdbcType=INTEGER}
                                                                                                        , #{record.day,jdbcType=INTEGER}
                                                                                                        , #{record.order,jdbcType=INTEGER}
                                                                                                        , #{record.useCardPv,jdbcType=BIGINT}
                                                                                                        , #{record.updateTime,jdbcType=TIMESTAMP}
                                                                        )
        </foreach> 
</insert>

    <update id="update" parameterType="com.test.domain.O2oCardUseTrendStatistics">
    UPDATE o2o_card_use_trend_statistics
    SET 
                                                 merchant_id=#{merchantId,jdbcType=BIGINT}
                                     , statistics_date=#{statisticsDate,jdbcType=DATE}
                                     , cardtype=#{cardtype,jdbcType=INTEGER}
                                     , take_channel=#{takeChannel,jdbcType=INTEGER}
                                     , day=#{day,jdbcType=INTEGER}
                                     , order=#{order,jdbcType=INTEGER}
                                     , use_card_pv=#{useCardPv,jdbcType=BIGINT}
                                     , update_time=#{updateTime,jdbcType=TIMESTAMP}
                     WHERE id = #{id,jdbcType=BIGINT}
    </update>

    <update id="updateByPrimaryKeySelective" parameterType="com.test.domain.O2oCardUseTrendStatistics" >
        UPDATE o2o_card_use_trend_statistics
        <set>
            set                                                             <if test="merchant_id !=null">
                    merchant_id=#{merchantId,jdbcType=BIGINT}
                </if>
                                                            <if test="statistics_date !=null">
                    statistics_date=#{statisticsDate,jdbcType=DATE}
                </if>
                                                            <if test="cardtype !=null">
                    cardtype=#{cardtype,jdbcType=INTEGER}
                </if>
                                                            <if test="take_channel !=null">
                    take_channel=#{takeChannel,jdbcType=INTEGER}
                </if>
                                                            <if test="day !=null">
                    day=#{day,jdbcType=INTEGER}
                </if>
                                                            <if test="order !=null">
                    order=#{order,jdbcType=INTEGER}
                </if>
                                                            <if test="use_card_pv !=null">
                    use_card_pv=#{useCardPv,jdbcType=BIGINT}
                </if>
                                                            <if test="update_time !=null">
                    update_time=#{updateTime,jdbcType=TIMESTAMP}
                </if>
                                    </set>
        where id = #{id,jdbcType=BIGINT}
    </update>

    <select id="get" resultMap="queryResultMap" parameterType="com.test.domain.O2oCardUseTrendStatistics">
        SELECT t.*
        FROM o2o_card_use_trend_statistics t
        WHERE id = #{id,jdbcType=BIGINT}
    </select>
    
    <delete id="del" parameterType="com.test.domain.O2oCardUseTrendStatistics">
        DELETE FROM o2o_card_use_trend_statistics
        WHERE id = #{id,jdbcType=BIGINT}
    </delete>

</mapper>