<?xml version="1.0" encoding="UTF-8" ?>
<!DOCTYPE  mapper PUBLIC "-//mybatis.org//DTD Mapper 3.0//EN" "http://mybatis.org/dtd/mybatis-3-mapper.dtd" >
<mapper namespace="com.test.dao.O2oCardDailyStatisticsDao">
    <resultMap id="queryResultMap" type="com.test.domain.O2oCardDailyStatistics">
                <result column="id" property="id" jdbcType="BIGINT" />
                <result column="merchant_id" property="merchantId" jdbcType="BIGINT" />
                <result column="statistics_date" property="statisticsDate" jdbcType="DATE" />
                <result column="cardtype" property="cardtype" jdbcType="INTEGER" />
                <result column="take_channel" property="takeChannel" jdbcType="INTEGER" />
                <result column="take_card_pv_use_card_pv_percentage" property="takeCardPvUseCardPvPercentage" jdbcType="BigDecimal" />
                <result column="take_card_pv" property="takeCardPv" jdbcType="BIGINT" />
                <result column="take_card_pv_day" property="takeCardPvDay" jdbcType="BigDecimal" />
                <result column="take_card_pv_week" property="takeCardPvWeek" jdbcType="BigDecimal" />
                <result column="take_card_pv_month" property="takeCardPvMonth" jdbcType="BigDecimal" />
                <result column="take_card_uv" property="takeCardUv" jdbcType="BIGINT" />
                <result column="take_card_uv_day" property="takeCardUvDay" jdbcType="BigDecimal" />
                <result column="take_card_uv_week" property="takeCardUvWeek" jdbcType="BigDecimal" />
                <result column="take_card_uv_month" property="takeCardUvMonth" jdbcType="BigDecimal" />
                <result column="use_card_pv" property="useCardPv" jdbcType="BIGINT" />
                <result column="use_card_pv_day" property="useCardPvDay" jdbcType="BigDecimal" />
                <result column="use_card_pv_week" property="useCardPvWeek" jdbcType="BigDecimal" />
                <result column="use_card_pv_month" property="useCardPvMonth" jdbcType="BigDecimal" />
                <result column="use_card_uv" property="useCardUv" jdbcType="BIGINT" />
                <result column="use_card_uv_day" property="useCardUvDay" jdbcType="BigDecimal" />
                <result column="use_card_uv_week" property="useCardUvWeek" jdbcType="BigDecimal" />
                <result column="use_card_uv_month" property="useCardUvMonth" jdbcType="BigDecimal" />
                <result column="update_time" property="updateTime" jdbcType="TIMESTAMP" />
            </resultMap>

    <select id="find" parameterType="org.durcframework.core.expression.ExpressionQuery"
        resultMap="queryResultMap">
        SELECT t.*
        FROM o2o_card_daily_statistics t
        <include refid="expressionBlock.where" />
        <choose>
            <when test="sortname == null">
                ORDER BY t.id desc
            </when>
            <otherwise>
                ORDER BY ${order}
            </otherwise>
        </choose>
        <if test="!isQueryAll">
            LIMIT
            #{start,jdbcType=INTEGER},#{limit,jdbcType=INTEGER}
        </if>
    </select>


    <select id="findTotalCount" parameterType="org.durcframework.core.expression.ExpressionQuery"
        resultType="java.lang.Integer">
        SELECT count(*) FROM o2o_card_daily_statistics t
        <include refid="expressionBlock.where" />
    </select>

    <insert id="save" parameterType="com.test.domain.O2oCardDailyStatistics"
    keyProperty="id" keyColumn="id" useGeneratedKeys="true"
    >
    INSERT INTO o2o_card_daily_statistics
         (
                                                  `merchant_id`
                                        , `statistics_date`
                                        , `cardtype`
                                        , `take_channel`
                                        , `take_card_pv_use_card_pv_percentage`
                                        , `take_card_pv`
                                        , `take_card_pv_day`
                                        , `take_card_pv_week`
                                        , `take_card_pv_month`
                                        , `take_card_uv`
                                        , `take_card_uv_day`
                                        , `take_card_uv_week`
                                        , `take_card_uv_month`
                                        , `use_card_pv`
                                        , `use_card_pv_day`
                                        , `use_card_pv_week`
                                        , `use_card_pv_month`
                                        , `use_card_uv`
                                        , `use_card_uv_day`
                                        , `use_card_uv_week`
                                        , `use_card_uv_month`
                                        , `update_time`
                              )
    VALUES (
                                                  #{merchantId,jdbcType=BIGINT}
                                        , #{statisticsDate,jdbcType=DATE}
                                        , #{cardtype,jdbcType=INTEGER}
                                        , #{takeChannel,jdbcType=INTEGER}
                                        , #{takeCardPvUseCardPvPercentage,jdbcType=BigDecimal}
                                        , #{takeCardPv,jdbcType=BIGINT}
                                        , #{takeCardPvDay,jdbcType=BigDecimal}
                                        , #{takeCardPvWeek,jdbcType=BigDecimal}
                                        , #{takeCardPvMonth,jdbcType=BigDecimal}
                                        , #{takeCardUv,jdbcType=BIGINT}
                                        , #{takeCardUvDay,jdbcType=BigDecimal}
                                        , #{takeCardUvWeek,jdbcType=BigDecimal}
                                        , #{takeCardUvMonth,jdbcType=BigDecimal}
                                        , #{useCardPv,jdbcType=BIGINT}
                                        , #{useCardPvDay,jdbcType=BigDecimal}
                                        , #{useCardPvWeek,jdbcType=BigDecimal}
                                        , #{useCardPvMonth,jdbcType=BigDecimal}
                                        , #{useCardUv,jdbcType=BIGINT}
                                        , #{useCardUvDay,jdbcType=BigDecimal}
                                        , #{useCardUvWeek,jdbcType=BigDecimal}
                                        , #{useCardUvMonth,jdbcType=BigDecimal}
                                        , #{updateTime,jdbcType=TIMESTAMP}
                     
        )
    </insert>

<insert id="insertBatch" parameterType="java.util.List">
    INSERT INTO o2o_card_daily_statistics
        (
                                                                                         `merchant_id`
                                                                                    , `statistics_date`
                                                                                    , `cardtype`
                                                                                    , `take_channel`
                                                                                    , `take_card_pv_use_card_pv_percentage`
                                                                                    , `take_card_pv`
                                                                                    , `take_card_pv_day`
                                                                                    , `take_card_pv_week`
                                                                                    , `take_card_pv_month`
                                                                                    , `take_card_uv`
                                                                                    , `take_card_uv_day`
                                                                                    , `take_card_uv_week`
                                                                                    , `take_card_uv_month`
                                                                                    , `use_card_pv`
                                                                                    , `use_card_pv_day`
                                                                                    , `use_card_pv_week`
                                                                                    , `use_card_pv_month`
                                                                                    , `use_card_uv`
                                                                                    , `use_card_uv_day`
                                                                                    , `use_card_uv_week`
                                                                                    , `use_card_uv_month`
                                                                                    , `update_time`
                                                        )
    VALUES 
        <foreach collection="records" index="index" item="record" separator=",">
            (
                                                                                                                 #{record.merchantId,jdbcType=BIGINT}
                                                                                                        , #{record.statisticsDate,jdbcType=DATE}
                                                                                                        , #{record.cardtype,jdbcType=INTEGER}
                                                                                                        , #{record.takeChannel,jdbcType=INTEGER}
                                                                                                        , #{record.takeCardPvUseCardPvPercentage,jdbcType=BigDecimal}
                                                                                                        , #{record.takeCardPv,jdbcType=BIGINT}
                                                                                                        , #{record.takeCardPvDay,jdbcType=BigDecimal}
                                                                                                        , #{record.takeCardPvWeek,jdbcType=BigDecimal}
                                                                                                        , #{record.takeCardPvMonth,jdbcType=BigDecimal}
                                                                                                        , #{record.takeCardUv,jdbcType=BIGINT}
                                                                                                        , #{record.takeCardUvDay,jdbcType=BigDecimal}
                                                                                                        , #{record.takeCardUvWeek,jdbcType=BigDecimal}
                                                                                                        , #{record.takeCardUvMonth,jdbcType=BigDecimal}
                                                                                                        , #{record.useCardPv,jdbcType=BIGINT}
                                                                                                        , #{record.useCardPvDay,jdbcType=BigDecimal}
                                                                                                        , #{record.useCardPvWeek,jdbcType=BigDecimal}
                                                                                                        , #{record.useCardPvMonth,jdbcType=BigDecimal}
                                                                                                        , #{record.useCardUv,jdbcType=BIGINT}
                                                                                                        , #{record.useCardUvDay,jdbcType=BigDecimal}
                                                                                                        , #{record.useCardUvWeek,jdbcType=BigDecimal}
                                                                                                        , #{record.useCardUvMonth,jdbcType=BigDecimal}
                                                                                                        , #{record.updateTime,jdbcType=TIMESTAMP}
                                                                        )
        </foreach> 
</insert>

    <update id="update" parameterType="com.test.domain.O2oCardDailyStatistics">
    UPDATE o2o_card_daily_statistics
    SET 
                                                 merchant_id=#{merchantId,jdbcType=BIGINT}
                                     , statistics_date=#{statisticsDate,jdbcType=DATE}
                                     , cardtype=#{cardtype,jdbcType=INTEGER}
                                     , take_channel=#{takeChannel,jdbcType=INTEGER}
                                     , take_card_pv_use_card_pv_percentage=#{takeCardPvUseCardPvPercentage,jdbcType=BigDecimal}
                                     , take_card_pv=#{takeCardPv,jdbcType=BIGINT}
                                     , take_card_pv_day=#{takeCardPvDay,jdbcType=BigDecimal}
                                     , take_card_pv_week=#{takeCardPvWeek,jdbcType=BigDecimal}
                                     , take_card_pv_month=#{takeCardPvMonth,jdbcType=BigDecimal}
                                     , take_card_uv=#{takeCardUv,jdbcType=BIGINT}
                                     , take_card_uv_day=#{takeCardUvDay,jdbcType=BigDecimal}
                                     , take_card_uv_week=#{takeCardUvWeek,jdbcType=BigDecimal}
                                     , take_card_uv_month=#{takeCardUvMonth,jdbcType=BigDecimal}
                                     , use_card_pv=#{useCardPv,jdbcType=BIGINT}
                                     , use_card_pv_day=#{useCardPvDay,jdbcType=BigDecimal}
                                     , use_card_pv_week=#{useCardPvWeek,jdbcType=BigDecimal}
                                     , use_card_pv_month=#{useCardPvMonth,jdbcType=BigDecimal}
                                     , use_card_uv=#{useCardUv,jdbcType=BIGINT}
                                     , use_card_uv_day=#{useCardUvDay,jdbcType=BigDecimal}
                                     , use_card_uv_week=#{useCardUvWeek,jdbcType=BigDecimal}
                                     , use_card_uv_month=#{useCardUvMonth,jdbcType=BigDecimal}
                                     , update_time=#{updateTime,jdbcType=TIMESTAMP}
                     WHERE id = #{id,jdbcType=BIGINT}
    </update>

    <update id="updateByPrimaryKeySelective" parameterType="com.test.domain.O2oCardDailyStatistics" >
        UPDATE o2o_card_daily_statistics
        <set>
            set                                                             <if test="merchant_id !=null">
                    merchant_id=#{merchantId,jdbcType=BIGINT}
                </if>
                                                            <if test="statistics_date !=null">
                    statistics_date=#{statisticsDate,jdbcType=DATE}
                </if>
                                                            <if test="cardtype !=null">
                    cardtype=#{cardtype,jdbcType=INTEGER}
                </if>
                                                            <if test="take_channel !=null">
                    take_channel=#{takeChannel,jdbcType=INTEGER}
                </if>
                                                            <if test="take_card_pv_use_card_pv_percentage !=null">
                    take_card_pv_use_card_pv_percentage=#{takeCardPvUseCardPvPercentage,jdbcType=BigDecimal}
                </if>
                                                            <if test="take_card_pv !=null">
                    take_card_pv=#{takeCardPv,jdbcType=BIGINT}
                </if>
                                                            <if test="take_card_pv_day !=null">
                    take_card_pv_day=#{takeCardPvDay,jdbcType=BigDecimal}
                </if>
                                                            <if test="take_card_pv_week !=null">
                    take_card_pv_week=#{takeCardPvWeek,jdbcType=BigDecimal}
                </if>
                                                            <if test="take_card_pv_month !=null">
                    take_card_pv_month=#{takeCardPvMonth,jdbcType=BigDecimal}
                </if>
                                                            <if test="take_card_uv !=null">
                    take_card_uv=#{takeCardUv,jdbcType=BIGINT}
                </if>
                                                            <if test="take_card_uv_day !=null">
                    take_card_uv_day=#{takeCardUvDay,jdbcType=BigDecimal}
                </if>
                                                            <if test="take_card_uv_week !=null">
                    take_card_uv_week=#{takeCardUvWeek,jdbcType=BigDecimal}
                </if>
                                                            <if test="take_card_uv_month !=null">
                    take_card_uv_month=#{takeCardUvMonth,jdbcType=BigDecimal}
                </if>
                                                            <if test="use_card_pv !=null">
                    use_card_pv=#{useCardPv,jdbcType=BIGINT}
                </if>
                                                            <if test="use_card_pv_day !=null">
                    use_card_pv_day=#{useCardPvDay,jdbcType=BigDecimal}
                </if>
                                                            <if test="use_card_pv_week !=null">
                    use_card_pv_week=#{useCardPvWeek,jdbcType=BigDecimal}
                </if>
                                                            <if test="use_card_pv_month !=null">
                    use_card_pv_month=#{useCardPvMonth,jdbcType=BigDecimal}
                </if>
                                                            <if test="use_card_uv !=null">
                    use_card_uv=#{useCardUv,jdbcType=BIGINT}
                </if>
                                                            <if test="use_card_uv_day !=null">
                    use_card_uv_day=#{useCardUvDay,jdbcType=BigDecimal}
                </if>
                                                            <if test="use_card_uv_week !=null">
                    use_card_uv_week=#{useCardUvWeek,jdbcType=BigDecimal}
                </if>
                                                            <if test="use_card_uv_month !=null">
                    use_card_uv_month=#{useCardUvMonth,jdbcType=BigDecimal}
                </if>
                                                            <if test="update_time !=null">
                    update_time=#{updateTime,jdbcType=TIMESTAMP}
                </if>
                                    </set>
        where id = #{id,jdbcType=BIGINT}
    </update>

    <select id="get" resultMap="queryResultMap" parameterType="com.test.domain.O2oCardDailyStatistics">
        SELECT t.*
        FROM o2o_card_daily_statistics t
        WHERE id = #{id,jdbcType=BIGINT}
    </select>
    
    <delete id="del" parameterType="com.test.domain.O2oCardDailyStatistics">
        DELETE FROM o2o_card_daily_statistics
        WHERE id = #{id,jdbcType=BIGINT}
    </delete>

</mapper>