<?xml version="1.0" encoding="UTF-8" ?>
<!DOCTYPE  mapper PUBLIC "-//mybatis.org//DTD Mapper 3.0//EN" "http://mybatis.org/dtd/mybatis-3-mapper.dtd" >
<mapper namespace="com.test.dao.O2oMerchantBindDao">
    <resultMap id="queryResultMap" type="com.test.domain.O2oMerchantBind">
                <result column="id" property="id" jdbcType="BIGINT" />
                <result column="merchantId" property="merchantId" jdbcType="BIGINT" />
                <result column="third_party_merchantId" property="thirdPartyMerchantId" jdbcType="VARCHAR" />
                <result column="purpose" property="purpose" jdbcType="INTEGER" />
                <result column="create_time" property="createTime" jdbcType="TIMESTAMP" />
                <result column="update_time" property="updateTime" jdbcType="TIMESTAMP" />
                <result column="creator" property="creator" jdbcType="VARCHAR" />
                <result column="operator" property="operator" jdbcType="VARCHAR" />
            </resultMap>

    <select id="find" parameterType="org.durcframework.core.expression.ExpressionQuery"
        resultMap="queryResultMap">
        SELECT t.*
        FROM o2o_merchant_bind t
        <include refid="expressionBlock.where" />
        <choose>
            <when test="sortname == null">
                ORDER BY t.id desc
            </when>
            <otherwise>
                ORDER BY ${order}
            </otherwise>
        </choose>
        <if test="!isQueryAll">
            LIMIT
            #{start,jdbcType=INTEGER},#{limit,jdbcType=INTEGER}
        </if>
    </select>


    <select id="findTotalCount" parameterType="org.durcframework.core.expression.ExpressionQuery"
        resultType="java.lang.Integer">
        SELECT count(*) FROM o2o_merchant_bind t
        <include refid="expressionBlock.where" />
    </select>

    <insert id="save" parameterType="com.test.domain.O2oMerchantBind"
    keyProperty="id" keyColumn="id" useGeneratedKeys="true"
    >
    INSERT INTO o2o_merchant_bind
         (
                                                  `merchantId`
                                        , `third_party_merchantId`
                                        , `purpose`
                                        , `create_time`
                                        , `update_time`
                                        , `creator`
                                        , `operator`
                              )
    VALUES (
                                                  #{merchantId,jdbcType=BIGINT}
                                        , #{thirdPartyMerchantId,jdbcType=VARCHAR}
                                        , #{purpose,jdbcType=INTEGER}
                                        , #{createTime,jdbcType=TIMESTAMP}
                                        , #{updateTime,jdbcType=TIMESTAMP}
                                        , #{creator,jdbcType=VARCHAR}
                                        , #{operator,jdbcType=VARCHAR}
                     
        )
    </insert>

<insert id="insertBatch" parameterType="java.util.List">
    INSERT INTO o2o_merchant_bind
        (
                                                                                         `merchantId`
                                                                                    , `third_party_merchantId`
                                                                                    , `purpose`
                                                                                    , `create_time`
                                                                                    , `update_time`
                                                                                    , `creator`
                                                                                    , `operator`
                                                        )
    VALUES 
        <foreach collection="records" index="index" item="record" separator=",">
            (
                                                                                                                 #{record.merchantId,jdbcType=BIGINT}
                                                                                                        , #{record.thirdPartyMerchantId,jdbcType=VARCHAR}
                                                                                                        , #{record.purpose,jdbcType=INTEGER}
                                                                                                        , #{record.createTime,jdbcType=TIMESTAMP}
                                                                                                        , #{record.updateTime,jdbcType=TIMESTAMP}
                                                                                                        , #{record.creator,jdbcType=VARCHAR}
                                                                                                        , #{record.operator,jdbcType=VARCHAR}
                                                                        )
        </foreach> 
</insert>

    <update id="update" parameterType="com.test.domain.O2oMerchantBind">
    UPDATE o2o_merchant_bind
    SET 
                                                 merchantId=#{merchantId,jdbcType=BIGINT}
                                     , third_party_merchantId=#{thirdPartyMerchantId,jdbcType=VARCHAR}
                                     , purpose=#{purpose,jdbcType=INTEGER}
                                     , create_time=#{createTime,jdbcType=TIMESTAMP}
                                     , update_time=#{updateTime,jdbcType=TIMESTAMP}
                                     , creator=#{creator,jdbcType=VARCHAR}
                                     , operator=#{operator,jdbcType=VARCHAR}
                     WHERE id = #{id,jdbcType=BIGINT}
    </update>

    <update id="updateByPrimaryKeySelective" parameterType="com.test.domain.O2oMerchantBind" >
        UPDATE o2o_merchant_bind
        <set>
            set                                                             <if test="merchantId !=null">
                    merchantId=#{merchantId,jdbcType=BIGINT}
                </if>
                                                            <if test="third_party_merchantId !=null">
                    third_party_merchantId=#{thirdPartyMerchantId,jdbcType=VARCHAR}
                </if>
                                                            <if test="purpose !=null">
                    purpose=#{purpose,jdbcType=INTEGER}
                </if>
                                                            <if test="create_time !=null">
                    create_time=#{createTime,jdbcType=TIMESTAMP}
                </if>
                                                            <if test="update_time !=null">
                    update_time=#{updateTime,jdbcType=TIMESTAMP}
                </if>
                                                            <if test="creator !=null">
                    creator=#{creator,jdbcType=VARCHAR}
                </if>
                                                            <if test="operator !=null">
                    operator=#{operator,jdbcType=VARCHAR}
                </if>
                                    </set>
        where id = #{id,jdbcType=BIGINT}
    </update>

    <select id="get" resultMap="queryResultMap" parameterType="com.test.domain.O2oMerchantBind">
        SELECT t.*
        FROM o2o_merchant_bind t
        WHERE id = #{id,jdbcType=BIGINT}
    </select>
    
    <delete id="del" parameterType="com.test.domain.O2oMerchantBind">
        DELETE FROM o2o_merchant_bind
        WHERE id = #{id,jdbcType=BIGINT}
    </delete>

</mapper>