<?xml version="1.0" encoding="UTF-8" ?>
<!DOCTYPE  mapper PUBLIC "-//mybatis.org//DTD Mapper 3.0//EN" "http://mybatis.org/dtd/mybatis-3-mapper.dtd" >
<mapper namespace="com.test.dao.O2oMicroPageDailyStatisticsDao">
    <resultMap id="queryResultMap" type="com.test.domain.O2oMicroPageDailyStatistics">
                <result column="id" property="id" jdbcType="BIGINT" />
                <result column="merchant_id" property="merchantId" jdbcType="BIGINT" />
                <result column="statistics_date" property="statisticsDate" jdbcType="DATE" />
                <result column="pv" property="pv" jdbcType="BIGINT" />
                <result column="pv_day" property="pvDay" jdbcType="BigDecimal" />
                <result column="pv_week" property="pvWeek" jdbcType="BigDecimal" />
                <result column="pv_month" property="pvMonth" jdbcType="BigDecimal" />
                <result column="uv" property="uv" jdbcType="BIGINT" />
                <result column="uv_day" property="uvDay" jdbcType="BigDecimal" />
                <result column="uv_week" property="uvWeek" jdbcType="BigDecimal" />
                <result column="uv_month" property="uvMonth" jdbcType="BigDecimal" />
                <result column="share_pv" property="sharePv" jdbcType="BIGINT" />
                <result column="share_pv_day" property="sharePvDay" jdbcType="BigDecimal" />
                <result column="share_pv_week" property="sharePvWeek" jdbcType="BigDecimal" />
                <result column="share_pv_month" property="sharePvMonth" jdbcType="BigDecimal" />
                <result column="share_uv" property="shareUv" jdbcType="BIGINT" />
                <result column="share_uv_day" property="shareUvDay" jdbcType="BigDecimal" />
                <result column="share_uv_week" property="shareUvWeek" jdbcType="BigDecimal" />
                <result column="share_uv_month" property="shareUvMonth" jdbcType="BigDecimal" />
                <result column="update_time" property="updateTime" jdbcType="TIMESTAMP" />
            </resultMap>

    <select id="find" parameterType="org.durcframework.core.expression.ExpressionQuery"
        resultMap="queryResultMap">
        SELECT t.*
        FROM o2o_micro_page_daily_statistics t
        <include refid="expressionBlock.where" />
        <choose>
            <when test="sortname == null">
                ORDER BY t.id desc
            </when>
            <otherwise>
                ORDER BY ${order}
            </otherwise>
        </choose>
        <if test="!isQueryAll">
            LIMIT
            #{start,jdbcType=INTEGER},#{limit,jdbcType=INTEGER}
        </if>
    </select>


    <select id="findTotalCount" parameterType="org.durcframework.core.expression.ExpressionQuery"
        resultType="java.lang.Integer">
        SELECT count(*) FROM o2o_micro_page_daily_statistics t
        <include refid="expressionBlock.where" />
    </select>

    <insert id="save" parameterType="com.test.domain.O2oMicroPageDailyStatistics"
    keyProperty="id" keyColumn="id" useGeneratedKeys="true"
    >
    INSERT INTO o2o_micro_page_daily_statistics
         (
                                                  `merchant_id`
                                        , `statistics_date`
                                        , `pv`
                                        , `pv_day`
                                        , `pv_week`
                                        , `pv_month`
                                        , `uv`
                                        , `uv_day`
                                        , `uv_week`
                                        , `uv_month`
                                        , `share_pv`
                                        , `share_pv_day`
                                        , `share_pv_week`
                                        , `share_pv_month`
                                        , `share_uv`
                                        , `share_uv_day`
                                        , `share_uv_week`
                                        , `share_uv_month`
                                        , `update_time`
                              )
    VALUES (
                                                  #{merchantId,jdbcType=BIGINT}
                                        , #{statisticsDate,jdbcType=DATE}
                                        , #{pv,jdbcType=BIGINT}
                                        , #{pvDay,jdbcType=BigDecimal}
                                        , #{pvWeek,jdbcType=BigDecimal}
                                        , #{pvMonth,jdbcType=BigDecimal}
                                        , #{uv,jdbcType=BIGINT}
                                        , #{uvDay,jdbcType=BigDecimal}
                                        , #{uvWeek,jdbcType=BigDecimal}
                                        , #{uvMonth,jdbcType=BigDecimal}
                                        , #{sharePv,jdbcType=BIGINT}
                                        , #{sharePvDay,jdbcType=BigDecimal}
                                        , #{sharePvWeek,jdbcType=BigDecimal}
                                        , #{sharePvMonth,jdbcType=BigDecimal}
                                        , #{shareUv,jdbcType=BIGINT}
                                        , #{shareUvDay,jdbcType=BigDecimal}
                                        , #{shareUvWeek,jdbcType=BigDecimal}
                                        , #{shareUvMonth,jdbcType=BigDecimal}
                                        , #{updateTime,jdbcType=TIMESTAMP}
                     
        )
    </insert>

<insert id="insertBatch" parameterType="java.util.List">
    INSERT INTO o2o_micro_page_daily_statistics
        (
                                                                                         `merchant_id`
                                                                                    , `statistics_date`
                                                                                    , `pv`
                                                                                    , `pv_day`
                                                                                    , `pv_week`
                                                                                    , `pv_month`
                                                                                    , `uv`
                                                                                    , `uv_day`
                                                                                    , `uv_week`
                                                                                    , `uv_month`
                                                                                    , `share_pv`
                                                                                    , `share_pv_day`
                                                                                    , `share_pv_week`
                                                                                    , `share_pv_month`
                                                                                    , `share_uv`
                                                                                    , `share_uv_day`
                                                                                    , `share_uv_week`
                                                                                    , `share_uv_month`
                                                                                    , `update_time`
                                                        )
    VALUES 
        <foreach collection="records" index="index" item="record" separator=",">
            (
                                                                                                                 #{record.merchantId,jdbcType=BIGINT}
                                                                                                        , #{record.statisticsDate,jdbcType=DATE}
                                                                                                        , #{record.pv,jdbcType=BIGINT}
                                                                                                        , #{record.pvDay,jdbcType=BigDecimal}
                                                                                                        , #{record.pvWeek,jdbcType=BigDecimal}
                                                                                                        , #{record.pvMonth,jdbcType=BigDecimal}
                                                                                                        , #{record.uv,jdbcType=BIGINT}
                                                                                                        , #{record.uvDay,jdbcType=BigDecimal}
                                                                                                        , #{record.uvWeek,jdbcType=BigDecimal}
                                                                                                        , #{record.uvMonth,jdbcType=BigDecimal}
                                                                                                        , #{record.sharePv,jdbcType=BIGINT}
                                                                                                        , #{record.sharePvDay,jdbcType=BigDecimal}
                                                                                                        , #{record.sharePvWeek,jdbcType=BigDecimal}
                                                                                                        , #{record.sharePvMonth,jdbcType=BigDecimal}
                                                                                                        , #{record.shareUv,jdbcType=BIGINT}
                                                                                                        , #{record.shareUvDay,jdbcType=BigDecimal}
                                                                                                        , #{record.shareUvWeek,jdbcType=BigDecimal}
                                                                                                        , #{record.shareUvMonth,jdbcType=BigDecimal}
                                                                                                        , #{record.updateTime,jdbcType=TIMESTAMP}
                                                                        )
        </foreach> 
</insert>

    <update id="update" parameterType="com.test.domain.O2oMicroPageDailyStatistics">
    UPDATE o2o_micro_page_daily_statistics
    SET 
                                                 merchant_id=#{merchantId,jdbcType=BIGINT}
                                     , statistics_date=#{statisticsDate,jdbcType=DATE}
                                     , pv=#{pv,jdbcType=BIGINT}
                                     , pv_day=#{pvDay,jdbcType=BigDecimal}
                                     , pv_week=#{pvWeek,jdbcType=BigDecimal}
                                     , pv_month=#{pvMonth,jdbcType=BigDecimal}
                                     , uv=#{uv,jdbcType=BIGINT}
                                     , uv_day=#{uvDay,jdbcType=BigDecimal}
                                     , uv_week=#{uvWeek,jdbcType=BigDecimal}
                                     , uv_month=#{uvMonth,jdbcType=BigDecimal}
                                     , share_pv=#{sharePv,jdbcType=BIGINT}
                                     , share_pv_day=#{sharePvDay,jdbcType=BigDecimal}
                                     , share_pv_week=#{sharePvWeek,jdbcType=BigDecimal}
                                     , share_pv_month=#{sharePvMonth,jdbcType=BigDecimal}
                                     , share_uv=#{shareUv,jdbcType=BIGINT}
                                     , share_uv_day=#{shareUvDay,jdbcType=BigDecimal}
                                     , share_uv_week=#{shareUvWeek,jdbcType=BigDecimal}
                                     , share_uv_month=#{shareUvMonth,jdbcType=BigDecimal}
                                     , update_time=#{updateTime,jdbcType=TIMESTAMP}
                     WHERE id = #{id,jdbcType=BIGINT}
    </update>

    <update id="updateByPrimaryKeySelective" parameterType="com.test.domain.O2oMicroPageDailyStatistics" >
        UPDATE o2o_micro_page_daily_statistics
        <set>
            set                                                             <if test="merchant_id !=null">
                    merchant_id=#{merchantId,jdbcType=BIGINT}
                </if>
                                                            <if test="statistics_date !=null">
                    statistics_date=#{statisticsDate,jdbcType=DATE}
                </if>
                                                            <if test="pv !=null">
                    pv=#{pv,jdbcType=BIGINT}
                </if>
                                                            <if test="pv_day !=null">
                    pv_day=#{pvDay,jdbcType=BigDecimal}
                </if>
                                                            <if test="pv_week !=null">
                    pv_week=#{pvWeek,jdbcType=BigDecimal}
                </if>
                                                            <if test="pv_month !=null">
                    pv_month=#{pvMonth,jdbcType=BigDecimal}
                </if>
                                                            <if test="uv !=null">
                    uv=#{uv,jdbcType=BIGINT}
                </if>
                                                            <if test="uv_day !=null">
                    uv_day=#{uvDay,jdbcType=BigDecimal}
                </if>
                                                            <if test="uv_week !=null">
                    uv_week=#{uvWeek,jdbcType=BigDecimal}
                </if>
                                                            <if test="uv_month !=null">
                    uv_month=#{uvMonth,jdbcType=BigDecimal}
                </if>
                                                            <if test="share_pv !=null">
                    share_pv=#{sharePv,jdbcType=BIGINT}
                </if>
                                                            <if test="share_pv_day !=null">
                    share_pv_day=#{sharePvDay,jdbcType=BigDecimal}
                </if>
                                                            <if test="share_pv_week !=null">
                    share_pv_week=#{sharePvWeek,jdbcType=BigDecimal}
                </if>
                                                            <if test="share_pv_month !=null">
                    share_pv_month=#{sharePvMonth,jdbcType=BigDecimal}
                </if>
                                                            <if test="share_uv !=null">
                    share_uv=#{shareUv,jdbcType=BIGINT}
                </if>
                                                            <if test="share_uv_day !=null">
                    share_uv_day=#{shareUvDay,jdbcType=BigDecimal}
                </if>
                                                            <if test="share_uv_week !=null">
                    share_uv_week=#{shareUvWeek,jdbcType=BigDecimal}
                </if>
                                                            <if test="share_uv_month !=null">
                    share_uv_month=#{shareUvMonth,jdbcType=BigDecimal}
                </if>
                                                            <if test="update_time !=null">
                    update_time=#{updateTime,jdbcType=TIMESTAMP}
                </if>
                                    </set>
        where id = #{id,jdbcType=BIGINT}
    </update>

    <select id="get" resultMap="queryResultMap" parameterType="com.test.domain.O2oMicroPageDailyStatistics">
        SELECT t.*
        FROM o2o_micro_page_daily_statistics t
        WHERE id = #{id,jdbcType=BIGINT}
    </select>
    
    <delete id="del" parameterType="com.test.domain.O2oMicroPageDailyStatistics">
        DELETE FROM o2o_micro_page_daily_statistics
        WHERE id = #{id,jdbcType=BIGINT}
    </delete>

</mapper>