<?xml version="1.0" encoding="UTF-8" ?>
<!DOCTYPE  mapper PUBLIC "-//mybatis.org//DTD Mapper 3.0//EN" "http://mybatis.org/dtd/mybatis-3-mapper.dtd" >
<mapper namespace="com.test.dao.O2oPageMaterialSingleHourStatisticsDao">
    <resultMap id="queryResultMap" type="com.test.domain.O2oPageMaterialSingleHourStatistics">
                <result column="id" property="id" jdbcType="BIGINT" />
                <result column="merchant_id" property="merchantId" jdbcType="BIGINT" />
                <result column="statistics_date" property="statisticsDate" jdbcType="DATE" />
                <result column="page_id" property="pageId" jdbcType="BIGINT" />
                <result column="hour" property="hour" jdbcType="INTEGER" />
                <result column="pv" property="pv" jdbcType="BIGINT" />
                <result column="update_time" property="updateTime" jdbcType="TIMESTAMP" />
            </resultMap>

    <select id="find" parameterType="org.durcframework.core.expression.ExpressionQuery"
        resultMap="queryResultMap">
        SELECT t.*
        FROM o2o_page_material_single_hour_statistics t
        <include refid="expressionBlock.where" />
        <choose>
            <when test="sortname == null">
                ORDER BY t.id desc
            </when>
            <otherwise>
                ORDER BY ${order}
            </otherwise>
        </choose>
        <if test="!isQueryAll">
            LIMIT
            #{start,jdbcType=INTEGER},#{limit,jdbcType=INTEGER}
        </if>
    </select>


    <select id="findTotalCount" parameterType="org.durcframework.core.expression.ExpressionQuery"
        resultType="java.lang.Integer">
        SELECT count(*) FROM o2o_page_material_single_hour_statistics t
        <include refid="expressionBlock.where" />
    </select>

    <insert id="save" parameterType="com.test.domain.O2oPageMaterialSingleHourStatistics"
    keyProperty="id" keyColumn="id" useGeneratedKeys="true"
    >
    INSERT INTO o2o_page_material_single_hour_statistics
         (
                                                  `merchant_id`
                                        , `statistics_date`
                                        , `page_id`
                                        , `hour`
                                        , `pv`
                                        , `update_time`
                              )
    VALUES (
                                                  #{merchantId,jdbcType=BIGINT}
                                        , #{statisticsDate,jdbcType=DATE}
                                        , #{pageId,jdbcType=BIGINT}
                                        , #{hour,jdbcType=INTEGER}
                                        , #{pv,jdbcType=BIGINT}
                                        , #{updateTime,jdbcType=TIMESTAMP}
                     
        )
    </insert>

<insert id="insertBatch" parameterType="java.util.List">
    INSERT INTO o2o_page_material_single_hour_statistics
        (
                                                                                         `merchant_id`
                                                                                    , `statistics_date`
                                                                                    , `page_id`
                                                                                    , `hour`
                                                                                    , `pv`
                                                                                    , `update_time`
                                                        )
    VALUES 
        <foreach collection="records" index="index" item="record" separator=",">
            (
                                                                                                                 #{record.merchantId,jdbcType=BIGINT}
                                                                                                        , #{record.statisticsDate,jdbcType=DATE}
                                                                                                        , #{record.pageId,jdbcType=BIGINT}
                                                                                                        , #{record.hour,jdbcType=INTEGER}
                                                                                                        , #{record.pv,jdbcType=BIGINT}
                                                                                                        , #{record.updateTime,jdbcType=TIMESTAMP}
                                                                        )
        </foreach> 
</insert>

    <update id="update" parameterType="com.test.domain.O2oPageMaterialSingleHourStatistics">
    UPDATE o2o_page_material_single_hour_statistics
    SET 
                                                 merchant_id=#{merchantId,jdbcType=BIGINT}
                                     , statistics_date=#{statisticsDate,jdbcType=DATE}
                                     , page_id=#{pageId,jdbcType=BIGINT}
                                     , hour=#{hour,jdbcType=INTEGER}
                                     , pv=#{pv,jdbcType=BIGINT}
                                     , update_time=#{updateTime,jdbcType=TIMESTAMP}
                     WHERE id = #{id,jdbcType=BIGINT}
    </update>

    <update id="updateByPrimaryKeySelective" parameterType="com.test.domain.O2oPageMaterialSingleHourStatistics" >
        UPDATE o2o_page_material_single_hour_statistics
        <set>
            set                                                             <if test="merchant_id !=null">
                    merchant_id=#{merchantId,jdbcType=BIGINT}
                </if>
                                                            <if test="statistics_date !=null">
                    statistics_date=#{statisticsDate,jdbcType=DATE}
                </if>
                                                            <if test="page_id !=null">
                    page_id=#{pageId,jdbcType=BIGINT}
                </if>
                                                            <if test="hour !=null">
                    hour=#{hour,jdbcType=INTEGER}
                </if>
                                                            <if test="pv !=null">
                    pv=#{pv,jdbcType=BIGINT}
                </if>
                                                            <if test="update_time !=null">
                    update_time=#{updateTime,jdbcType=TIMESTAMP}
                </if>
                                    </set>
        where id = #{id,jdbcType=BIGINT}
    </update>

    <select id="get" resultMap="queryResultMap" parameterType="com.test.domain.O2oPageMaterialSingleHourStatistics">
        SELECT t.*
        FROM o2o_page_material_single_hour_statistics t
        WHERE id = #{id,jdbcType=BIGINT}
    </select>
    
    <delete id="del" parameterType="com.test.domain.O2oPageMaterialSingleHourStatistics">
        DELETE FROM o2o_page_material_single_hour_statistics
        WHERE id = #{id,jdbcType=BIGINT}
    </delete>

</mapper>