<?xml version="1.0" encoding="UTF-8" ?>
<!DOCTYPE  mapper PUBLIC "-//mybatis.org//DTD Mapper 3.0//EN" "http://mybatis.org/dtd/mybatis-3-mapper.dtd" >
<mapper namespace="com.test.dao.O2oQrcodeDao">
    <resultMap id="queryResultMap" type="com.test.domain.O2oQrcode">
                <result column="qr_code_id" property="qrCodeId" jdbcType="BIGINT" />
                <result column="merchant_id" property="merchantId" jdbcType="BIGINT" />
                <result column="name" property="name" jdbcType="VARCHAR" />
                <result column="type" property="type" jdbcType="INTEGER" />
                <result column="useage_type" property="useageType" jdbcType="INTEGER" />
                <result column="useage_id" property="useageId" jdbcType="VARCHAR" />
                <result column="scence_type" property="scenceType" jdbcType="VARCHAR" />
                <result column="scence_value" property="scenceValue" jdbcType="VARCHAR" />
                <result column="scan_count" property="scanCount" jdbcType="INTEGER" />
                <result column="auto_label_id" property="autoLabelId" jdbcType="INTEGER" />
                <result column="auto_label_value" property="autoLabelValue" jdbcType="VARCHAR" />
                <result column="create_time" property="createTime" jdbcType="TIMESTAMP" />
                <result column="update_time" property="updateTime" jdbcType="TIMESTAMP" />
            </resultMap>

    <select id="find" parameterType="org.durcframework.core.expression.ExpressionQuery"
        resultMap="queryResultMap">
        SELECT t.*
        FROM o2o_qrcode t
        <include refid="expressionBlock.where" />
        <choose>
            <when test="sortname == null">
                ORDER BY t.qr_code_id desc
            </when>
            <otherwise>
                ORDER BY ${order}
            </otherwise>
        </choose>
        <if test="!isQueryAll">
            LIMIT
            #{start,jdbcType=INTEGER},#{limit,jdbcType=INTEGER}
        </if>
    </select>


    <select id="findTotalCount" parameterType="org.durcframework.core.expression.ExpressionQuery"
        resultType="java.lang.Integer">
        SELECT count(*) FROM o2o_qrcode t
        <include refid="expressionBlock.where" />
    </select>

    <insert id="save" parameterType="com.test.domain.O2oQrcode"
    keyProperty="qrCodeId" keyColumn="qr_code_id" useGeneratedKeys="true"
    >
    INSERT INTO o2o_qrcode
         (
                                                  `merchant_id`
                                        , `name`
                                        , `type`
                                        , `useage_type`
                                        , `useage_id`
                                        , `scence_type`
                                        , `scence_value`
                                        , `scan_count`
                                        , `auto_label_id`
                                        , `auto_label_value`
                                        , `create_time`
                                        , `update_time`
                              )
    VALUES (
                                                  #{merchantId,jdbcType=BIGINT}
                                        , #{name,jdbcType=VARCHAR}
                                        , #{type,jdbcType=INTEGER}
                                        , #{useageType,jdbcType=INTEGER}
                                        , #{useageId,jdbcType=VARCHAR}
                                        , #{scenceType,jdbcType=VARCHAR}
                                        , #{scenceValue,jdbcType=VARCHAR}
                                        , #{scanCount,jdbcType=INTEGER}
                                        , #{autoLabelId,jdbcType=INTEGER}
                                        , #{autoLabelValue,jdbcType=VARCHAR}
                                        , #{createTime,jdbcType=TIMESTAMP}
                                        , #{updateTime,jdbcType=TIMESTAMP}
                     
        )
    </insert>

<insert id="insertBatch" parameterType="java.util.List">
    INSERT INTO o2o_qrcode
        (
                                                                                         `merchant_id`
                                                                                    , `name`
                                                                                    , `type`
                                                                                    , `useage_type`
                                                                                    , `useage_id`
                                                                                    , `scence_type`
                                                                                    , `scence_value`
                                                                                    , `scan_count`
                                                                                    , `auto_label_id`
                                                                                    , `auto_label_value`
                                                                                    , `create_time`
                                                                                    , `update_time`
                                                        )
    VALUES 
        <foreach collection="records" index="index" item="record" separator=",">
            (
                                                                                                                 #{record.merchantId,jdbcType=BIGINT}
                                                                                                        , #{record.name,jdbcType=VARCHAR}
                                                                                                        , #{record.type,jdbcType=INTEGER}
                                                                                                        , #{record.useageType,jdbcType=INTEGER}
                                                                                                        , #{record.useageId,jdbcType=VARCHAR}
                                                                                                        , #{record.scenceType,jdbcType=VARCHAR}
                                                                                                        , #{record.scenceValue,jdbcType=VARCHAR}
                                                                                                        , #{record.scanCount,jdbcType=INTEGER}
                                                                                                        , #{record.autoLabelId,jdbcType=INTEGER}
                                                                                                        , #{record.autoLabelValue,jdbcType=VARCHAR}
                                                                                                        , #{record.createTime,jdbcType=TIMESTAMP}
                                                                                                        , #{record.updateTime,jdbcType=TIMESTAMP}
                                                                        )
        </foreach> 
</insert>

    <update id="update" parameterType="com.test.domain.O2oQrcode">
    UPDATE o2o_qrcode
    SET 
                                                 merchant_id=#{merchantId,jdbcType=BIGINT}
                                     , name=#{name,jdbcType=VARCHAR}
                                     , type=#{type,jdbcType=INTEGER}
                                     , useage_type=#{useageType,jdbcType=INTEGER}
                                     , useage_id=#{useageId,jdbcType=VARCHAR}
                                     , scence_type=#{scenceType,jdbcType=VARCHAR}
                                     , scence_value=#{scenceValue,jdbcType=VARCHAR}
                                     , scan_count=#{scanCount,jdbcType=INTEGER}
                                     , auto_label_id=#{autoLabelId,jdbcType=INTEGER}
                                     , auto_label_value=#{autoLabelValue,jdbcType=VARCHAR}
                                     , create_time=#{createTime,jdbcType=TIMESTAMP}
                                     , update_time=#{updateTime,jdbcType=TIMESTAMP}
                     WHERE qr_code_id = #{qrCodeId,jdbcType=BIGINT}
    </update>

    <update id="updateByPrimaryKeySelective" parameterType="com.test.domain.O2oQrcode" >
        UPDATE o2o_qrcode
        <set>
            set                                                             <if test="merchant_id !=null">
                    merchant_id=#{merchantId,jdbcType=BIGINT}
                </if>
                                                            <if test="name !=null">
                    name=#{name,jdbcType=VARCHAR}
                </if>
                                                            <if test="type !=null">
                    type=#{type,jdbcType=INTEGER}
                </if>
                                                            <if test="useage_type !=null">
                    useage_type=#{useageType,jdbcType=INTEGER}
                </if>
                                                            <if test="useage_id !=null">
                    useage_id=#{useageId,jdbcType=VARCHAR}
                </if>
                                                            <if test="scence_type !=null">
                    scence_type=#{scenceType,jdbcType=VARCHAR}
                </if>
                                                            <if test="scence_value !=null">
                    scence_value=#{scenceValue,jdbcType=VARCHAR}
                </if>
                                                            <if test="scan_count !=null">
                    scan_count=#{scanCount,jdbcType=INTEGER}
                </if>
                                                            <if test="auto_label_id !=null">
                    auto_label_id=#{autoLabelId,jdbcType=INTEGER}
                </if>
                                                            <if test="auto_label_value !=null">
                    auto_label_value=#{autoLabelValue,jdbcType=VARCHAR}
                </if>
                                                            <if test="create_time !=null">
                    create_time=#{createTime,jdbcType=TIMESTAMP}
                </if>
                                                            <if test="update_time !=null">
                    update_time=#{updateTime,jdbcType=TIMESTAMP}
                </if>
                                    </set>
        where qr_code_id = #{qrCodeId,jdbcType=BIGINT}
    </update>

    <select id="get" resultMap="queryResultMap" parameterType="com.test.domain.O2oQrcode">
        SELECT t.*
        FROM o2o_qrcode t
        WHERE qr_code_id = #{qrCodeId,jdbcType=BIGINT}
    </select>
    
    <delete id="del" parameterType="com.test.domain.O2oQrcode">
        DELETE FROM o2o_qrcode
        WHERE qr_code_id = #{qrCodeId,jdbcType=BIGINT}
    </delete>

</mapper>