<?xml version="1.0" encoding="UTF-8" ?>
<!DOCTYPE  mapper PUBLIC "-//mybatis.org//DTD Mapper 3.0//EN" "http://mybatis.org/dtd/mybatis-3-mapper.dtd" >
<mapper namespace="com.test.dao.O2oScrmCustomer8Dao">
    <resultMap id="queryResultMap" type="com.test.domain.O2oScrmCustomer8">
                <result column="customer_id" property="customerId" jdbcType="BIGINT" />
                <result column="open_id" property="openId" jdbcType="VARCHAR" />
                <result column="merchant_id" property="merchantId" jdbcType="BIGINT" />
                <result column="store_id" property="storeId" jdbcType="BIGINT" />
                <result column="nickname" property="nickname" jdbcType="VARCHAR" />
                <result column="name" property="name" jdbcType="VARCHAR" />
                <result column="gender" property="gender" jdbcType="CHAR" />
                <result column="birthday" property="birthday" jdbcType="DATE" />
                <result column="province" property="province" jdbcType="VARCHAR" />
                <result column="city" property="city" jdbcType="VARCHAR" />
                <result column="district" property="district" jdbcType="VARCHAR" />
                <result column="address" property="address" jdbcType="VARCHAR" />
                <result column="mobile" property="mobile" jdbcType="CHAR" />
                <result column="validated_mobile" property="validatedMobile" jdbcType="VARCHAR" />
                <result column="mail" property="mail" jdbcType="VARCHAR" />
                <result column="identity_card" property="identityCard" jdbcType="VARCHAR" />
                <result column="education" property="education" jdbcType="VARCHAR" />
                <result column="industry" property="industry" jdbcType="VARCHAR" />
                <result column="hobby" property="hobby" jdbcType="VARCHAR" />
                <result column="job" property="job" jdbcType="VARCHAR" />
                <result column="income" property="income" jdbcType="VARCHAR" />
                <result column="photo" property="photo" jdbcType="VARCHAR" />
                <result column="register_time" property="registerTime" jdbcType="TIMESTAMP" />
                <result column="meber_level" property="meberLevel" jdbcType="VARCHAR" />
                <result column="meber_card" property="meberCard" jdbcType="VARCHAR" />
                <result column="score" property="score" jdbcType="BIGINT" />
                <result column="available" property="available" jdbcType="FLOAT" />
                <result column="meber_id" property="meberId" jdbcType="VARCHAR" />
                <result column="card_time" property="cardTime" jdbcType="TIMESTAMP" />
                <result column="sum_score" property="sumScore" jdbcType="BIGINT" />
                <result column="meber_type" property="meberType" jdbcType="INTEGER" />
                <result column="custom_filed" property="customFiled" jdbcType="VARCHAR" />
                <result column="trade_count" property="tradeCount" jdbcType="BIGINT" />
                <result column="last_trade_time" property="lastTradeTime" jdbcType="TIMESTAMP" />
                <result column="avg_amount" property="avgAmount" jdbcType="FLOAT" />
                <result column="amount" property="amount" jdbcType="FLOAT" />
                <result column="status" property="status" jdbcType="INTEGER" />
                <result column="update_time" property="updateTime" jdbcType="TIMESTAMP" />
            </resultMap>

    <select id="find" parameterType="org.durcframework.core.expression.ExpressionQuery"
        resultMap="queryResultMap">
        SELECT t.*
        FROM o2o_scrm_customer_8 t
        <include refid="expressionBlock.where" />
        <choose>
            <when test="sortname == null">
                ORDER BY t.customer_id desc
            </when>
            <otherwise>
                ORDER BY ${order}
            </otherwise>
        </choose>
        <if test="!isQueryAll">
            LIMIT
            #{start,jdbcType=INTEGER},#{limit,jdbcType=INTEGER}
        </if>
    </select>


    <select id="findTotalCount" parameterType="org.durcframework.core.expression.ExpressionQuery"
        resultType="java.lang.Integer">
        SELECT count(*) FROM o2o_scrm_customer_8 t
        <include refid="expressionBlock.where" />
    </select>

    <insert id="save" parameterType="com.test.domain.O2oScrmCustomer8"
    keyProperty="customerId" keyColumn="customer_id" useGeneratedKeys="true"
    >
    INSERT INTO o2o_scrm_customer_8
         (
                                                  `open_id`
                                        , `merchant_id`
                                        , `store_id`
                                        , `nickname`
                                        , `name`
                                        , `gender`
                                        , `birthday`
                                        , `province`
                                        , `city`
                                        , `district`
                                        , `address`
                                        , `mobile`
                                        , `validated_mobile`
                                        , `mail`
                                        , `identity_card`
                                        , `education`
                                        , `industry`
                                        , `hobby`
                                        , `job`
                                        , `income`
                                        , `photo`
                                        , `register_time`
                                        , `meber_level`
                                        , `meber_card`
                                        , `score`
                                        , `available`
                                        , `meber_id`
                                        , `card_time`
                                        , `sum_score`
                                        , `meber_type`
                                        , `custom_filed`
                                        , `trade_count`
                                        , `last_trade_time`
                                        , `avg_amount`
                                        , `amount`
                                        , `status`
                                        , `update_time`
                              )
    VALUES (
                                                  #{openId,jdbcType=VARCHAR}
                                        , #{merchantId,jdbcType=BIGINT}
                                        , #{storeId,jdbcType=BIGINT}
                                        , #{nickname,jdbcType=VARCHAR}
                                        , #{name,jdbcType=VARCHAR}
                                        , #{gender,jdbcType=CHAR}
                                        , #{birthday,jdbcType=DATE}
                                        , #{province,jdbcType=VARCHAR}
                                        , #{city,jdbcType=VARCHAR}
                                        , #{district,jdbcType=VARCHAR}
                                        , #{address,jdbcType=VARCHAR}
                                        , #{mobile,jdbcType=CHAR}
                                        , #{validatedMobile,jdbcType=VARCHAR}
                                        , #{mail,jdbcType=VARCHAR}
                                        , #{identityCard,jdbcType=VARCHAR}
                                        , #{education,jdbcType=VARCHAR}
                                        , #{industry,jdbcType=VARCHAR}
                                        , #{hobby,jdbcType=VARCHAR}
                                        , #{job,jdbcType=VARCHAR}
                                        , #{income,jdbcType=VARCHAR}
                                        , #{photo,jdbcType=VARCHAR}
                                        , #{registerTime,jdbcType=TIMESTAMP}
                                        , #{meberLevel,jdbcType=VARCHAR}
                                        , #{meberCard,jdbcType=VARCHAR}
                                        , #{score,jdbcType=BIGINT}
                                        , #{available,jdbcType=FLOAT}
                                        , #{meberId,jdbcType=VARCHAR}
                                        , #{cardTime,jdbcType=TIMESTAMP}
                                        , #{sumScore,jdbcType=BIGINT}
                                        , #{meberType,jdbcType=INTEGER}
                                        , #{customFiled,jdbcType=VARCHAR}
                                        , #{tradeCount,jdbcType=BIGINT}
                                        , #{lastTradeTime,jdbcType=TIMESTAMP}
                                        , #{avgAmount,jdbcType=FLOAT}
                                        , #{amount,jdbcType=FLOAT}
                                        , #{status,jdbcType=INTEGER}
                                        , #{updateTime,jdbcType=TIMESTAMP}
                     
        )
    </insert>

<insert id="insertBatch" parameterType="java.util.List">
    INSERT INTO o2o_scrm_customer_8
        (
                                                                                         `open_id`
                                                                                    , `merchant_id`
                                                                                    , `store_id`
                                                                                    , `nickname`
                                                                                    , `name`
                                                                                    , `gender`
                                                                                    , `birthday`
                                                                                    , `province`
                                                                                    , `city`
                                                                                    , `district`
                                                                                    , `address`
                                                                                    , `mobile`
                                                                                    , `validated_mobile`
                                                                                    , `mail`
                                                                                    , `identity_card`
                                                                                    , `education`
                                                                                    , `industry`
                                                                                    , `hobby`
                                                                                    , `job`
                                                                                    , `income`
                                                                                    , `photo`
                                                                                    , `register_time`
                                                                                    , `meber_level`
                                                                                    , `meber_card`
                                                                                    , `score`
                                                                                    , `available`
                                                                                    , `meber_id`
                                                                                    , `card_time`
                                                                                    , `sum_score`
                                                                                    , `meber_type`
                                                                                    , `custom_filed`
                                                                                    , `trade_count`
                                                                                    , `last_trade_time`
                                                                                    , `avg_amount`
                                                                                    , `amount`
                                                                                    , `status`
                                                                                    , `update_time`
                                                        )
    VALUES 
        <foreach collection="records" index="index" item="record" separator=",">
            (
                                                                                                                 #{record.openId,jdbcType=VARCHAR}
                                                                                                        , #{record.merchantId,jdbcType=BIGINT}
                                                                                                        , #{record.storeId,jdbcType=BIGINT}
                                                                                                        , #{record.nickname,jdbcType=VARCHAR}
                                                                                                        , #{record.name,jdbcType=VARCHAR}
                                                                                                        , #{record.gender,jdbcType=CHAR}
                                                                                                        , #{record.birthday,jdbcType=DATE}
                                                                                                        , #{record.province,jdbcType=VARCHAR}
                                                                                                        , #{record.city,jdbcType=VARCHAR}
                                                                                                        , #{record.district,jdbcType=VARCHAR}
                                                                                                        , #{record.address,jdbcType=VARCHAR}
                                                                                                        , #{record.mobile,jdbcType=CHAR}
                                                                                                        , #{record.validatedMobile,jdbcType=VARCHAR}
                                                                                                        , #{record.mail,jdbcType=VARCHAR}
                                                                                                        , #{record.identityCard,jdbcType=VARCHAR}
                                                                                                        , #{record.education,jdbcType=VARCHAR}
                                                                                                        , #{record.industry,jdbcType=VARCHAR}
                                                                                                        , #{record.hobby,jdbcType=VARCHAR}
                                                                                                        , #{record.job,jdbcType=VARCHAR}
                                                                                                        , #{record.income,jdbcType=VARCHAR}
                                                                                                        , #{record.photo,jdbcType=VARCHAR}
                                                                                                        , #{record.registerTime,jdbcType=TIMESTAMP}
                                                                                                        , #{record.meberLevel,jdbcType=VARCHAR}
                                                                                                        , #{record.meberCard,jdbcType=VARCHAR}
                                                                                                        , #{record.score,jdbcType=BIGINT}
                                                                                                        , #{record.available,jdbcType=FLOAT}
                                                                                                        , #{record.meberId,jdbcType=VARCHAR}
                                                                                                        , #{record.cardTime,jdbcType=TIMESTAMP}
                                                                                                        , #{record.sumScore,jdbcType=BIGINT}
                                                                                                        , #{record.meberType,jdbcType=INTEGER}
                                                                                                        , #{record.customFiled,jdbcType=VARCHAR}
                                                                                                        , #{record.tradeCount,jdbcType=BIGINT}
                                                                                                        , #{record.lastTradeTime,jdbcType=TIMESTAMP}
                                                                                                        , #{record.avgAmount,jdbcType=FLOAT}
                                                                                                        , #{record.amount,jdbcType=FLOAT}
                                                                                                        , #{record.status,jdbcType=INTEGER}
                                                                                                        , #{record.updateTime,jdbcType=TIMESTAMP}
                                                                        )
        </foreach> 
</insert>

    <update id="update" parameterType="com.test.domain.O2oScrmCustomer8">
    UPDATE o2o_scrm_customer_8
    SET 
                                                 open_id=#{openId,jdbcType=VARCHAR}
                                     , merchant_id=#{merchantId,jdbcType=BIGINT}
                                     , store_id=#{storeId,jdbcType=BIGINT}
                                     , nickname=#{nickname,jdbcType=VARCHAR}
                                     , name=#{name,jdbcType=VARCHAR}
                                     , gender=#{gender,jdbcType=CHAR}
                                     , birthday=#{birthday,jdbcType=DATE}
                                     , province=#{province,jdbcType=VARCHAR}
                                     , city=#{city,jdbcType=VARCHAR}
                                     , district=#{district,jdbcType=VARCHAR}
                                     , address=#{address,jdbcType=VARCHAR}
                                     , mobile=#{mobile,jdbcType=CHAR}
                                     , validated_mobile=#{validatedMobile,jdbcType=VARCHAR}
                                     , mail=#{mail,jdbcType=VARCHAR}
                                     , identity_card=#{identityCard,jdbcType=VARCHAR}
                                     , education=#{education,jdbcType=VARCHAR}
                                     , industry=#{industry,jdbcType=VARCHAR}
                                     , hobby=#{hobby,jdbcType=VARCHAR}
                                     , job=#{job,jdbcType=VARCHAR}
                                     , income=#{income,jdbcType=VARCHAR}
                                     , photo=#{photo,jdbcType=VARCHAR}
                                     , register_time=#{registerTime,jdbcType=TIMESTAMP}
                                     , meber_level=#{meberLevel,jdbcType=VARCHAR}
                                     , meber_card=#{meberCard,jdbcType=VARCHAR}
                                     , score=#{score,jdbcType=BIGINT}
                                     , available=#{available,jdbcType=FLOAT}
                                     , meber_id=#{meberId,jdbcType=VARCHAR}
                                     , card_time=#{cardTime,jdbcType=TIMESTAMP}
                                     , sum_score=#{sumScore,jdbcType=BIGINT}
                                     , meber_type=#{meberType,jdbcType=INTEGER}
                                     , custom_filed=#{customFiled,jdbcType=VARCHAR}
                                     , trade_count=#{tradeCount,jdbcType=BIGINT}
                                     , last_trade_time=#{lastTradeTime,jdbcType=TIMESTAMP}
                                     , avg_amount=#{avgAmount,jdbcType=FLOAT}
                                     , amount=#{amount,jdbcType=FLOAT}
                                     , status=#{status,jdbcType=INTEGER}
                                     , update_time=#{updateTime,jdbcType=TIMESTAMP}
                     WHERE customer_id = #{customerId,jdbcType=BIGINT}
    </update>

    <update id="updateByPrimaryKeySelective" parameterType="com.test.domain.O2oScrmCustomer8" >
        UPDATE o2o_scrm_customer_8
        <set>
            set                                                             <if test="open_id !=null">
                    open_id=#{openId,jdbcType=VARCHAR}
                </if>
                                                            <if test="merchant_id !=null">
                    merchant_id=#{merchantId,jdbcType=BIGINT}
                </if>
                                                            <if test="store_id !=null">
                    store_id=#{storeId,jdbcType=BIGINT}
                </if>
                                                            <if test="nickname !=null">
                    nickname=#{nickname,jdbcType=VARCHAR}
                </if>
                                                            <if test="name !=null">
                    name=#{name,jdbcType=VARCHAR}
                </if>
                                                            <if test="gender !=null">
                    gender=#{gender,jdbcType=CHAR}
                </if>
                                                            <if test="birthday !=null">
                    birthday=#{birthday,jdbcType=DATE}
                </if>
                                                            <if test="province !=null">
                    province=#{province,jdbcType=VARCHAR}
                </if>
                                                            <if test="city !=null">
                    city=#{city,jdbcType=VARCHAR}
                </if>
                                                            <if test="district !=null">
                    district=#{district,jdbcType=VARCHAR}
                </if>
                                                            <if test="address !=null">
                    address=#{address,jdbcType=VARCHAR}
                </if>
                                                            <if test="mobile !=null">
                    mobile=#{mobile,jdbcType=CHAR}
                </if>
                                                            <if test="validated_mobile !=null">
                    validated_mobile=#{validatedMobile,jdbcType=VARCHAR}
                </if>
                                                            <if test="mail !=null">
                    mail=#{mail,jdbcType=VARCHAR}
                </if>
                                                            <if test="identity_card !=null">
                    identity_card=#{identityCard,jdbcType=VARCHAR}
                </if>
                                                            <if test="education !=null">
                    education=#{education,jdbcType=VARCHAR}
                </if>
                                                            <if test="industry !=null">
                    industry=#{industry,jdbcType=VARCHAR}
                </if>
                                                            <if test="hobby !=null">
                    hobby=#{hobby,jdbcType=VARCHAR}
                </if>
                                                            <if test="job !=null">
                    job=#{job,jdbcType=VARCHAR}
                </if>
                                                            <if test="income !=null">
                    income=#{income,jdbcType=VARCHAR}
                </if>
                                                            <if test="photo !=null">
                    photo=#{photo,jdbcType=VARCHAR}
                </if>
                                                            <if test="register_time !=null">
                    register_time=#{registerTime,jdbcType=TIMESTAMP}
                </if>
                                                            <if test="meber_level !=null">
                    meber_level=#{meberLevel,jdbcType=VARCHAR}
                </if>
                                                            <if test="meber_card !=null">
                    meber_card=#{meberCard,jdbcType=VARCHAR}
                </if>
                                                            <if test="score !=null">
                    score=#{score,jdbcType=BIGINT}
                </if>
                                                            <if test="available !=null">
                    available=#{available,jdbcType=FLOAT}
                </if>
                                                            <if test="meber_id !=null">
                    meber_id=#{meberId,jdbcType=VARCHAR}
                </if>
                                                            <if test="card_time !=null">
                    card_time=#{cardTime,jdbcType=TIMESTAMP}
                </if>
                                                            <if test="sum_score !=null">
                    sum_score=#{sumScore,jdbcType=BIGINT}
                </if>
                                                            <if test="meber_type !=null">
                    meber_type=#{meberType,jdbcType=INTEGER}
                </if>
                                                            <if test="custom_filed !=null">
                    custom_filed=#{customFiled,jdbcType=VARCHAR}
                </if>
                                                            <if test="trade_count !=null">
                    trade_count=#{tradeCount,jdbcType=BIGINT}
                </if>
                                                            <if test="last_trade_time !=null">
                    last_trade_time=#{lastTradeTime,jdbcType=TIMESTAMP}
                </if>
                                                            <if test="avg_amount !=null">
                    avg_amount=#{avgAmount,jdbcType=FLOAT}
                </if>
                                                            <if test="amount !=null">
                    amount=#{amount,jdbcType=FLOAT}
                </if>
                                                            <if test="status !=null">
                    status=#{status,jdbcType=INTEGER}
                </if>
                                                            <if test="update_time !=null">
                    update_time=#{updateTime,jdbcType=TIMESTAMP}
                </if>
                                    </set>
        where customer_id = #{customerId,jdbcType=BIGINT}
    </update>

    <select id="get" resultMap="queryResultMap" parameterType="com.test.domain.O2oScrmCustomer8">
        SELECT t.*
        FROM o2o_scrm_customer_8 t
        WHERE customer_id = #{customerId,jdbcType=BIGINT}
    </select>
    
    <delete id="del" parameterType="com.test.domain.O2oScrmCustomer8">
        DELETE FROM o2o_scrm_customer_8
        WHERE customer_id = #{customerId,jdbcType=BIGINT}
    </delete>

</mapper>