<?xml version="1.0" encoding="UTF-8" ?>
<!DOCTYPE  mapper PUBLIC "-//mybatis.org//DTD Mapper 3.0//EN" "http://mybatis.org/dtd/mybatis-3-mapper.dtd" >
<mapper namespace="com.test.dao.O2oStoreTerminalSupplierDao">
    <resultMap id="queryResultMap" type="com.test.domain.O2oStoreTerminalSupplier">
                <result column="supplier_id" property="supplierId" jdbcType="BIGINT" />
                <result column="terminal_type" property="terminalType" jdbcType="INTEGER" />
                <result column="develper_id" property="develperId" jdbcType="BIGINT" />
                <result column="agent_supplier_id" property="agentSupplierId" jdbcType="BIGINT" />
                <result column="supplier_name" property="supplierName" jdbcType="VARCHAR" />
                <result column="create_time" property="createTime" jdbcType="TIMESTAMP" />
                <result column="update_time" property="updateTime" jdbcType="TIMESTAMP" />
                <result column="create_account_id" property="createAccountId" jdbcType="BIGINT" />
                <result column="update_account_id" property="updateAccountId" jdbcType="BIGINT" />
            </resultMap>

    <select id="find" parameterType="org.durcframework.core.expression.ExpressionQuery"
        resultMap="queryResultMap">
        SELECT t.*
        FROM o2o_store_terminal_supplier t
        <include refid="expressionBlock.where" />
        <choose>
            <when test="sortname == null">
                ORDER BY t.supplier_id desc
            </when>
            <otherwise>
                ORDER BY ${order}
            </otherwise>
        </choose>
        <if test="!isQueryAll">
            LIMIT
            #{start,jdbcType=INTEGER},#{limit,jdbcType=INTEGER}
        </if>
    </select>


    <select id="findTotalCount" parameterType="org.durcframework.core.expression.ExpressionQuery"
        resultType="java.lang.Integer">
        SELECT count(*) FROM o2o_store_terminal_supplier t
        <include refid="expressionBlock.where" />
    </select>

    <insert id="save" parameterType="com.test.domain.O2oStoreTerminalSupplier"
    keyProperty="supplierId" keyColumn="supplier_id" useGeneratedKeys="true"
    >
    INSERT INTO o2o_store_terminal_supplier
         (
                                                  `terminal_type`
                                        , `develper_id`
                                        , `agent_supplier_id`
                                        , `supplier_name`
                                        , `create_time`
                                        , `update_time`
                                        , `create_account_id`
                                        , `update_account_id`
                              )
    VALUES (
                                                  #{terminalType,jdbcType=INTEGER}
                                        , #{develperId,jdbcType=BIGINT}
                                        , #{agentSupplierId,jdbcType=BIGINT}
                                        , #{supplierName,jdbcType=VARCHAR}
                                        , #{createTime,jdbcType=TIMESTAMP}
                                        , #{updateTime,jdbcType=TIMESTAMP}
                                        , #{createAccountId,jdbcType=BIGINT}
                                        , #{updateAccountId,jdbcType=BIGINT}
                     
        )
    </insert>

<insert id="insertBatch" parameterType="java.util.List">
    INSERT INTO o2o_store_terminal_supplier
        (
                                                                                         `terminal_type`
                                                                                    , `develper_id`
                                                                                    , `agent_supplier_id`
                                                                                    , `supplier_name`
                                                                                    , `create_time`
                                                                                    , `update_time`
                                                                                    , `create_account_id`
                                                                                    , `update_account_id`
                                                        )
    VALUES 
        <foreach collection="records" index="index" item="record" separator=",">
            (
                                                                                                                 #{record.terminalType,jdbcType=INTEGER}
                                                                                                        , #{record.develperId,jdbcType=BIGINT}
                                                                                                        , #{record.agentSupplierId,jdbcType=BIGINT}
                                                                                                        , #{record.supplierName,jdbcType=VARCHAR}
                                                                                                        , #{record.createTime,jdbcType=TIMESTAMP}
                                                                                                        , #{record.updateTime,jdbcType=TIMESTAMP}
                                                                                                        , #{record.createAccountId,jdbcType=BIGINT}
                                                                                                        , #{record.updateAccountId,jdbcType=BIGINT}
                                                                        )
        </foreach> 
</insert>

    <update id="update" parameterType="com.test.domain.O2oStoreTerminalSupplier">
    UPDATE o2o_store_terminal_supplier
    SET 
                                                 terminal_type=#{terminalType,jdbcType=INTEGER}
                                     , develper_id=#{develperId,jdbcType=BIGINT}
                                     , agent_supplier_id=#{agentSupplierId,jdbcType=BIGINT}
                                     , supplier_name=#{supplierName,jdbcType=VARCHAR}
                                     , create_time=#{createTime,jdbcType=TIMESTAMP}
                                     , update_time=#{updateTime,jdbcType=TIMESTAMP}
                                     , create_account_id=#{createAccountId,jdbcType=BIGINT}
                                     , update_account_id=#{updateAccountId,jdbcType=BIGINT}
                     WHERE supplier_id = #{supplierId,jdbcType=BIGINT}
    </update>

    <update id="updateByPrimaryKeySelective" parameterType="com.test.domain.O2oStoreTerminalSupplier" >
        UPDATE o2o_store_terminal_supplier
        <set>
            set                                                             <if test="terminal_type !=null">
                    terminal_type=#{terminalType,jdbcType=INTEGER}
                </if>
                                                            <if test="develper_id !=null">
                    develper_id=#{develperId,jdbcType=BIGINT}
                </if>
                                                            <if test="agent_supplier_id !=null">
                    agent_supplier_id=#{agentSupplierId,jdbcType=BIGINT}
                </if>
                                                            <if test="supplier_name !=null">
                    supplier_name=#{supplierName,jdbcType=VARCHAR}
                </if>
                                                            <if test="create_time !=null">
                    create_time=#{createTime,jdbcType=TIMESTAMP}
                </if>
                                                            <if test="update_time !=null">
                    update_time=#{updateTime,jdbcType=TIMESTAMP}
                </if>
                                                            <if test="create_account_id !=null">
                    create_account_id=#{createAccountId,jdbcType=BIGINT}
                </if>
                                                            <if test="update_account_id !=null">
                    update_account_id=#{updateAccountId,jdbcType=BIGINT}
                </if>
                                    </set>
        where supplier_id = #{supplierId,jdbcType=BIGINT}
    </update>

    <select id="get" resultMap="queryResultMap" parameterType="com.test.domain.O2oStoreTerminalSupplier">
        SELECT t.*
        FROM o2o_store_terminal_supplier t
        WHERE supplier_id = #{supplierId,jdbcType=BIGINT}
    </select>
    
    <delete id="del" parameterType="com.test.domain.O2oStoreTerminalSupplier">
        DELETE FROM o2o_store_terminal_supplier
        WHERE supplier_id = #{supplierId,jdbcType=BIGINT}
    </delete>

</mapper>