<?xml version="1.0" encoding="UTF-8" ?>
<!DOCTYPE  mapper PUBLIC "-//mybatis.org//DTD Mapper 3.0//EN" "http://mybatis.org/dtd/mybatis-3-mapper.dtd" >
<mapper namespace="com.test.dao.O2oScrmGrowthLog22Dao">
    <resultMap id="queryResultMap" type="com.test.domain.O2oScrmGrowthLog22">
                <result column="growth_flow_id" property="growthFlowId" jdbcType="BIGINT" />
                <result column="merchant_id" property="merchantId" jdbcType="BIGINT" />
                <result column="member_id" property="memberId" jdbcType="BIGINT" />
                <result column="open_id" property="openId" jdbcType="VARCHAR" />
                <result column="change_reason" property="changeReason" jdbcType="VARCHAR" />
                <result column="change_growth" property="changeGrowth" jdbcType="INTEGER" />
                <result column="change_time" property="changeTime" jdbcType="TIMESTAMP" />
                <result column="operator" property="operator" jdbcType="BIGINT" />
            </resultMap>

    <select id="find" parameterType="org.durcframework.core.expression.ExpressionQuery"
        resultMap="queryResultMap">
        SELECT t.*
        FROM o2o_scrm_growth_log_22 t
        <include refid="expressionBlock.where" />
        <choose>
            <when test="sortname == null">
                ORDER BY t.growth_flow_id desc
            </when>
            <otherwise>
                ORDER BY ${order}
            </otherwise>
        </choose>
        <if test="!isQueryAll">
            LIMIT
            #{start,jdbcType=INTEGER},#{limit,jdbcType=INTEGER}
        </if>
    </select>


    <select id="findTotalCount" parameterType="org.durcframework.core.expression.ExpressionQuery"
        resultType="java.lang.Integer">
        SELECT count(*) FROM o2o_scrm_growth_log_22 t
        <include refid="expressionBlock.where" />
    </select>

    <insert id="save" parameterType="com.test.domain.O2oScrmGrowthLog22"
    keyProperty="growthFlowId" keyColumn="growth_flow_id" useGeneratedKeys="true"
    >
    INSERT INTO o2o_scrm_growth_log_22
         (
                                                  `merchant_id`
                                        , `member_id`
                                        , `open_id`
                                        , `change_reason`
                                        , `change_growth`
                                        , `change_time`
                                        , `operator`
                              )
    VALUES (
                                                  #{merchantId,jdbcType=BIGINT}
                                        , #{memberId,jdbcType=BIGINT}
                                        , #{openId,jdbcType=VARCHAR}
                                        , #{changeReason,jdbcType=VARCHAR}
                                        , #{changeGrowth,jdbcType=INTEGER}
                                        , #{changeTime,jdbcType=TIMESTAMP}
                                        , #{operator,jdbcType=BIGINT}
                     
        )
    </insert>

<insert id="insertBatch" parameterType="java.util.List">
    INSERT INTO o2o_scrm_growth_log_22
        (
                                                                                         `merchant_id`
                                                                                    , `member_id`
                                                                                    , `open_id`
                                                                                    , `change_reason`
                                                                                    , `change_growth`
                                                                                    , `change_time`
                                                                                    , `operator`
                                                        )
    VALUES 
        <foreach collection="records" index="index" item="record" separator=",">
            (
                                                                                                                 #{record.merchantId,jdbcType=BIGINT}
                                                                                                        , #{record.memberId,jdbcType=BIGINT}
                                                                                                        , #{record.openId,jdbcType=VARCHAR}
                                                                                                        , #{record.changeReason,jdbcType=VARCHAR}
                                                                                                        , #{record.changeGrowth,jdbcType=INTEGER}
                                                                                                        , #{record.changeTime,jdbcType=TIMESTAMP}
                                                                                                        , #{record.operator,jdbcType=BIGINT}
                                                                        )
        </foreach> 
</insert>

    <update id="update" parameterType="com.test.domain.O2oScrmGrowthLog22">
    UPDATE o2o_scrm_growth_log_22
    SET 
                                                 merchant_id=#{merchantId,jdbcType=BIGINT}
                                     , member_id=#{memberId,jdbcType=BIGINT}
                                     , open_id=#{openId,jdbcType=VARCHAR}
                                     , change_reason=#{changeReason,jdbcType=VARCHAR}
                                     , change_growth=#{changeGrowth,jdbcType=INTEGER}
                                     , change_time=#{changeTime,jdbcType=TIMESTAMP}
                                     , operator=#{operator,jdbcType=BIGINT}
                     WHERE growth_flow_id = #{growthFlowId,jdbcType=BIGINT}
    </update>

    <update id="updateByPrimaryKeySelective" parameterType="com.test.domain.O2oScrmGrowthLog22" >
        UPDATE o2o_scrm_growth_log_22
        <set>
            set                                                             <if test="merchant_id !=null">
                    merchant_id=#{merchantId,jdbcType=BIGINT}
                </if>
                                                            <if test="member_id !=null">
                    member_id=#{memberId,jdbcType=BIGINT}
                </if>
                                                            <if test="open_id !=null">
                    open_id=#{openId,jdbcType=VARCHAR}
                </if>
                                                            <if test="change_reason !=null">
                    change_reason=#{changeReason,jdbcType=VARCHAR}
                </if>
                                                            <if test="change_growth !=null">
                    change_growth=#{changeGrowth,jdbcType=INTEGER}
                </if>
                                                            <if test="change_time !=null">
                    change_time=#{changeTime,jdbcType=TIMESTAMP}
                </if>
                                                            <if test="operator !=null">
                    operator=#{operator,jdbcType=BIGINT}
                </if>
                                    </set>
        where growth_flow_id = #{growthFlowId,jdbcType=BIGINT}
    </update>

    <select id="get" resultMap="queryResultMap" parameterType="com.test.domain.O2oScrmGrowthLog22">
        SELECT t.*
        FROM o2o_scrm_growth_log_22 t
        WHERE growth_flow_id = #{growthFlowId,jdbcType=BIGINT}
    </select>
    
    <delete id="del" parameterType="com.test.domain.O2oScrmGrowthLog22">
        DELETE FROM o2o_scrm_growth_log_22
        WHERE growth_flow_id = #{growthFlowId,jdbcType=BIGINT}
    </delete>

</mapper>