<?xml version="1.0" encoding="UTF-8" ?>
<!DOCTYPE  mapper PUBLIC "-//mybatis.org//DTD Mapper 3.0//EN" "http://mybatis.org/dtd/mybatis-3-mapper.dtd" >
<mapper namespace="com.test.dao.O2oScrmTradeRecord6Dao">
    <resultMap id="queryResultMap" type="com.test.domain.O2oScrmTradeRecord6">
                <result column="trade_id" property="tradeId" jdbcType="VARCHAR" />
                <result column="store_id" property="storeId" jdbcType="BIGINT" />
                <result column="merchant_id" property="merchantId" jdbcType="BIGINT" />
                <result column="customer_id" property="customerId" jdbcType="BIGINT" />
                <result column="amount_receivable" property="amountReceivable" jdbcType="BigDecimal" />
                <result column="amount_receive" property="amountReceive" jdbcType="BigDecimal" />
                <result column="pay_method" property="payMethod" jdbcType="INTEGER" />
                <result column="trade_time" property="tradeTime" jdbcType="TIMESTAMP" />
                <result column="discount" property="discount" jdbcType="FLOAT" />
                <result column="bonus_points" property="bonusPoints" jdbcType="INTEGER" />
                <result column="card" property="card" jdbcType="VARCHAR" />
                <result column="user_open_id" property="userOpenId" jdbcType="VARCHAR" />
                <result column="extra_fields" property="extraFields" jdbcType="VARCHAR" />
                <result column="trade_type" property="tradeType" jdbcType="INTEGER" />
            </resultMap>

    <select id="find" parameterType="org.durcframework.core.expression.ExpressionQuery"
        resultMap="queryResultMap">
        SELECT t.*
        FROM o2o_scrm_trade_record_6 t
        <include refid="expressionBlock.where" />
        <choose>
            <when test="sortname == null">
                ORDER BY t.trade_id desc
            </when>
            <otherwise>
                ORDER BY ${order}
            </otherwise>
        </choose>
        <if test="!isQueryAll">
            LIMIT
            #{start,jdbcType=INTEGER},#{limit,jdbcType=INTEGER}
        </if>
    </select>


    <select id="findTotalCount" parameterType="org.durcframework.core.expression.ExpressionQuery"
        resultType="java.lang.Integer">
        SELECT count(*) FROM o2o_scrm_trade_record_6 t
        <include refid="expressionBlock.where" />
    </select>

    <insert id="save" parameterType="com.test.domain.O2oScrmTradeRecord6"
    >
    INSERT INTO o2o_scrm_trade_record_6
         (
                              `trade_id`
                                        , `store_id`
                                        , `merchant_id`
                                        , `customer_id`
                                        , `amount_receivable`
                                        , `amount_receive`
                                        , `pay_method`
                                        , `trade_time`
                                        , `discount`
                                        , `bonus_points`
                                        , `card`
                                        , `user_open_id`
                                        , `extra_fields`
                                        , `trade_type`
                              )
    VALUES (
                              #{tradeId,jdbcType=VARCHAR}
                                        , #{storeId,jdbcType=BIGINT}
                                        , #{merchantId,jdbcType=BIGINT}
                                        , #{customerId,jdbcType=BIGINT}
                                        , #{amountReceivable,jdbcType=BigDecimal}
                                        , #{amountReceive,jdbcType=BigDecimal}
                                        , #{payMethod,jdbcType=INTEGER}
                                        , #{tradeTime,jdbcType=TIMESTAMP}
                                        , #{discount,jdbcType=FLOAT}
                                        , #{bonusPoints,jdbcType=INTEGER}
                                        , #{card,jdbcType=VARCHAR}
                                        , #{userOpenId,jdbcType=VARCHAR}
                                        , #{extraFields,jdbcType=VARCHAR}
                                        , #{tradeType,jdbcType=INTEGER}
                     
        )
    </insert>

<insert id="insertBatch" parameterType="java.util.List">
    INSERT INTO o2o_scrm_trade_record_6
        (
                                                             `trade_id`
                                                                                    , `store_id`
                                                                                    , `merchant_id`
                                                                                    , `customer_id`
                                                                                    , `amount_receivable`
                                                                                    , `amount_receive`
                                                                                    , `pay_method`
                                                                                    , `trade_time`
                                                                                    , `discount`
                                                                                    , `bonus_points`
                                                                                    , `card`
                                                                                    , `user_open_id`
                                                                                    , `extra_fields`
                                                                                    , `trade_type`
                                                        )
    VALUES 
        <foreach collection="records" index="index" item="record" separator=",">
            (
                                                                             #{record.tradeId,jdbcType=VARCHAR}
                                                                                                        , #{record.storeId,jdbcType=BIGINT}
                                                                                                        , #{record.merchantId,jdbcType=BIGINT}
                                                                                                        , #{record.customerId,jdbcType=BIGINT}
                                                                                                        , #{record.amountReceivable,jdbcType=BigDecimal}
                                                                                                        , #{record.amountReceive,jdbcType=BigDecimal}
                                                                                                        , #{record.payMethod,jdbcType=INTEGER}
                                                                                                        , #{record.tradeTime,jdbcType=TIMESTAMP}
                                                                                                        , #{record.discount,jdbcType=FLOAT}
                                                                                                        , #{record.bonusPoints,jdbcType=INTEGER}
                                                                                                        , #{record.card,jdbcType=VARCHAR}
                                                                                                        , #{record.userOpenId,jdbcType=VARCHAR}
                                                                                                        , #{record.extraFields,jdbcType=VARCHAR}
                                                                                                        , #{record.tradeType,jdbcType=INTEGER}
                                                                        )
        </foreach> 
</insert>

    <update id="update" parameterType="com.test.domain.O2oScrmTradeRecord6">
    UPDATE o2o_scrm_trade_record_6
    SET 
                                                 store_id=#{storeId,jdbcType=BIGINT}
                                     , merchant_id=#{merchantId,jdbcType=BIGINT}
                                     , customer_id=#{customerId,jdbcType=BIGINT}
                                     , amount_receivable=#{amountReceivable,jdbcType=BigDecimal}
                                     , amount_receive=#{amountReceive,jdbcType=BigDecimal}
                                     , pay_method=#{payMethod,jdbcType=INTEGER}
                                     , trade_time=#{tradeTime,jdbcType=TIMESTAMP}
                                     , discount=#{discount,jdbcType=FLOAT}
                                     , bonus_points=#{bonusPoints,jdbcType=INTEGER}
                                     , card=#{card,jdbcType=VARCHAR}
                                     , user_open_id=#{userOpenId,jdbcType=VARCHAR}
                                     , extra_fields=#{extraFields,jdbcType=VARCHAR}
                                     , trade_type=#{tradeType,jdbcType=INTEGER}
                     WHERE trade_id = #{tradeId,jdbcType=VARCHAR}
    </update>

    <update id="updateByPrimaryKeySelective" parameterType="com.test.domain.O2oScrmTradeRecord6" >
        UPDATE o2o_scrm_trade_record_6
        <set>
            set                                                             <if test="store_id !=null">
                    store_id=#{storeId,jdbcType=BIGINT}
                </if>
                                                            <if test="merchant_id !=null">
                    merchant_id=#{merchantId,jdbcType=BIGINT}
                </if>
                                                            <if test="customer_id !=null">
                    customer_id=#{customerId,jdbcType=BIGINT}
                </if>
                                                            <if test="amount_receivable !=null">
                    amount_receivable=#{amountReceivable,jdbcType=BigDecimal}
                </if>
                                                            <if test="amount_receive !=null">
                    amount_receive=#{amountReceive,jdbcType=BigDecimal}
                </if>
                                                            <if test="pay_method !=null">
                    pay_method=#{payMethod,jdbcType=INTEGER}
                </if>
                                                            <if test="trade_time !=null">
                    trade_time=#{tradeTime,jdbcType=TIMESTAMP}
                </if>
                                                            <if test="discount !=null">
                    discount=#{discount,jdbcType=FLOAT}
                </if>
                                                            <if test="bonus_points !=null">
                    bonus_points=#{bonusPoints,jdbcType=INTEGER}
                </if>
                                                            <if test="card !=null">
                    card=#{card,jdbcType=VARCHAR}
                </if>
                                                            <if test="user_open_id !=null">
                    user_open_id=#{userOpenId,jdbcType=VARCHAR}
                </if>
                                                            <if test="extra_fields !=null">
                    extra_fields=#{extraFields,jdbcType=VARCHAR}
                </if>
                                                            <if test="trade_type !=null">
                    trade_type=#{tradeType,jdbcType=INTEGER}
                </if>
                                    </set>
        where trade_id = #{tradeId,jdbcType=VARCHAR}
    </update>

    <select id="get" resultMap="queryResultMap" parameterType="com.test.domain.O2oScrmTradeRecord6">
        SELECT t.*
        FROM o2o_scrm_trade_record_6 t
        WHERE trade_id = #{tradeId,jdbcType=VARCHAR}
    </select>
    
    <delete id="del" parameterType="com.test.domain.O2oScrmTradeRecord6">
        DELETE FROM o2o_scrm_trade_record_6
        WHERE trade_id = #{tradeId,jdbcType=VARCHAR}
    </delete>

</mapper>