<?xml version="1.0" encoding="UTF-8" ?>
<!DOCTYPE  mapper PUBLIC "-//mybatis.org//DTD Mapper 3.0//EN" "http://mybatis.org/dtd/mybatis-3-mapper.dtd" >
<mapper namespace="com.test.dao.O2oScrmTagDao">
    <resultMap id="queryResultMap" type="com.test.domain.O2oScrmTag">
                <result column="tag_id" property="tagId" jdbcType="BIGINT" />
                <result column="merchant_id" property="merchantId" jdbcType="BIGINT" />
                <result column="tag_name" property="tagName" jdbcType="VARCHAR" />
                <result column="tag_type" property="tagType" jdbcType="CHAR" />
                <result column="use_condition" property="useCondition" jdbcType="CHAR" />
                <result column="last_trade_month" property="lastTradeMonth" jdbcType="INTEGER" />
                <result column="trade_num_from" property="tradeNumFrom" jdbcType="INTEGER" />
                <result column="trade_num_to" property="tradeNumTo" jdbcType="INTEGER" />
                <result column="trade_amount_from" property="tradeAmountFrom" jdbcType="FLOAT" />
                <result column="trade_amount_to" property="tradeAmountTo" jdbcType="FLOAT" />
            </resultMap>

    <select id="find" parameterType="org.durcframework.core.expression.ExpressionQuery"
        resultMap="queryResultMap">
        SELECT t.*
        FROM o2o_scrm_tag t
        <include refid="expressionBlock.where" />
        <choose>
            <when test="sortname == null">
                ORDER BY t.tag_id desc
            </when>
            <otherwise>
                ORDER BY ${order}
            </otherwise>
        </choose>
        <if test="!isQueryAll">
            LIMIT
            #{start,jdbcType=INTEGER},#{limit,jdbcType=INTEGER}
        </if>
    </select>


    <select id="findTotalCount" parameterType="org.durcframework.core.expression.ExpressionQuery"
        resultType="java.lang.Integer">
        SELECT count(*) FROM o2o_scrm_tag t
        <include refid="expressionBlock.where" />
    </select>

    <insert id="save" parameterType="com.test.domain.O2oScrmTag"
    keyProperty="tagId" keyColumn="tag_id" useGeneratedKeys="true"
    >
    INSERT INTO o2o_scrm_tag
         (
                                                  `merchant_id`
                                        , `tag_name`
                                        , `tag_type`
                                        , `use_condition`
                                        , `last_trade_month`
                                        , `trade_num_from`
                                        , `trade_num_to`
                                        , `trade_amount_from`
                                        , `trade_amount_to`
                              )
    VALUES (
                                                  #{merchantId,jdbcType=BIGINT}
                                        , #{tagName,jdbcType=VARCHAR}
                                        , #{tagType,jdbcType=CHAR}
                                        , #{useCondition,jdbcType=CHAR}
                                        , #{lastTradeMonth,jdbcType=INTEGER}
                                        , #{tradeNumFrom,jdbcType=INTEGER}
                                        , #{tradeNumTo,jdbcType=INTEGER}
                                        , #{tradeAmountFrom,jdbcType=FLOAT}
                                        , #{tradeAmountTo,jdbcType=FLOAT}
                     
        )
    </insert>

<insert id="insertBatch" parameterType="java.util.List">
    INSERT INTO o2o_scrm_tag
        (
                                                                                         `merchant_id`
                                                                                    , `tag_name`
                                                                                    , `tag_type`
                                                                                    , `use_condition`
                                                                                    , `last_trade_month`
                                                                                    , `trade_num_from`
                                                                                    , `trade_num_to`
                                                                                    , `trade_amount_from`
                                                                                    , `trade_amount_to`
                                                        )
    VALUES 
        <foreach collection="records" index="index" item="record" separator=",">
            (
                                                                                                                 #{record.merchantId,jdbcType=BIGINT}
                                                                                                        , #{record.tagName,jdbcType=VARCHAR}
                                                                                                        , #{record.tagType,jdbcType=CHAR}
                                                                                                        , #{record.useCondition,jdbcType=CHAR}
                                                                                                        , #{record.lastTradeMonth,jdbcType=INTEGER}
                                                                                                        , #{record.tradeNumFrom,jdbcType=INTEGER}
                                                                                                        , #{record.tradeNumTo,jdbcType=INTEGER}
                                                                                                        , #{record.tradeAmountFrom,jdbcType=FLOAT}
                                                                                                        , #{record.tradeAmountTo,jdbcType=FLOAT}
                                                                        )
        </foreach> 
</insert>

    <update id="update" parameterType="com.test.domain.O2oScrmTag">
    UPDATE o2o_scrm_tag
    SET 
                                                 merchant_id=#{merchantId,jdbcType=BIGINT}
                                     , tag_name=#{tagName,jdbcType=VARCHAR}
                                     , tag_type=#{tagType,jdbcType=CHAR}
                                     , use_condition=#{useCondition,jdbcType=CHAR}
                                     , last_trade_month=#{lastTradeMonth,jdbcType=INTEGER}
                                     , trade_num_from=#{tradeNumFrom,jdbcType=INTEGER}
                                     , trade_num_to=#{tradeNumTo,jdbcType=INTEGER}
                                     , trade_amount_from=#{tradeAmountFrom,jdbcType=FLOAT}
                                     , trade_amount_to=#{tradeAmountTo,jdbcType=FLOAT}
                     WHERE tag_id = #{tagId,jdbcType=BIGINT}
    </update>

    <update id="updateByPrimaryKeySelective" parameterType="com.test.domain.O2oScrmTag" >
        UPDATE o2o_scrm_tag
        <set>
            set                                                             <if test="merchant_id !=null">
                    merchant_id=#{merchantId,jdbcType=BIGINT}
                </if>
                                                            <if test="tag_name !=null">
                    tag_name=#{tagName,jdbcType=VARCHAR}
                </if>
                                                            <if test="tag_type !=null">
                    tag_type=#{tagType,jdbcType=CHAR}
                </if>
                                                            <if test="use_condition !=null">
                    use_condition=#{useCondition,jdbcType=CHAR}
                </if>
                                                            <if test="last_trade_month !=null">
                    last_trade_month=#{lastTradeMonth,jdbcType=INTEGER}
                </if>
                                                            <if test="trade_num_from !=null">
                    trade_num_from=#{tradeNumFrom,jdbcType=INTEGER}
                </if>
                                                            <if test="trade_num_to !=null">
                    trade_num_to=#{tradeNumTo,jdbcType=INTEGER}
                </if>
                                                            <if test="trade_amount_from !=null">
                    trade_amount_from=#{tradeAmountFrom,jdbcType=FLOAT}
                </if>
                                                            <if test="trade_amount_to !=null">
                    trade_amount_to=#{tradeAmountTo,jdbcType=FLOAT}
                </if>
                                    </set>
        where tag_id = #{tagId,jdbcType=BIGINT}
    </update>

    <select id="get" resultMap="queryResultMap" parameterType="com.test.domain.O2oScrmTag">
        SELECT t.*
        FROM o2o_scrm_tag t
        WHERE tag_id = #{tagId,jdbcType=BIGINT}
    </select>
    
    <delete id="del" parameterType="com.test.domain.O2oScrmTag">
        DELETE FROM o2o_scrm_tag
        WHERE tag_id = #{tagId,jdbcType=BIGINT}
    </delete>

</mapper>