<?xml version="1.0" encoding="UTF-8" ?>
<!DOCTYPE  mapper PUBLIC "-//mybatis.org//DTD Mapper 3.0//EN" "http://mybatis.org/dtd/mybatis-3-mapper.dtd" >
<mapper namespace="com.test.dao.O2oStoreTerminalExtDao">
    <resultMap id="queryResultMap" type="com.test.domain.O2oStoreTerminalExt">
                <result column="o2o_store_terminal_ext_id" property="o2oStoreTerminalExtId" jdbcType="BIGINT" />
                <result column="merchant_id" property="merchantId" jdbcType="BIGINT" />
                <result column="store_id" property="storeId" jdbcType="BIGINT" />
                <result column="o2o_store_terminal_id" property="o2oStoreTerminalId" jdbcType="BIGINT" />
                <result column="key" property="key" jdbcType="VARCHAR" />
                <result column="value" property="value" jdbcType="VARCHAR" />
                <result column="create_time" property="createTime" jdbcType="TIMESTAMP" />
                <result column="update_time" property="updateTime" jdbcType="TIMESTAMP" />
            </resultMap>

    <select id="find" parameterType="org.durcframework.core.expression.ExpressionQuery"
        resultMap="queryResultMap">
        SELECT t.*
        FROM o2o_store_terminal_ext t
        <include refid="expressionBlock.where" />
        <choose>
            <when test="sortname == null">
                ORDER BY t.o2o_store_terminal_ext_id desc
            </when>
            <otherwise>
                ORDER BY ${order}
            </otherwise>
        </choose>
        <if test="!isQueryAll">
            LIMIT
            #{start,jdbcType=INTEGER},#{limit,jdbcType=INTEGER}
        </if>
    </select>


    <select id="findTotalCount" parameterType="org.durcframework.core.expression.ExpressionQuery"
        resultType="java.lang.Integer">
        SELECT count(*) FROM o2o_store_terminal_ext t
        <include refid="expressionBlock.where" />
    </select>

    <insert id="save" parameterType="com.test.domain.O2oStoreTerminalExt"
    >
    INSERT INTO o2o_store_terminal_ext
         (
                              `o2o_store_terminal_ext_id`
                                        , `merchant_id`
                                        , `store_id`
                                        , `o2o_store_terminal_id`
                                        , `key`
                                        , `value`
                                        , `create_time`
                                        , `update_time`
                              )
    VALUES (
                              #{o2oStoreTerminalExtId,jdbcType=BIGINT}
                                        , #{merchantId,jdbcType=BIGINT}
                                        , #{storeId,jdbcType=BIGINT}
                                        , #{o2oStoreTerminalId,jdbcType=BIGINT}
                                        , #{key,jdbcType=VARCHAR}
                                        , #{value,jdbcType=VARCHAR}
                                        , #{createTime,jdbcType=TIMESTAMP}
                                        , #{updateTime,jdbcType=TIMESTAMP}
                     
        )
    </insert>

<insert id="insertBatch" parameterType="java.util.List">
    INSERT INTO o2o_store_terminal_ext
        (
                                                             `o2o_store_terminal_ext_id`
                                                                                    , `merchant_id`
                                                                                    , `store_id`
                                                                                    , `o2o_store_terminal_id`
                                                                                    , `key`
                                                                                    , `value`
                                                                                    , `create_time`
                                                                                    , `update_time`
                                                        )
    VALUES 
        <foreach collection="records" index="index" item="record" separator=",">
            (
                                                                             #{record.o2oStoreTerminalExtId,jdbcType=BIGINT}
                                                                                                        , #{record.merchantId,jdbcType=BIGINT}
                                                                                                        , #{record.storeId,jdbcType=BIGINT}
                                                                                                        , #{record.o2oStoreTerminalId,jdbcType=BIGINT}
                                                                                                        , #{record.key,jdbcType=VARCHAR}
                                                                                                        , #{record.value,jdbcType=VARCHAR}
                                                                                                        , #{record.createTime,jdbcType=TIMESTAMP}
                                                                                                        , #{record.updateTime,jdbcType=TIMESTAMP}
                                                                        )
        </foreach> 
</insert>

    <update id="update" parameterType="com.test.domain.O2oStoreTerminalExt">
    UPDATE o2o_store_terminal_ext
    SET 
                                                 merchant_id=#{merchantId,jdbcType=BIGINT}
                                     , store_id=#{storeId,jdbcType=BIGINT}
                                     , o2o_store_terminal_id=#{o2oStoreTerminalId,jdbcType=BIGINT}
                                     , key=#{key,jdbcType=VARCHAR}
                                     , value=#{value,jdbcType=VARCHAR}
                                     , create_time=#{createTime,jdbcType=TIMESTAMP}
                                     , update_time=#{updateTime,jdbcType=TIMESTAMP}
                     WHERE o2o_store_terminal_ext_id = #{o2oStoreTerminalExtId,jdbcType=BIGINT}
    </update>

    <update id="updateByPrimaryKeySelective" parameterType="com.test.domain.O2oStoreTerminalExt" >
        UPDATE o2o_store_terminal_ext
        <set>
            set                                                             <if test="merchant_id !=null">
                    merchant_id=#{merchantId,jdbcType=BIGINT}
                </if>
                                                            <if test="store_id !=null">
                    store_id=#{storeId,jdbcType=BIGINT}
                </if>
                                                            <if test="o2o_store_terminal_id !=null">
                    o2o_store_terminal_id=#{o2oStoreTerminalId,jdbcType=BIGINT}
                </if>
                                                            <if test="key !=null">
                    key=#{key,jdbcType=VARCHAR}
                </if>
                                                            <if test="value !=null">
                    value=#{value,jdbcType=VARCHAR}
                </if>
                                                            <if test="create_time !=null">
                    create_time=#{createTime,jdbcType=TIMESTAMP}
                </if>
                                                            <if test="update_time !=null">
                    update_time=#{updateTime,jdbcType=TIMESTAMP}
                </if>
                                    </set>
        where o2o_store_terminal_ext_id = #{o2oStoreTerminalExtId,jdbcType=BIGINT}
    </update>

    <select id="get" resultMap="queryResultMap" parameterType="com.test.domain.O2oStoreTerminalExt">
        SELECT t.*
        FROM o2o_store_terminal_ext t
        WHERE o2o_store_terminal_ext_id = #{o2oStoreTerminalExtId,jdbcType=BIGINT}
    </select>
    
    <delete id="del" parameterType="com.test.domain.O2oStoreTerminalExt">
        DELETE FROM o2o_store_terminal_ext
        WHERE o2o_store_terminal_ext_id = #{o2oStoreTerminalExtId,jdbcType=BIGINT}
    </delete>

</mapper>