<?xml version="1.0" encoding="UTF-8" ?>
<!DOCTYPE  mapper PUBLIC "-//mybatis.org//DTD Mapper 3.0//EN" "http://mybatis.org/dtd/mybatis-3-mapper.dtd" >
<mapper namespace="com.test.dao.O2oStorePayMethodDao">
    <resultMap id="queryResultMap" type="com.test.domain.O2oStorePayMethod">
                <result column="pay_method_id" property="payMethodId" jdbcType="BIGINT" />
                <result column="merchant_id" property="merchantId" jdbcType="BIGINT" />
                <result column="store_id" property="storeId" jdbcType="BIGINT" />
                <result column="weicha_pay" property="weichaPay" jdbcType="TINYINT" />
                <result column="ali_pay" property="aliPay" jdbcType="TINYINT" />
                <result column="offline_pay" property="offlinePay" jdbcType="TINYINT" />
                <result column="ten_pay" property="tenPay" jdbcType="TINYINT" />
                <result column="china_pay" property="chinaPay" jdbcType="TINYINT" />
                <result column="create_time" property="createTime" jdbcType="TIMESTAMP" />
                <result column="update_time" property="updateTime" jdbcType="TIMESTAMP" />
                <result column="version" property="version" jdbcType="BIGINT" />
            </resultMap>

    <select id="find" parameterType="org.durcframework.core.expression.ExpressionQuery"
        resultMap="queryResultMap">
        SELECT t.*
        FROM o2o_store_pay_method t
        <include refid="expressionBlock.where" />
        <choose>
            <when test="sortname == null">
                ORDER BY t.pay_method_id desc
            </when>
            <otherwise>
                ORDER BY ${order}
            </otherwise>
        </choose>
        <if test="!isQueryAll">
            LIMIT
            #{start,jdbcType=INTEGER},#{limit,jdbcType=INTEGER}
        </if>
    </select>


    <select id="findTotalCount" parameterType="org.durcframework.core.expression.ExpressionQuery"
        resultType="java.lang.Integer">
        SELECT count(*) FROM o2o_store_pay_method t
        <include refid="expressionBlock.where" />
    </select>

    <insert id="save" parameterType="com.test.domain.O2oStorePayMethod"
    keyProperty="payMethodId" keyColumn="pay_method_id" useGeneratedKeys="true"
    >
    INSERT INTO o2o_store_pay_method
         (
                                                  `merchant_id`
                                        , `store_id`
                                        , `weicha_pay`
                                        , `ali_pay`
                                        , `offline_pay`
                                        , `ten_pay`
                                        , `china_pay`
                                        , `create_time`
                                        , `update_time`
                                        , `version`
                              )
    VALUES (
                                                  #{merchantId,jdbcType=BIGINT}
                                        , #{storeId,jdbcType=BIGINT}
                                        , #{weichaPay,jdbcType=TINYINT}
                                        , #{aliPay,jdbcType=TINYINT}
                                        , #{offlinePay,jdbcType=TINYINT}
                                        , #{tenPay,jdbcType=TINYINT}
                                        , #{chinaPay,jdbcType=TINYINT}
                                        , #{createTime,jdbcType=TIMESTAMP}
                                        , #{updateTime,jdbcType=TIMESTAMP}
                                        , #{version,jdbcType=BIGINT}
                     
        )
    </insert>

<insert id="insertBatch" parameterType="java.util.List">
    INSERT INTO o2o_store_pay_method
        (
                                                                                         `merchant_id`
                                                                                    , `store_id`
                                                                                    , `weicha_pay`
                                                                                    , `ali_pay`
                                                                                    , `offline_pay`
                                                                                    , `ten_pay`
                                                                                    , `china_pay`
                                                                                    , `create_time`
                                                                                    , `update_time`
                                                                                    , `version`
                                                        )
    VALUES 
        <foreach collection="records" index="index" item="record" separator=",">
            (
                                                                                                                 #{record.merchantId,jdbcType=BIGINT}
                                                                                                        , #{record.storeId,jdbcType=BIGINT}
                                                                                                        , #{record.weichaPay,jdbcType=TINYINT}
                                                                                                        , #{record.aliPay,jdbcType=TINYINT}
                                                                                                        , #{record.offlinePay,jdbcType=TINYINT}
                                                                                                        , #{record.tenPay,jdbcType=TINYINT}
                                                                                                        , #{record.chinaPay,jdbcType=TINYINT}
                                                                                                        , #{record.createTime,jdbcType=TIMESTAMP}
                                                                                                        , #{record.updateTime,jdbcType=TIMESTAMP}
                                                                                                        , #{record.version,jdbcType=BIGINT}
                                                                        )
        </foreach> 
</insert>

    <update id="update" parameterType="com.test.domain.O2oStorePayMethod">
    UPDATE o2o_store_pay_method
    SET 
                                                 merchant_id=#{merchantId,jdbcType=BIGINT}
                                     , store_id=#{storeId,jdbcType=BIGINT}
                                     , weicha_pay=#{weichaPay,jdbcType=TINYINT}
                                     , ali_pay=#{aliPay,jdbcType=TINYINT}
                                     , offline_pay=#{offlinePay,jdbcType=TINYINT}
                                     , ten_pay=#{tenPay,jdbcType=TINYINT}
                                     , china_pay=#{chinaPay,jdbcType=TINYINT}
                                     , create_time=#{createTime,jdbcType=TIMESTAMP}
                                     , update_time=#{updateTime,jdbcType=TIMESTAMP}
                                     , version=#{version,jdbcType=BIGINT}
                     WHERE pay_method_id = #{payMethodId,jdbcType=BIGINT}
    </update>

    <update id="updateByPrimaryKeySelective" parameterType="com.test.domain.O2oStorePayMethod" >
        UPDATE o2o_store_pay_method
        <set>
            set                                                             <if test="merchant_id !=null">
                    merchant_id=#{merchantId,jdbcType=BIGINT}
                </if>
                                                            <if test="store_id !=null">
                    store_id=#{storeId,jdbcType=BIGINT}
                </if>
                                                            <if test="weicha_pay !=null">
                    weicha_pay=#{weichaPay,jdbcType=TINYINT}
                </if>
                                                            <if test="ali_pay !=null">
                    ali_pay=#{aliPay,jdbcType=TINYINT}
                </if>
                                                            <if test="offline_pay !=null">
                    offline_pay=#{offlinePay,jdbcType=TINYINT}
                </if>
                                                            <if test="ten_pay !=null">
                    ten_pay=#{tenPay,jdbcType=TINYINT}
                </if>
                                                            <if test="china_pay !=null">
                    china_pay=#{chinaPay,jdbcType=TINYINT}
                </if>
                                                            <if test="create_time !=null">
                    create_time=#{createTime,jdbcType=TIMESTAMP}
                </if>
                                                            <if test="update_time !=null">
                    update_time=#{updateTime,jdbcType=TIMESTAMP}
                </if>
                                                            <if test="version !=null">
                    version=#{version,jdbcType=BIGINT}
                </if>
                                    </set>
        where pay_method_id = #{payMethodId,jdbcType=BIGINT}
    </update>

    <select id="get" resultMap="queryResultMap" parameterType="com.test.domain.O2oStorePayMethod">
        SELECT t.*
        FROM o2o_store_pay_method t
        WHERE pay_method_id = #{payMethodId,jdbcType=BIGINT}
    </select>
    
    <delete id="del" parameterType="com.test.domain.O2oStorePayMethod">
        DELETE FROM o2o_store_pay_method
        WHERE pay_method_id = #{payMethodId,jdbcType=BIGINT}
    </delete>

</mapper>