<?xml version="1.0" encoding="UTF-8" ?>
<!DOCTYPE  mapper PUBLIC "-//mybatis.org//DTD Mapper 3.0//EN" "http://mybatis.org/dtd/mybatis-3-mapper.dtd" >
<mapper namespace="com.test.dao.O2oStoreAddressDao">
    <resultMap id="queryResultMap" type="com.test.domain.O2oStoreAddress">
                <result column="address_id" property="addressId" jdbcType="BIGINT" />
                <result column="merchant_id" property="merchantId" jdbcType="BIGINT" />
                <result column="store_id" property="storeId" jdbcType="BIGINT" />
                <result column="province" property="province" jdbcType="VARCHAR" />
                <result column="city" property="city" jdbcType="VARCHAR" />
                <result column="district" property="district" jdbcType="VARCHAR" />
                <result column="address" property="address" jdbcType="VARCHAR" />
                <result column="map_location_x" property="mapLocationX" jdbcType="FLOAT" />
                <result column="map_location_y" property="mapLocationY" jdbcType="FLOAT" />
                <result column="create_time" property="createTime" jdbcType="TIMESTAMP" />
                <result column="update_time" property="updateTime" jdbcType="TIMESTAMP" />
                <result column="version" property="version" jdbcType="BIGINT" />
            </resultMap>

    <select id="find" parameterType="org.durcframework.core.expression.ExpressionQuery"
        resultMap="queryResultMap">
        SELECT t.*
        FROM o2o_store_address t
        <include refid="expressionBlock.where" />
        <choose>
            <when test="sortname == null">
                ORDER BY t.address_id desc
            </when>
            <otherwise>
                ORDER BY ${order}
            </otherwise>
        </choose>
        <if test="!isQueryAll">
            LIMIT
            #{start,jdbcType=INTEGER},#{limit,jdbcType=INTEGER}
        </if>
    </select>


    <select id="findTotalCount" parameterType="org.durcframework.core.expression.ExpressionQuery"
        resultType="java.lang.Integer">
        SELECT count(*) FROM o2o_store_address t
        <include refid="expressionBlock.where" />
    </select>

    <insert id="save" parameterType="com.test.domain.O2oStoreAddress"
    keyProperty="addressId" keyColumn="address_id" useGeneratedKeys="true"
    >
    INSERT INTO o2o_store_address
         (
                                                  `merchant_id`
                                        , `store_id`
                                        , `province`
                                        , `city`
                                        , `district`
                                        , `address`
                                        , `map_location_x`
                                        , `map_location_y`
                                        , `create_time`
                                        , `update_time`
                                        , `version`
                              )
    VALUES (
                                                  #{merchantId,jdbcType=BIGINT}
                                        , #{storeId,jdbcType=BIGINT}
                                        , #{province,jdbcType=VARCHAR}
                                        , #{city,jdbcType=VARCHAR}
                                        , #{district,jdbcType=VARCHAR}
                                        , #{address,jdbcType=VARCHAR}
                                        , #{mapLocationX,jdbcType=FLOAT}
                                        , #{mapLocationY,jdbcType=FLOAT}
                                        , #{createTime,jdbcType=TIMESTAMP}
                                        , #{updateTime,jdbcType=TIMESTAMP}
                                        , #{version,jdbcType=BIGINT}
                     
        )
    </insert>

<insert id="insertBatch" parameterType="java.util.List">
    INSERT INTO o2o_store_address
        (
                                                                                         `merchant_id`
                                                                                    , `store_id`
                                                                                    , `province`
                                                                                    , `city`
                                                                                    , `district`
                                                                                    , `address`
                                                                                    , `map_location_x`
                                                                                    , `map_location_y`
                                                                                    , `create_time`
                                                                                    , `update_time`
                                                                                    , `version`
                                                        )
    VALUES 
        <foreach collection="records" index="index" item="record" separator=",">
            (
                                                                                                                 #{record.merchantId,jdbcType=BIGINT}
                                                                                                        , #{record.storeId,jdbcType=BIGINT}
                                                                                                        , #{record.province,jdbcType=VARCHAR}
                                                                                                        , #{record.city,jdbcType=VARCHAR}
                                                                                                        , #{record.district,jdbcType=VARCHAR}
                                                                                                        , #{record.address,jdbcType=VARCHAR}
                                                                                                        , #{record.mapLocationX,jdbcType=FLOAT}
                                                                                                        , #{record.mapLocationY,jdbcType=FLOAT}
                                                                                                        , #{record.createTime,jdbcType=TIMESTAMP}
                                                                                                        , #{record.updateTime,jdbcType=TIMESTAMP}
                                                                                                        , #{record.version,jdbcType=BIGINT}
                                                                        )
        </foreach> 
</insert>

    <update id="update" parameterType="com.test.domain.O2oStoreAddress">
    UPDATE o2o_store_address
    SET 
                                                 merchant_id=#{merchantId,jdbcType=BIGINT}
                                     , store_id=#{storeId,jdbcType=BIGINT}
                                     , province=#{province,jdbcType=VARCHAR}
                                     , city=#{city,jdbcType=VARCHAR}
                                     , district=#{district,jdbcType=VARCHAR}
                                     , address=#{address,jdbcType=VARCHAR}
                                     , map_location_x=#{mapLocationX,jdbcType=FLOAT}
                                     , map_location_y=#{mapLocationY,jdbcType=FLOAT}
                                     , create_time=#{createTime,jdbcType=TIMESTAMP}
                                     , update_time=#{updateTime,jdbcType=TIMESTAMP}
                                     , version=#{version,jdbcType=BIGINT}
                     WHERE address_id = #{addressId,jdbcType=BIGINT}
    </update>

    <update id="updateByPrimaryKeySelective" parameterType="com.test.domain.O2oStoreAddress" >
        UPDATE o2o_store_address
        <set>
            set                                                             <if test="merchant_id !=null">
                    merchant_id=#{merchantId,jdbcType=BIGINT}
                </if>
                                                            <if test="store_id !=null">
                    store_id=#{storeId,jdbcType=BIGINT}
                </if>
                                                            <if test="province !=null">
                    province=#{province,jdbcType=VARCHAR}
                </if>
                                                            <if test="city !=null">
                    city=#{city,jdbcType=VARCHAR}
                </if>
                                                            <if test="district !=null">
                    district=#{district,jdbcType=VARCHAR}
                </if>
                                                            <if test="address !=null">
                    address=#{address,jdbcType=VARCHAR}
                </if>
                                                            <if test="map_location_x !=null">
                    map_location_x=#{mapLocationX,jdbcType=FLOAT}
                </if>
                                                            <if test="map_location_y !=null">
                    map_location_y=#{mapLocationY,jdbcType=FLOAT}
                </if>
                                                            <if test="create_time !=null">
                    create_time=#{createTime,jdbcType=TIMESTAMP}
                </if>
                                                            <if test="update_time !=null">
                    update_time=#{updateTime,jdbcType=TIMESTAMP}
                </if>
                                                            <if test="version !=null">
                    version=#{version,jdbcType=BIGINT}
                </if>
                                    </set>
        where address_id = #{addressId,jdbcType=BIGINT}
    </update>

    <select id="get" resultMap="queryResultMap" parameterType="com.test.domain.O2oStoreAddress">
        SELECT t.*
        FROM o2o_store_address t
        WHERE address_id = #{addressId,jdbcType=BIGINT}
    </select>
    
    <delete id="del" parameterType="com.test.domain.O2oStoreAddress">
        DELETE FROM o2o_store_address
        WHERE address_id = #{addressId,jdbcType=BIGINT}
    </delete>

</mapper>