<?xml version="1.0" encoding="UTF-8" ?>
<!DOCTYPE  mapper PUBLIC "-//mybatis.org//DTD Mapper 3.0//EN" "http://mybatis.org/dtd/mybatis-3-mapper.dtd" >
<mapper namespace="com.test.dao.O2oScrmCustomerTag1Dao">
    <resultMap id="queryResultMap" type="com.test.domain.O2oScrmCustomerTag1">
                <result column="customer_tag_id" property="customerTagId" jdbcType="BIGINT" />
                <result column="customer_id" property="customerId" jdbcType="BIGINT" />
                <result column="tag_id" property="tagId" jdbcType="BIGINT" />
                <result column="merchant_id" property="merchantId" jdbcType="BIGINT" />
            </resultMap>

    <select id="find" parameterType="org.durcframework.core.expression.ExpressionQuery"
        resultMap="queryResultMap">
        SELECT t.*
        FROM o2o_scrm_customer_tag_1 t
        <include refid="expressionBlock.where" />
        <choose>
            <when test="sortname == null">
                ORDER BY t.customer_tag_id desc
            </when>
            <otherwise>
                ORDER BY ${order}
            </otherwise>
        </choose>
        <if test="!isQueryAll">
            LIMIT
            #{start,jdbcType=INTEGER},#{limit,jdbcType=INTEGER}
        </if>
    </select>


    <select id="findTotalCount" parameterType="org.durcframework.core.expression.ExpressionQuery"
        resultType="java.lang.Integer">
        SELECT count(*) FROM o2o_scrm_customer_tag_1 t
        <include refid="expressionBlock.where" />
    </select>

    <insert id="save" parameterType="com.test.domain.O2oScrmCustomerTag1"
    keyProperty="customerTagId" keyColumn="customer_tag_id" useGeneratedKeys="true"
    >
    INSERT INTO o2o_scrm_customer_tag_1
         (
                                                  `customer_id`
                                        , `tag_id`
                                        , `merchant_id`
                              )
    VALUES (
                                                  #{customerId,jdbcType=BIGINT}
                                        , #{tagId,jdbcType=BIGINT}
                                        , #{merchantId,jdbcType=BIGINT}
                     
        )
    </insert>

<insert id="insertBatch" parameterType="java.util.List">
    INSERT INTO o2o_scrm_customer_tag_1
        (
                                                                                         `customer_id`
                                                                                    , `tag_id`
                                                                                    , `merchant_id`
                                                        )
    VALUES 
        <foreach collection="records" index="index" item="record" separator=",">
            (
                                                                                                                 #{record.customerId,jdbcType=BIGINT}
                                                                                                        , #{record.tagId,jdbcType=BIGINT}
                                                                                                        , #{record.merchantId,jdbcType=BIGINT}
                                                                        )
        </foreach> 
</insert>

    <update id="update" parameterType="com.test.domain.O2oScrmCustomerTag1">
    UPDATE o2o_scrm_customer_tag_1
    SET 
                                                 customer_id=#{customerId,jdbcType=BIGINT}
                                     , tag_id=#{tagId,jdbcType=BIGINT}
                                     , merchant_id=#{merchantId,jdbcType=BIGINT}
                     WHERE customer_tag_id = #{customerTagId,jdbcType=BIGINT}
    </update>

    <update id="updateByPrimaryKeySelective" parameterType="com.test.domain.O2oScrmCustomerTag1" >
        UPDATE o2o_scrm_customer_tag_1
        <set>
            set                                                             <if test="customer_id !=null">
                    customer_id=#{customerId,jdbcType=BIGINT}
                </if>
                                                            <if test="tag_id !=null">
                    tag_id=#{tagId,jdbcType=BIGINT}
                </if>
                                                            <if test="merchant_id !=null">
                    merchant_id=#{merchantId,jdbcType=BIGINT}
                </if>
                                    </set>
        where customer_tag_id = #{customerTagId,jdbcType=BIGINT}
    </update>

    <select id="get" resultMap="queryResultMap" parameterType="com.test.domain.O2oScrmCustomerTag1">
        SELECT t.*
        FROM o2o_scrm_customer_tag_1 t
        WHERE customer_tag_id = #{customerTagId,jdbcType=BIGINT}
    </select>
    
    <delete id="del" parameterType="com.test.domain.O2oScrmCustomerTag1">
        DELETE FROM o2o_scrm_customer_tag_1
        WHERE customer_tag_id = #{customerTagId,jdbcType=BIGINT}
    </delete>

</mapper>