<?xml version="1.0" encoding="UTF-8" ?>
<!DOCTYPE  mapper PUBLIC "-//mybatis.org//DTD Mapper 3.0//EN" "http://mybatis.org/dtd/mybatis-3-mapper.dtd" >
<mapper namespace="com.test.dao.O2oStoreTerminalCountDao">
    <resultMap id="queryResultMap" type="com.test.domain.O2oStoreTerminalCount">
                <result column="merchant_id" property="merchantId" jdbcType="BIGINT" />
                <result column="store_id" property="storeId" jdbcType="BIGINT" />
                <result column="pos_count" property="posCount" jdbcType="INTEGER" />
                <result column="wifi_count" property="wifiCount" jdbcType="INTEGER" />
                <result column="iBeacon_count" property="iBeaconCount" jdbcType="INTEGER" />
                <result column="receipt_count" property="receiptCount" jdbcType="INTEGER" />
                <result column="create_time" property="createTime" jdbcType="TIMESTAMP" />
                <result column="update_time" property="updateTime" jdbcType="TIMESTAMP" />
                <result column="version" property="version" jdbcType="BIGINT" />
            </resultMap>

    <select id="find" parameterType="org.durcframework.core.expression.ExpressionQuery"
        resultMap="queryResultMap">
        SELECT t.*
        FROM o2o_store_terminal_count t
        <include refid="expressionBlock.where" />
        <choose>
            <when test="sortname == null">
                ORDER BY t.store_id desc
            </when>
            <otherwise>
                ORDER BY ${order}
            </otherwise>
        </choose>
        <if test="!isQueryAll">
            LIMIT
            #{start,jdbcType=INTEGER},#{limit,jdbcType=INTEGER}
        </if>
    </select>


    <select id="findTotalCount" parameterType="org.durcframework.core.expression.ExpressionQuery"
        resultType="java.lang.Integer">
        SELECT count(*) FROM o2o_store_terminal_count t
        <include refid="expressionBlock.where" />
    </select>

    <insert id="save" parameterType="com.test.domain.O2oStoreTerminalCount"
    >
    INSERT INTO o2o_store_terminal_count
         (
                              `merchant_id`
                                        , `store_id`
                                        , `pos_count`
                                        , `wifi_count`
                                        , `iBeacon_count`
                                        , `receipt_count`
                                        , `create_time`
                                        , `update_time`
                                        , `version`
                              )
    VALUES (
                              #{merchantId,jdbcType=BIGINT}
                                        , #{storeId,jdbcType=BIGINT}
                                        , #{posCount,jdbcType=INTEGER}
                                        , #{wifiCount,jdbcType=INTEGER}
                                        , #{iBeaconCount,jdbcType=INTEGER}
                                        , #{receiptCount,jdbcType=INTEGER}
                                        , #{createTime,jdbcType=TIMESTAMP}
                                        , #{updateTime,jdbcType=TIMESTAMP}
                                        , #{version,jdbcType=BIGINT}
                     
        )
    </insert>

<insert id="insertBatch" parameterType="java.util.List">
    INSERT INTO o2o_store_terminal_count
        (
                                                             `merchant_id`
                                                                                    , `store_id`
                                                                                    , `pos_count`
                                                                                    , `wifi_count`
                                                                                    , `iBeacon_count`
                                                                                    , `receipt_count`
                                                                                    , `create_time`
                                                                                    , `update_time`
                                                                                    , `version`
                                                        )
    VALUES 
        <foreach collection="records" index="index" item="record" separator=",">
            (
                                                                             #{record.merchantId,jdbcType=BIGINT}
                                                                                                        , #{record.storeId,jdbcType=BIGINT}
                                                                                                        , #{record.posCount,jdbcType=INTEGER}
                                                                                                        , #{record.wifiCount,jdbcType=INTEGER}
                                                                                                        , #{record.iBeaconCount,jdbcType=INTEGER}
                                                                                                        , #{record.receiptCount,jdbcType=INTEGER}
                                                                                                        , #{record.createTime,jdbcType=TIMESTAMP}
                                                                                                        , #{record.updateTime,jdbcType=TIMESTAMP}
                                                                                                        , #{record.version,jdbcType=BIGINT}
                                                                        )
        </foreach> 
</insert>

    <update id="update" parameterType="com.test.domain.O2oStoreTerminalCount">
    UPDATE o2o_store_terminal_count
    SET 
                             merchant_id=#{merchantId,jdbcType=BIGINT}
                                                         , pos_count=#{posCount,jdbcType=INTEGER}
                                     , wifi_count=#{wifiCount,jdbcType=INTEGER}
                                     , iBeacon_count=#{iBeaconCount,jdbcType=INTEGER}
                                     , receipt_count=#{receiptCount,jdbcType=INTEGER}
                                     , create_time=#{createTime,jdbcType=TIMESTAMP}
                                     , update_time=#{updateTime,jdbcType=TIMESTAMP}
                                     , version=#{version,jdbcType=BIGINT}
                     WHERE store_id = #{storeId,jdbcType=BIGINT}
    </update>

    <update id="updateByPrimaryKeySelective" parameterType="com.test.domain.O2oStoreTerminalCount" >
        UPDATE o2o_store_terminal_count
        <set>
            set                                 <if test="merchant_id !=null">
                    merchant_id=#{merchantId,jdbcType=BIGINT}
                </if>
                                                                                        <if test="pos_count !=null">
                    pos_count=#{posCount,jdbcType=INTEGER}
                </if>
                                                            <if test="wifi_count !=null">
                    wifi_count=#{wifiCount,jdbcType=INTEGER}
                </if>
                                                            <if test="iBeacon_count !=null">
                    iBeacon_count=#{iBeaconCount,jdbcType=INTEGER}
                </if>
                                                            <if test="receipt_count !=null">
                    receipt_count=#{receiptCount,jdbcType=INTEGER}
                </if>
                                                            <if test="create_time !=null">
                    create_time=#{createTime,jdbcType=TIMESTAMP}
                </if>
                                                            <if test="update_time !=null">
                    update_time=#{updateTime,jdbcType=TIMESTAMP}
                </if>
                                                            <if test="version !=null">
                    version=#{version,jdbcType=BIGINT}
                </if>
                                    </set>
        where store_id = #{storeId,jdbcType=BIGINT}
    </update>

    <select id="get" resultMap="queryResultMap" parameterType="com.test.domain.O2oStoreTerminalCount">
        SELECT t.*
        FROM o2o_store_terminal_count t
        WHERE store_id = #{storeId,jdbcType=BIGINT}
    </select>
    
    <delete id="del" parameterType="com.test.domain.O2oStoreTerminalCount">
        DELETE FROM o2o_store_terminal_count
        WHERE store_id = #{storeId,jdbcType=BIGINT}
    </delete>

</mapper>