<?xml version="1.0" encoding="UTF-8" ?>
<!DOCTYPE  mapper PUBLIC "-//mybatis.org//DTD Mapper 3.0//EN" "http://mybatis.org/dtd/mybatis-3-mapper.dtd" >
<mapper namespace="com.test.dao.O2oSubMerchantInfoDao">
    <resultMap id="queryResultMap" type="com.test.domain.O2oSubMerchantInfo">
                <result column="id" property="id" jdbcType="BIGINT" />
                <result column="merchant_id" property="merchantId" jdbcType="BIGINT" />
                <result column="wechat_sub_merchant_id" property="wechatSubMerchantId" jdbcType="BIGINT" />
                <result column="brand_name" property="brandName" jdbcType="VARCHAR" />
                <result column="logo_url" property="logoUrl" jdbcType="VARCHAR" />
                <result column="ali_logo_url" property="aliLogoUrl" jdbcType="VARCHAR" />
                <result column="primary_category_id" property="primaryCategoryId" jdbcType="INTEGER" />
                <result column="secondary_category_id" property="secondaryCategoryId" jdbcType="INTEGER" />
                <result column="protocol_meida_id" property="protocolMeidaId" jdbcType="VARCHAR" />
                <result column="meida_id_ali_url" property="meidaIdAliUrl" jdbcType="VARCHAR" />
                <result column="agreement_media_id" property="agreementMediaId" jdbcType="VARCHAR" />
                <result column="agreement_ali_url" property="agreementAliUrl" jdbcType="VARCHAR" />
                <result column="operator_media_id" property="operatorMediaId" jdbcType="VARCHAR" />
                <result column="operator_ali_url" property="operatorAliUrl" jdbcType="VARCHAR" />
                <result column="end_time" property="endTime" jdbcType="BIGINT" />
                <result column="flag" property="flag" jdbcType="INTEGER" />
                <result column="status" property="status" jdbcType="INTEGER" />
                <result column="failed_reason" property="failedReason" jdbcType="VARCHAR" />
                <result column="create_time" property="createTime" jdbcType="TIMESTAMP" />
                <result column="update_time" property="updateTime" jdbcType="TIMESTAMP" />
                <result column="operator_id" property="operatorId" jdbcType="BIGINT" />
                <result column="last_sysn_status_time" property="lastSysnStatusTime" jdbcType="TIMESTAMP" />
            </resultMap>

    <select id="find" parameterType="org.durcframework.core.expression.ExpressionQuery"
        resultMap="queryResultMap">
        SELECT t.*
        FROM o2o_sub_merchant_info t
        <include refid="expressionBlock.where" />
        <choose>
            <when test="sortname == null">
                ORDER BY t.id desc
            </when>
            <otherwise>
                ORDER BY ${order}
            </otherwise>
        </choose>
        <if test="!isQueryAll">
            LIMIT
            #{start,jdbcType=INTEGER},#{limit,jdbcType=INTEGER}
        </if>
    </select>


    <select id="findTotalCount" parameterType="org.durcframework.core.expression.ExpressionQuery"
        resultType="java.lang.Integer">
        SELECT count(*) FROM o2o_sub_merchant_info t
        <include refid="expressionBlock.where" />
    </select>

    <insert id="save" parameterType="com.test.domain.O2oSubMerchantInfo"
    keyProperty="id" keyColumn="id" useGeneratedKeys="true"
    >
    INSERT INTO o2o_sub_merchant_info
         (
                                                  `merchant_id`
                                        , `wechat_sub_merchant_id`
                                        , `brand_name`
                                        , `logo_url`
                                        , `ali_logo_url`
                                        , `primary_category_id`
                                        , `secondary_category_id`
                                        , `protocol_meida_id`
                                        , `meida_id_ali_url`
                                        , `agreement_media_id`
                                        , `agreement_ali_url`
                                        , `operator_media_id`
                                        , `operator_ali_url`
                                        , `end_time`
                                        , `flag`
                                        , `status`
                                        , `failed_reason`
                                        , `create_time`
                                        , `update_time`
                                        , `operator_id`
                                        , `last_sysn_status_time`
                              )
    VALUES (
                                                  #{merchantId,jdbcType=BIGINT}
                                        , #{wechatSubMerchantId,jdbcType=BIGINT}
                                        , #{brandName,jdbcType=VARCHAR}
                                        , #{logoUrl,jdbcType=VARCHAR}
                                        , #{aliLogoUrl,jdbcType=VARCHAR}
                                        , #{primaryCategoryId,jdbcType=INTEGER}
                                        , #{secondaryCategoryId,jdbcType=INTEGER}
                                        , #{protocolMeidaId,jdbcType=VARCHAR}
                                        , #{meidaIdAliUrl,jdbcType=VARCHAR}
                                        , #{agreementMediaId,jdbcType=VARCHAR}
                                        , #{agreementAliUrl,jdbcType=VARCHAR}
                                        , #{operatorMediaId,jdbcType=VARCHAR}
                                        , #{operatorAliUrl,jdbcType=VARCHAR}
                                        , #{endTime,jdbcType=BIGINT}
                                        , #{flag,jdbcType=INTEGER}
                                        , #{status,jdbcType=INTEGER}
                                        , #{failedReason,jdbcType=VARCHAR}
                                        , #{createTime,jdbcType=TIMESTAMP}
                                        , #{updateTime,jdbcType=TIMESTAMP}
                                        , #{operatorId,jdbcType=BIGINT}
                                        , #{lastSysnStatusTime,jdbcType=TIMESTAMP}
                     
        )
    </insert>

<insert id="insertBatch" parameterType="java.util.List">
    INSERT INTO o2o_sub_merchant_info
        (
                                                                                         `merchant_id`
                                                                                    , `wechat_sub_merchant_id`
                                                                                    , `brand_name`
                                                                                    , `logo_url`
                                                                                    , `ali_logo_url`
                                                                                    , `primary_category_id`
                                                                                    , `secondary_category_id`
                                                                                    , `protocol_meida_id`
                                                                                    , `meida_id_ali_url`
                                                                                    , `agreement_media_id`
                                                                                    , `agreement_ali_url`
                                                                                    , `operator_media_id`
                                                                                    , `operator_ali_url`
                                                                                    , `end_time`
                                                                                    , `flag`
                                                                                    , `status`
                                                                                    , `failed_reason`
                                                                                    , `create_time`
                                                                                    , `update_time`
                                                                                    , `operator_id`
                                                                                    , `last_sysn_status_time`
                                                        )
    VALUES 
        <foreach collection="records" index="index" item="record" separator=",">
            (
                                                                                                                 #{record.merchantId,jdbcType=BIGINT}
                                                                                                        , #{record.wechatSubMerchantId,jdbcType=BIGINT}
                                                                                                        , #{record.brandName,jdbcType=VARCHAR}
                                                                                                        , #{record.logoUrl,jdbcType=VARCHAR}
                                                                                                        , #{record.aliLogoUrl,jdbcType=VARCHAR}
                                                                                                        , #{record.primaryCategoryId,jdbcType=INTEGER}
                                                                                                        , #{record.secondaryCategoryId,jdbcType=INTEGER}
                                                                                                        , #{record.protocolMeidaId,jdbcType=VARCHAR}
                                                                                                        , #{record.meidaIdAliUrl,jdbcType=VARCHAR}
                                                                                                        , #{record.agreementMediaId,jdbcType=VARCHAR}
                                                                                                        , #{record.agreementAliUrl,jdbcType=VARCHAR}
                                                                                                        , #{record.operatorMediaId,jdbcType=VARCHAR}
                                                                                                        , #{record.operatorAliUrl,jdbcType=VARCHAR}
                                                                                                        , #{record.endTime,jdbcType=BIGINT}
                                                                                                        , #{record.flag,jdbcType=INTEGER}
                                                                                                        , #{record.status,jdbcType=INTEGER}
                                                                                                        , #{record.failedReason,jdbcType=VARCHAR}
                                                                                                        , #{record.createTime,jdbcType=TIMESTAMP}
                                                                                                        , #{record.updateTime,jdbcType=TIMESTAMP}
                                                                                                        , #{record.operatorId,jdbcType=BIGINT}
                                                                                                        , #{record.lastSysnStatusTime,jdbcType=TIMESTAMP}
                                                                        )
        </foreach> 
</insert>

    <update id="update" parameterType="com.test.domain.O2oSubMerchantInfo">
    UPDATE o2o_sub_merchant_info
    SET 
                                                 merchant_id=#{merchantId,jdbcType=BIGINT}
                                     , wechat_sub_merchant_id=#{wechatSubMerchantId,jdbcType=BIGINT}
                                     , brand_name=#{brandName,jdbcType=VARCHAR}
                                     , logo_url=#{logoUrl,jdbcType=VARCHAR}
                                     , ali_logo_url=#{aliLogoUrl,jdbcType=VARCHAR}
                                     , primary_category_id=#{primaryCategoryId,jdbcType=INTEGER}
                                     , secondary_category_id=#{secondaryCategoryId,jdbcType=INTEGER}
                                     , protocol_meida_id=#{protocolMeidaId,jdbcType=VARCHAR}
                                     , meida_id_ali_url=#{meidaIdAliUrl,jdbcType=VARCHAR}
                                     , agreement_media_id=#{agreementMediaId,jdbcType=VARCHAR}
                                     , agreement_ali_url=#{agreementAliUrl,jdbcType=VARCHAR}
                                     , operator_media_id=#{operatorMediaId,jdbcType=VARCHAR}
                                     , operator_ali_url=#{operatorAliUrl,jdbcType=VARCHAR}
                                     , end_time=#{endTime,jdbcType=BIGINT}
                                     , flag=#{flag,jdbcType=INTEGER}
                                     , status=#{status,jdbcType=INTEGER}
                                     , failed_reason=#{failedReason,jdbcType=VARCHAR}
                                     , create_time=#{createTime,jdbcType=TIMESTAMP}
                                     , update_time=#{updateTime,jdbcType=TIMESTAMP}
                                     , operator_id=#{operatorId,jdbcType=BIGINT}
                                     , last_sysn_status_time=#{lastSysnStatusTime,jdbcType=TIMESTAMP}
                     WHERE id = #{id,jdbcType=BIGINT}
    </update>

    <update id="updateByPrimaryKeySelective" parameterType="com.test.domain.O2oSubMerchantInfo" >
        UPDATE o2o_sub_merchant_info
        <set>
            set                                                             <if test="merchant_id !=null">
                    merchant_id=#{merchantId,jdbcType=BIGINT}
                </if>
                                                            <if test="wechat_sub_merchant_id !=null">
                    wechat_sub_merchant_id=#{wechatSubMerchantId,jdbcType=BIGINT}
                </if>
                                                            <if test="brand_name !=null">
                    brand_name=#{brandName,jdbcType=VARCHAR}
                </if>
                                                            <if test="logo_url !=null">
                    logo_url=#{logoUrl,jdbcType=VARCHAR}
                </if>
                                                            <if test="ali_logo_url !=null">
                    ali_logo_url=#{aliLogoUrl,jdbcType=VARCHAR}
                </if>
                                                            <if test="primary_category_id !=null">
                    primary_category_id=#{primaryCategoryId,jdbcType=INTEGER}
                </if>
                                                            <if test="secondary_category_id !=null">
                    secondary_category_id=#{secondaryCategoryId,jdbcType=INTEGER}
                </if>
                                                            <if test="protocol_meida_id !=null">
                    protocol_meida_id=#{protocolMeidaId,jdbcType=VARCHAR}
                </if>
                                                            <if test="meida_id_ali_url !=null">
                    meida_id_ali_url=#{meidaIdAliUrl,jdbcType=VARCHAR}
                </if>
                                                            <if test="agreement_media_id !=null">
                    agreement_media_id=#{agreementMediaId,jdbcType=VARCHAR}
                </if>
                                                            <if test="agreement_ali_url !=null">
                    agreement_ali_url=#{agreementAliUrl,jdbcType=VARCHAR}
                </if>
                                                            <if test="operator_media_id !=null">
                    operator_media_id=#{operatorMediaId,jdbcType=VARCHAR}
                </if>
                                                            <if test="operator_ali_url !=null">
                    operator_ali_url=#{operatorAliUrl,jdbcType=VARCHAR}
                </if>
                                                            <if test="end_time !=null">
                    end_time=#{endTime,jdbcType=BIGINT}
                </if>
                                                            <if test="flag !=null">
                    flag=#{flag,jdbcType=INTEGER}
                </if>
                                                            <if test="status !=null">
                    status=#{status,jdbcType=INTEGER}
                </if>
                                                            <if test="failed_reason !=null">
                    failed_reason=#{failedReason,jdbcType=VARCHAR}
                </if>
                                                            <if test="create_time !=null">
                    create_time=#{createTime,jdbcType=TIMESTAMP}
                </if>
                                                            <if test="update_time !=null">
                    update_time=#{updateTime,jdbcType=TIMESTAMP}
                </if>
                                                            <if test="operator_id !=null">
                    operator_id=#{operatorId,jdbcType=BIGINT}
                </if>
                                                            <if test="last_sysn_status_time !=null">
                    last_sysn_status_time=#{lastSysnStatusTime,jdbcType=TIMESTAMP}
                </if>
                                    </set>
        where id = #{id,jdbcType=BIGINT}
    </update>

    <select id="get" resultMap="queryResultMap" parameterType="com.test.domain.O2oSubMerchantInfo">
        SELECT t.*
        FROM o2o_sub_merchant_info t
        WHERE id = #{id,jdbcType=BIGINT}
    </select>
    
    <delete id="del" parameterType="com.test.domain.O2oSubMerchantInfo">
        DELETE FROM o2o_sub_merchant_info
        WHERE id = #{id,jdbcType=BIGINT}
    </delete>

</mapper>