<?xml version="1.0" encoding="UTF-8" ?>
<!DOCTYPE  mapper PUBLIC "-//mybatis.org//DTD Mapper 3.0//EN" "http://mybatis.org/dtd/mybatis-3-mapper.dtd" >
<mapper namespace="com.test.dao.O2oStoreDao">
    <resultMap id="queryResultMap" type="com.test.domain.O2oStore">
                <result column="store_id" property="storeId" jdbcType="BIGINT" />
                <result column="poi_id" property="poiId" jdbcType="VARCHAR" />
                <result column="merchant_id" property="merchantId" jdbcType="BIGINT" />
                <result column="store_name" property="storeName" jdbcType="VARCHAR" />
                <result column="branch_name" property="branchName" jdbcType="VARCHAR" />
                <result column="business_type_parent" property="businessTypeParent" jdbcType="VARCHAR" />
                <result column="business_type" property="businessType" jdbcType="VARCHAR" />
                <result column="business_type_son" property="businessTypeSon" jdbcType="VARCHAR" />
                <result column="phone" property="phone" jdbcType="VARCHAR" />
                <result column="business_hour_start" property="businessHourStart" jdbcType="VARCHAR" />
                <result column="business_hour_end" property="businessHourEnd" jdbcType="VARCHAR" />
                <result column="brief" property="brief" jdbcType="VARCHAR" />
                <result column="status" property="status" jdbcType="INTEGER" />
                <result column="recommend" property="recommend" jdbcType="VARCHAR" />
                <result column="special_service" property="specialService" jdbcType="VARCHAR" />
                <result column="per_person_spending" property="perPersonSpending" jdbcType="INTEGER" />
                <result column="create_time" property="createTime" jdbcType="TIMESTAMP" />
                <result column="update_time" property="updateTime" jdbcType="TIMESTAMP" />
                <result column="version" property="version" jdbcType="BIGINT" />
                <result column="fail_reason" property="failReason" jdbcType="VARCHAR" />
                <result column="notice" property="notice" jdbcType="VARCHAR" />
            </resultMap>

    <select id="find" parameterType="org.durcframework.core.expression.ExpressionQuery"
        resultMap="queryResultMap">
        SELECT t.*
        FROM o2o_store t
        <include refid="expressionBlock.where" />
        <choose>
            <when test="sortname == null">
                ORDER BY t.store_id desc
            </when>
            <otherwise>
                ORDER BY ${order}
            </otherwise>
        </choose>
        <if test="!isQueryAll">
            LIMIT
            #{start,jdbcType=INTEGER},#{limit,jdbcType=INTEGER}
        </if>
    </select>


    <select id="findTotalCount" parameterType="org.durcframework.core.expression.ExpressionQuery"
        resultType="java.lang.Integer">
        SELECT count(*) FROM o2o_store t
        <include refid="expressionBlock.where" />
    </select>

    <insert id="save" parameterType="com.test.domain.O2oStore"
    keyProperty="storeId" keyColumn="store_id" useGeneratedKeys="true"
    >
    INSERT INTO o2o_store
         (
                                                  `poi_id`
                                        , `merchant_id`
                                        , `store_name`
                                        , `branch_name`
                                        , `business_type_parent`
                                        , `business_type`
                                        , `business_type_son`
                                        , `phone`
                                        , `business_hour_start`
                                        , `business_hour_end`
                                        , `brief`
                                        , `status`
                                        , `recommend`
                                        , `special_service`
                                        , `per_person_spending`
                                        , `create_time`
                                        , `update_time`
                                        , `version`
                                        , `fail_reason`
                                        , `notice`
                              )
    VALUES (
                                                  #{poiId,jdbcType=VARCHAR}
                                        , #{merchantId,jdbcType=BIGINT}
                                        , #{storeName,jdbcType=VARCHAR}
                                        , #{branchName,jdbcType=VARCHAR}
                                        , #{businessTypeParent,jdbcType=VARCHAR}
                                        , #{businessType,jdbcType=VARCHAR}
                                        , #{businessTypeSon,jdbcType=VARCHAR}
                                        , #{phone,jdbcType=VARCHAR}
                                        , #{businessHourStart,jdbcType=VARCHAR}
                                        , #{businessHourEnd,jdbcType=VARCHAR}
                                        , #{brief,jdbcType=VARCHAR}
                                        , #{status,jdbcType=INTEGER}
                                        , #{recommend,jdbcType=VARCHAR}
                                        , #{specialService,jdbcType=VARCHAR}
                                        , #{perPersonSpending,jdbcType=INTEGER}
                                        , #{createTime,jdbcType=TIMESTAMP}
                                        , #{updateTime,jdbcType=TIMESTAMP}
                                        , #{version,jdbcType=BIGINT}
                                        , #{failReason,jdbcType=VARCHAR}
                                        , #{notice,jdbcType=VARCHAR}
                     
        )
    </insert>

<insert id="insertBatch" parameterType="java.util.List">
    INSERT INTO o2o_store
        (
                                                                                         `poi_id`
                                                                                    , `merchant_id`
                                                                                    , `store_name`
                                                                                    , `branch_name`
                                                                                    , `business_type_parent`
                                                                                    , `business_type`
                                                                                    , `business_type_son`
                                                                                    , `phone`
                                                                                    , `business_hour_start`
                                                                                    , `business_hour_end`
                                                                                    , `brief`
                                                                                    , `status`
                                                                                    , `recommend`
                                                                                    , `special_service`
                                                                                    , `per_person_spending`
                                                                                    , `create_time`
                                                                                    , `update_time`
                                                                                    , `version`
                                                                                    , `fail_reason`
                                                                                    , `notice`
                                                        )
    VALUES 
        <foreach collection="records" index="index" item="record" separator=",">
            (
                                                                                                                 #{record.poiId,jdbcType=VARCHAR}
                                                                                                        , #{record.merchantId,jdbcType=BIGINT}
                                                                                                        , #{record.storeName,jdbcType=VARCHAR}
                                                                                                        , #{record.branchName,jdbcType=VARCHAR}
                                                                                                        , #{record.businessTypeParent,jdbcType=VARCHAR}
                                                                                                        , #{record.businessType,jdbcType=VARCHAR}
                                                                                                        , #{record.businessTypeSon,jdbcType=VARCHAR}
                                                                                                        , #{record.phone,jdbcType=VARCHAR}
                                                                                                        , #{record.businessHourStart,jdbcType=VARCHAR}
                                                                                                        , #{record.businessHourEnd,jdbcType=VARCHAR}
                                                                                                        , #{record.brief,jdbcType=VARCHAR}
                                                                                                        , #{record.status,jdbcType=INTEGER}
                                                                                                        , #{record.recommend,jdbcType=VARCHAR}
                                                                                                        , #{record.specialService,jdbcType=VARCHAR}
                                                                                                        , #{record.perPersonSpending,jdbcType=INTEGER}
                                                                                                        , #{record.createTime,jdbcType=TIMESTAMP}
                                                                                                        , #{record.updateTime,jdbcType=TIMESTAMP}
                                                                                                        , #{record.version,jdbcType=BIGINT}
                                                                                                        , #{record.failReason,jdbcType=VARCHAR}
                                                                                                        , #{record.notice,jdbcType=VARCHAR}
                                                                        )
        </foreach> 
</insert>

    <update id="update" parameterType="com.test.domain.O2oStore">
    UPDATE o2o_store
    SET 
                                                 poi_id=#{poiId,jdbcType=VARCHAR}
                                     , merchant_id=#{merchantId,jdbcType=BIGINT}
                                     , store_name=#{storeName,jdbcType=VARCHAR}
                                     , branch_name=#{branchName,jdbcType=VARCHAR}
                                     , business_type_parent=#{businessTypeParent,jdbcType=VARCHAR}
                                     , business_type=#{businessType,jdbcType=VARCHAR}
                                     , business_type_son=#{businessTypeSon,jdbcType=VARCHAR}
                                     , phone=#{phone,jdbcType=VARCHAR}
                                     , business_hour_start=#{businessHourStart,jdbcType=VARCHAR}
                                     , business_hour_end=#{businessHourEnd,jdbcType=VARCHAR}
                                     , brief=#{brief,jdbcType=VARCHAR}
                                     , status=#{status,jdbcType=INTEGER}
                                     , recommend=#{recommend,jdbcType=VARCHAR}
                                     , special_service=#{specialService,jdbcType=VARCHAR}
                                     , per_person_spending=#{perPersonSpending,jdbcType=INTEGER}
                                     , create_time=#{createTime,jdbcType=TIMESTAMP}
                                     , update_time=#{updateTime,jdbcType=TIMESTAMP}
                                     , version=#{version,jdbcType=BIGINT}
                                     , fail_reason=#{failReason,jdbcType=VARCHAR}
                                     , notice=#{notice,jdbcType=VARCHAR}
                     WHERE store_id = #{storeId,jdbcType=BIGINT}
    </update>

    <update id="updateByPrimaryKeySelective" parameterType="com.test.domain.O2oStore" >
        UPDATE o2o_store
        <set>
            set                                                             <if test="poi_id !=null">
                    poi_id=#{poiId,jdbcType=VARCHAR}
                </if>
                                                            <if test="merchant_id !=null">
                    merchant_id=#{merchantId,jdbcType=BIGINT}
                </if>
                                                            <if test="store_name !=null">
                    store_name=#{storeName,jdbcType=VARCHAR}
                </if>
                                                            <if test="branch_name !=null">
                    branch_name=#{branchName,jdbcType=VARCHAR}
                </if>
                                                            <if test="business_type_parent !=null">
                    business_type_parent=#{businessTypeParent,jdbcType=VARCHAR}
                </if>
                                                            <if test="business_type !=null">
                    business_type=#{businessType,jdbcType=VARCHAR}
                </if>
                                                            <if test="business_type_son !=null">
                    business_type_son=#{businessTypeSon,jdbcType=VARCHAR}
                </if>
                                                            <if test="phone !=null">
                    phone=#{phone,jdbcType=VARCHAR}
                </if>
                                                            <if test="business_hour_start !=null">
                    business_hour_start=#{businessHourStart,jdbcType=VARCHAR}
                </if>
                                                            <if test="business_hour_end !=null">
                    business_hour_end=#{businessHourEnd,jdbcType=VARCHAR}
                </if>
                                                            <if test="brief !=null">
                    brief=#{brief,jdbcType=VARCHAR}
                </if>
                                                            <if test="status !=null">
                    status=#{status,jdbcType=INTEGER}
                </if>
                                                            <if test="recommend !=null">
                    recommend=#{recommend,jdbcType=VARCHAR}
                </if>
                                                            <if test="special_service !=null">
                    special_service=#{specialService,jdbcType=VARCHAR}
                </if>
                                                            <if test="per_person_spending !=null">
                    per_person_spending=#{perPersonSpending,jdbcType=INTEGER}
                </if>
                                                            <if test="create_time !=null">
                    create_time=#{createTime,jdbcType=TIMESTAMP}
                </if>
                                                            <if test="update_time !=null">
                    update_time=#{updateTime,jdbcType=TIMESTAMP}
                </if>
                                                            <if test="version !=null">
                    version=#{version,jdbcType=BIGINT}
                </if>
                                                            <if test="fail_reason !=null">
                    fail_reason=#{failReason,jdbcType=VARCHAR}
                </if>
                                                            <if test="notice !=null">
                    notice=#{notice,jdbcType=VARCHAR}
                </if>
                                    </set>
        where store_id = #{storeId,jdbcType=BIGINT}
    </update>

    <select id="get" resultMap="queryResultMap" parameterType="com.test.domain.O2oStore">
        SELECT t.*
        FROM o2o_store t
        WHERE store_id = #{storeId,jdbcType=BIGINT}
    </select>
    
    <delete id="del" parameterType="com.test.domain.O2oStore">
        DELETE FROM o2o_store
        WHERE store_id = #{storeId,jdbcType=BIGINT}
    </delete>

</mapper>