<?xml version="1.0" encoding="UTF-8" ?>
<!DOCTYPE  mapper PUBLIC "-//mybatis.org//DTD Mapper 3.0//EN" "http://mybatis.org/dtd/mybatis-3-mapper.dtd" >
<mapper namespace="com.test.dao.O2oScrmScoreHistory9Dao">
    <resultMap id="queryResultMap" type="com.test.domain.O2oScrmScoreHistory9">
                <result column="id" property="id" jdbcType="BIGINT" />
                <result column="merchant_id" property="merchantId" jdbcType="BIGINT" />
                <result column="store_id" property="storeId" jdbcType="BIGINT" />
                <result column="customer_id" property="customerId" jdbcType="BIGINT" />
                <result column="score" property="score" jdbcType="BIGINT" />
                <result column="change_time" property="changeTime" jdbcType="TIMESTAMP" />
                <result column="change_reason" property="changeReason" jdbcType="VARCHAR" />
                <result column="member_id" property="memberId" jdbcType="BIGINT" />
                <result column="user_open_id" property="userOpenId" jdbcType="VARCHAR" />
            </resultMap>

    <select id="find" parameterType="org.durcframework.core.expression.ExpressionQuery"
        resultMap="queryResultMap">
        SELECT t.*
        FROM o2o_scrm_score_history_9 t
        <include refid="expressionBlock.where" />
        <choose>
            <when test="sortname == null">
                ORDER BY t.id desc
            </when>
            <otherwise>
                ORDER BY ${order}
            </otherwise>
        </choose>
        <if test="!isQueryAll">
            LIMIT
            #{start,jdbcType=INTEGER},#{limit,jdbcType=INTEGER}
        </if>
    </select>


    <select id="findTotalCount" parameterType="org.durcframework.core.expression.ExpressionQuery"
        resultType="java.lang.Integer">
        SELECT count(*) FROM o2o_scrm_score_history_9 t
        <include refid="expressionBlock.where" />
    </select>

    <insert id="save" parameterType="com.test.domain.O2oScrmScoreHistory9"
    keyProperty="id" keyColumn="id" useGeneratedKeys="true"
    >
    INSERT INTO o2o_scrm_score_history_9
         (
                                                  `merchant_id`
                                        , `store_id`
                                        , `customer_id`
                                        , `score`
                                        , `change_time`
                                        , `change_reason`
                                        , `member_id`
                                        , `user_open_id`
                              )
    VALUES (
                                                  #{merchantId,jdbcType=BIGINT}
                                        , #{storeId,jdbcType=BIGINT}
                                        , #{customerId,jdbcType=BIGINT}
                                        , #{score,jdbcType=BIGINT}
                                        , #{changeTime,jdbcType=TIMESTAMP}
                                        , #{changeReason,jdbcType=VARCHAR}
                                        , #{memberId,jdbcType=BIGINT}
                                        , #{userOpenId,jdbcType=VARCHAR}
                     
        )
    </insert>

<insert id="insertBatch" parameterType="java.util.List">
    INSERT INTO o2o_scrm_score_history_9
        (
                                                                                         `merchant_id`
                                                                                    , `store_id`
                                                                                    , `customer_id`
                                                                                    , `score`
                                                                                    , `change_time`
                                                                                    , `change_reason`
                                                                                    , `member_id`
                                                                                    , `user_open_id`
                                                        )
    VALUES 
        <foreach collection="records" index="index" item="record" separator=",">
            (
                                                                                                                 #{record.merchantId,jdbcType=BIGINT}
                                                                                                        , #{record.storeId,jdbcType=BIGINT}
                                                                                                        , #{record.customerId,jdbcType=BIGINT}
                                                                                                        , #{record.score,jdbcType=BIGINT}
                                                                                                        , #{record.changeTime,jdbcType=TIMESTAMP}
                                                                                                        , #{record.changeReason,jdbcType=VARCHAR}
                                                                                                        , #{record.memberId,jdbcType=BIGINT}
                                                                                                        , #{record.userOpenId,jdbcType=VARCHAR}
                                                                        )
        </foreach> 
</insert>

    <update id="update" parameterType="com.test.domain.O2oScrmScoreHistory9">
    UPDATE o2o_scrm_score_history_9
    SET 
                                                 merchant_id=#{merchantId,jdbcType=BIGINT}
                                     , store_id=#{storeId,jdbcType=BIGINT}
                                     , customer_id=#{customerId,jdbcType=BIGINT}
                                     , score=#{score,jdbcType=BIGINT}
                                     , change_time=#{changeTime,jdbcType=TIMESTAMP}
                                     , change_reason=#{changeReason,jdbcType=VARCHAR}
                                     , member_id=#{memberId,jdbcType=BIGINT}
                                     , user_open_id=#{userOpenId,jdbcType=VARCHAR}
                     WHERE id = #{id,jdbcType=BIGINT}
    </update>

    <update id="updateByPrimaryKeySelective" parameterType="com.test.domain.O2oScrmScoreHistory9" >
        UPDATE o2o_scrm_score_history_9
        <set>
            set                                                             <if test="merchant_id !=null">
                    merchant_id=#{merchantId,jdbcType=BIGINT}
                </if>
                                                            <if test="store_id !=null">
                    store_id=#{storeId,jdbcType=BIGINT}
                </if>
                                                            <if test="customer_id !=null">
                    customer_id=#{customerId,jdbcType=BIGINT}
                </if>
                                                            <if test="score !=null">
                    score=#{score,jdbcType=BIGINT}
                </if>
                                                            <if test="change_time !=null">
                    change_time=#{changeTime,jdbcType=TIMESTAMP}
                </if>
                                                            <if test="change_reason !=null">
                    change_reason=#{changeReason,jdbcType=VARCHAR}
                </if>
                                                            <if test="member_id !=null">
                    member_id=#{memberId,jdbcType=BIGINT}
                </if>
                                                            <if test="user_open_id !=null">
                    user_open_id=#{userOpenId,jdbcType=VARCHAR}
                </if>
                                    </set>
        where id = #{id,jdbcType=BIGINT}
    </update>

    <select id="get" resultMap="queryResultMap" parameterType="com.test.domain.O2oScrmScoreHistory9">
        SELECT t.*
        FROM o2o_scrm_score_history_9 t
        WHERE id = #{id,jdbcType=BIGINT}
    </select>
    
    <delete id="del" parameterType="com.test.domain.O2oScrmScoreHistory9">
        DELETE FROM o2o_scrm_score_history_9
        WHERE id = #{id,jdbcType=BIGINT}
    </delete>

</mapper>