<?xml version="1.0" encoding="UTF-8" ?>
<!DOCTYPE  mapper PUBLIC "-//mybatis.org//DTD Mapper 3.0//EN" "http://mybatis.org/dtd/mybatis-3-mapper.dtd" >
<mapper namespace="com.test.dao.OnlineOrderExtDao">
    <resultMap id="queryResultMap" type="com.test.domain.OnlineOrderExt">
                <result column="ext_id" property="extId" jdbcType="BIGINT" />
                <result column="merchant_id" property="merchantId" jdbcType="BIGINT" />
                <result column="store_id" property="storeId" jdbcType="BIGINT" />
                <result column="up_amount" property="upAmount" jdbcType="INTEGER" />
                <result column="delivery_scope" property="deliveryScope" jdbcType="INTEGER" />
                <result column="delivery_amount" property="deliveryAmount" jdbcType="INTEGER" />
                <result column="over_amount" property="overAmount" jdbcType="INTEGER" />
                <result column="is_free_delivery" property="isFreeDelivery" jdbcType="TINYINT" />
                <result column="is_takeout" property="isTakeout" jdbcType="TINYINT" />
                <result column="self_take_days" property="selfTakeDays" jdbcType="INTEGER" />
                <result column="is_dine_in" property="isDineIn" jdbcType="TINYINT" />
                <result column="dinner_or_snack" property="dinnerOrSnack" jdbcType="TINYINT" />
                <result column="is_offer_pay" property="isOfferPay" jdbcType="TINYINT" />
                <result column="is_vip_marketing" property="isVipMarketing" jdbcType="TINYINT" />
                <result column="version" property="version" jdbcType="BIGINT" />
                <result column="remark" property="remark" jdbcType="VARCHAR" />
            </resultMap>

    <select id="find" parameterType="org.durcframework.core.expression.ExpressionQuery"
        resultMap="queryResultMap">
        SELECT t.*
        FROM online_order_ext t
        <include refid="expressionBlock.where" />
        <choose>
            <when test="sortname == null">
                ORDER BY t.ext_id desc
            </when>
            <otherwise>
                ORDER BY ${order}
            </otherwise>
        </choose>
        <if test="!isQueryAll">
            LIMIT
            #{start,jdbcType=INTEGER},#{limit,jdbcType=INTEGER}
        </if>
    </select>


    <select id="findTotalCount" parameterType="org.durcframework.core.expression.ExpressionQuery"
        resultType="java.lang.Integer">
        SELECT count(*) FROM online_order_ext t
        <include refid="expressionBlock.where" />
    </select>

    <insert id="save" parameterType="com.test.domain.OnlineOrderExt"
    keyProperty="extId" keyColumn="ext_id" useGeneratedKeys="true"
    >
    INSERT INTO online_order_ext
         (
                                                  `merchant_id`
                                        , `store_id`
                                        , `up_amount`
                                        , `delivery_scope`
                                        , `delivery_amount`
                                        , `over_amount`
                                        , `is_free_delivery`
                                        , `is_takeout`
                                        , `self_take_days`
                                        , `is_dine_in`
                                        , `dinner_or_snack`
                                        , `is_offer_pay`
                                        , `is_vip_marketing`
                                        , `version`
                                        , `remark`
                              )
    VALUES (
                                                  #{merchantId,jdbcType=BIGINT}
                                        , #{storeId,jdbcType=BIGINT}
                                        , #{upAmount,jdbcType=INTEGER}
                                        , #{deliveryScope,jdbcType=INTEGER}
                                        , #{deliveryAmount,jdbcType=INTEGER}
                                        , #{overAmount,jdbcType=INTEGER}
                                        , #{isFreeDelivery,jdbcType=TINYINT}
                                        , #{isTakeout,jdbcType=TINYINT}
                                        , #{selfTakeDays,jdbcType=INTEGER}
                                        , #{isDineIn,jdbcType=TINYINT}
                                        , #{dinnerOrSnack,jdbcType=TINYINT}
                                        , #{isOfferPay,jdbcType=TINYINT}
                                        , #{isVipMarketing,jdbcType=TINYINT}
                                        , #{version,jdbcType=BIGINT}
                                        , #{remark,jdbcType=VARCHAR}
                     
        )
    </insert>

<insert id="insertBatch" parameterType="java.util.List">
    INSERT INTO online_order_ext
        (
                                                                                         `merchant_id`
                                                                                    , `store_id`
                                                                                    , `up_amount`
                                                                                    , `delivery_scope`
                                                                                    , `delivery_amount`
                                                                                    , `over_amount`
                                                                                    , `is_free_delivery`
                                                                                    , `is_takeout`
                                                                                    , `self_take_days`
                                                                                    , `is_dine_in`
                                                                                    , `dinner_or_snack`
                                                                                    , `is_offer_pay`
                                                                                    , `is_vip_marketing`
                                                                                    , `version`
                                                                                    , `remark`
                                                        )
    VALUES 
        <foreach collection="records" index="index" item="record" separator=",">
            (
                                                                                                                 #{record.merchantId,jdbcType=BIGINT}
                                                                                                        , #{record.storeId,jdbcType=BIGINT}
                                                                                                        , #{record.upAmount,jdbcType=INTEGER}
                                                                                                        , #{record.deliveryScope,jdbcType=INTEGER}
                                                                                                        , #{record.deliveryAmount,jdbcType=INTEGER}
                                                                                                        , #{record.overAmount,jdbcType=INTEGER}
                                                                                                        , #{record.isFreeDelivery,jdbcType=TINYINT}
                                                                                                        , #{record.isTakeout,jdbcType=TINYINT}
                                                                                                        , #{record.selfTakeDays,jdbcType=INTEGER}
                                                                                                        , #{record.isDineIn,jdbcType=TINYINT}
                                                                                                        , #{record.dinnerOrSnack,jdbcType=TINYINT}
                                                                                                        , #{record.isOfferPay,jdbcType=TINYINT}
                                                                                                        , #{record.isVipMarketing,jdbcType=TINYINT}
                                                                                                        , #{record.version,jdbcType=BIGINT}
                                                                                                        , #{record.remark,jdbcType=VARCHAR}
                                                                        )
        </foreach> 
</insert>

    <update id="update" parameterType="com.test.domain.OnlineOrderExt">
    UPDATE online_order_ext
    SET 
                                                 merchant_id=#{merchantId,jdbcType=BIGINT}
                                     , store_id=#{storeId,jdbcType=BIGINT}
                                     , up_amount=#{upAmount,jdbcType=INTEGER}
                                     , delivery_scope=#{deliveryScope,jdbcType=INTEGER}
                                     , delivery_amount=#{deliveryAmount,jdbcType=INTEGER}
                                     , over_amount=#{overAmount,jdbcType=INTEGER}
                                     , is_free_delivery=#{isFreeDelivery,jdbcType=TINYINT}
                                     , is_takeout=#{isTakeout,jdbcType=TINYINT}
                                     , self_take_days=#{selfTakeDays,jdbcType=INTEGER}
                                     , is_dine_in=#{isDineIn,jdbcType=TINYINT}
                                     , dinner_or_snack=#{dinnerOrSnack,jdbcType=TINYINT}
                                     , is_offer_pay=#{isOfferPay,jdbcType=TINYINT}
                                     , is_vip_marketing=#{isVipMarketing,jdbcType=TINYINT}
                                     , version=#{version,jdbcType=BIGINT}
                                     , remark=#{remark,jdbcType=VARCHAR}
                     WHERE ext_id = #{extId,jdbcType=BIGINT}
    </update>

    <update id="updateByPrimaryKeySelective" parameterType="com.test.domain.OnlineOrderExt" >
        UPDATE online_order_ext
        <set>
            set                                                             <if test="merchant_id !=null">
                    merchant_id=#{merchantId,jdbcType=BIGINT}
                </if>
                                                            <if test="store_id !=null">
                    store_id=#{storeId,jdbcType=BIGINT}
                </if>
                                                            <if test="up_amount !=null">
                    up_amount=#{upAmount,jdbcType=INTEGER}
                </if>
                                                            <if test="delivery_scope !=null">
                    delivery_scope=#{deliveryScope,jdbcType=INTEGER}
                </if>
                                                            <if test="delivery_amount !=null">
                    delivery_amount=#{deliveryAmount,jdbcType=INTEGER}
                </if>
                                                            <if test="over_amount !=null">
                    over_amount=#{overAmount,jdbcType=INTEGER}
                </if>
                                                            <if test="is_free_delivery !=null">
                    is_free_delivery=#{isFreeDelivery,jdbcType=TINYINT}
                </if>
                                                            <if test="is_takeout !=null">
                    is_takeout=#{isTakeout,jdbcType=TINYINT}
                </if>
                                                            <if test="self_take_days !=null">
                    self_take_days=#{selfTakeDays,jdbcType=INTEGER}
                </if>
                                                            <if test="is_dine_in !=null">
                    is_dine_in=#{isDineIn,jdbcType=TINYINT}
                </if>
                                                            <if test="dinner_or_snack !=null">
                    dinner_or_snack=#{dinnerOrSnack,jdbcType=TINYINT}
                </if>
                                                            <if test="is_offer_pay !=null">
                    is_offer_pay=#{isOfferPay,jdbcType=TINYINT}
                </if>
                                                            <if test="is_vip_marketing !=null">
                    is_vip_marketing=#{isVipMarketing,jdbcType=TINYINT}
                </if>
                                                            <if test="version !=null">
                    version=#{version,jdbcType=BIGINT}
                </if>
                                                            <if test="remark !=null">
                    remark=#{remark,jdbcType=VARCHAR}
                </if>
                                    </set>
        where ext_id = #{extId,jdbcType=BIGINT}
    </update>

    <select id="get" resultMap="queryResultMap" parameterType="com.test.domain.OnlineOrderExt">
        SELECT t.*
        FROM online_order_ext t
        WHERE ext_id = #{extId,jdbcType=BIGINT}
    </select>
    
    <delete id="del" parameterType="com.test.domain.OnlineOrderExt">
        DELETE FROM online_order_ext
        WHERE ext_id = #{extId,jdbcType=BIGINT}
    </delete>

</mapper>