<?xml version="1.0" encoding="UTF-8" ?>
<!DOCTYPE  mapper PUBLIC "-//mybatis.org//DTD Mapper 3.0//EN" "http://mybatis.org/dtd/mybatis-3-mapper.dtd" >
<mapper namespace="com.test.dao.PageModuleDao">
    <resultMap id="queryResultMap" type="com.test.domain.PageModule">
                <result column="id" property="id" jdbcType="BIGINT" />
                <result column="aid" property="aid" jdbcType="BIGINT" />
                <result column="page_id" property="pageId" jdbcType="BIGINT" />
                <result column="name" property="name" jdbcType="VARCHAR" />
                <result column="type" property="type" jdbcType="INTEGER" />
                <result column="module_json" property="moduleJson" jdbcType="VARCHAR" />
                <result column="sort" property="sort" jdbcType="INTEGER" />
                <result column="create_time" property="createTime" jdbcType="TIMESTAMP" />
                <result column="update_time" property="updateTime" jdbcType="TIMESTAMP" />
            </resultMap>

    <select id="find" parameterType="org.durcframework.core.expression.ExpressionQuery"
        resultMap="queryResultMap">
        SELECT t.*
        FROM page_module t
        <include refid="expressionBlock.where" />
        <choose>
            <when test="sortname == null">
                ORDER BY t.id desc
            </when>
            <otherwise>
                ORDER BY ${order}
            </otherwise>
        </choose>
        <if test="!isQueryAll">
            LIMIT
            #{start,jdbcType=INTEGER},#{limit,jdbcType=INTEGER}
        </if>
    </select>


    <select id="findTotalCount" parameterType="org.durcframework.core.expression.ExpressionQuery"
        resultType="java.lang.Integer">
        SELECT count(*) FROM page_module t
        <include refid="expressionBlock.where" />
    </select>

    <insert id="save" parameterType="com.test.domain.PageModule"
    keyProperty="id" keyColumn="id" useGeneratedKeys="true"
    >
    INSERT INTO page_module
         (
                                                  `aid`
                                        , `page_id`
                                        , `name`
                                        , `type`
                                        , `module_json`
                                        , `sort`
                                        , `create_time`
                                        , `update_time`
                              )
    VALUES (
                                                  #{aid,jdbcType=BIGINT}
                                        , #{pageId,jdbcType=BIGINT}
                                        , #{name,jdbcType=VARCHAR}
                                        , #{type,jdbcType=INTEGER}
                                        , #{moduleJson,jdbcType=VARCHAR}
                                        , #{sort,jdbcType=INTEGER}
                                        , #{createTime,jdbcType=TIMESTAMP}
                                        , #{updateTime,jdbcType=TIMESTAMP}
                     
        )
    </insert>

<insert id="insertBatch" parameterType="java.util.List">
    INSERT INTO page_module
        (
                                                                                         `aid`
                                                                                    , `page_id`
                                                                                    , `name`
                                                                                    , `type`
                                                                                    , `module_json`
                                                                                    , `sort`
                                                                                    , `create_time`
                                                                                    , `update_time`
                                                        )
    VALUES 
        <foreach collection="records" index="index" item="record" separator=",">
            (
                                                                                                                 #{record.aid,jdbcType=BIGINT}
                                                                                                        , #{record.pageId,jdbcType=BIGINT}
                                                                                                        , #{record.name,jdbcType=VARCHAR}
                                                                                                        , #{record.type,jdbcType=INTEGER}
                                                                                                        , #{record.moduleJson,jdbcType=VARCHAR}
                                                                                                        , #{record.sort,jdbcType=INTEGER}
                                                                                                        , #{record.createTime,jdbcType=TIMESTAMP}
                                                                                                        , #{record.updateTime,jdbcType=TIMESTAMP}
                                                                        )
        </foreach> 
</insert>

    <update id="update" parameterType="com.test.domain.PageModule">
    UPDATE page_module
    SET 
                                                 aid=#{aid,jdbcType=BIGINT}
                                     , page_id=#{pageId,jdbcType=BIGINT}
                                     , name=#{name,jdbcType=VARCHAR}
                                     , type=#{type,jdbcType=INTEGER}
                                     , module_json=#{moduleJson,jdbcType=VARCHAR}
                                     , sort=#{sort,jdbcType=INTEGER}
                                     , create_time=#{createTime,jdbcType=TIMESTAMP}
                                     , update_time=#{updateTime,jdbcType=TIMESTAMP}
                     WHERE id = #{id,jdbcType=BIGINT}
    </update>

    <update id="updateByPrimaryKeySelective" parameterType="com.test.domain.PageModule" >
        UPDATE page_module
        <set>
            set                                                             <if test="aid !=null">
                    aid=#{aid,jdbcType=BIGINT}
                </if>
                                                            <if test="page_id !=null">
                    page_id=#{pageId,jdbcType=BIGINT}
                </if>
                                                            <if test="name !=null">
                    name=#{name,jdbcType=VARCHAR}
                </if>
                                                            <if test="type !=null">
                    type=#{type,jdbcType=INTEGER}
                </if>
                                                            <if test="module_json !=null">
                    module_json=#{moduleJson,jdbcType=VARCHAR}
                </if>
                                                            <if test="sort !=null">
                    sort=#{sort,jdbcType=INTEGER}
                </if>
                                                            <if test="create_time !=null">
                    create_time=#{createTime,jdbcType=TIMESTAMP}
                </if>
                                                            <if test="update_time !=null">
                    update_time=#{updateTime,jdbcType=TIMESTAMP}
                </if>
                                    </set>
        where id = #{id,jdbcType=BIGINT}
    </update>

    <select id="get" resultMap="queryResultMap" parameterType="com.test.domain.PageModule">
        SELECT t.*
        FROM page_module t
        WHERE id = #{id,jdbcType=BIGINT}
    </select>
    
    <delete id="del" parameterType="com.test.domain.PageModule">
        DELETE FROM page_module
        WHERE id = #{id,jdbcType=BIGINT}
    </delete>

</mapper>