<?xml version="1.0" encoding="UTF-8" ?>
<!DOCTYPE  mapper PUBLIC "-//mybatis.org//DTD Mapper 3.0//EN" "http://mybatis.org/dtd/mybatis-3-mapper.dtd" >
<mapper namespace="com.test.dao.PageDao">
    <resultMap id="queryResultMap" type="com.test.domain.Page">
                <result column="id" property="id" jdbcType="BIGINT" />
                <result column="aid" property="aid" jdbcType="BIGINT" />
                <result column="name" property="name" jdbcType="VARCHAR" />
                <result column="description" property="description" jdbcType="VARCHAR" />
                <result column="status" property="status" jdbcType="TINYINT" />
                <result column="qrcode" property="qrcode" jdbcType="VARCHAR" />
                <result column="create_time" property="createTime" jdbcType="TIMESTAMP" />
                <result column="update_time" property="updateTime" jdbcType="TIMESTAMP" />
            </resultMap>

    <select id="find" parameterType="org.durcframework.core.expression.ExpressionQuery"
        resultMap="queryResultMap">
        SELECT t.*
        FROM page t
        <include refid="expressionBlock.where" />
        <choose>
            <when test="sortname == null">
                ORDER BY t.id desc
            </when>
            <otherwise>
                ORDER BY ${order}
            </otherwise>
        </choose>
        <if test="!isQueryAll">
            LIMIT
            #{start,jdbcType=INTEGER},#{limit,jdbcType=INTEGER}
        </if>
    </select>


    <select id="findTotalCount" parameterType="org.durcframework.core.expression.ExpressionQuery"
        resultType="java.lang.Integer">
        SELECT count(*) FROM page t
        <include refid="expressionBlock.where" />
    </select>

    <insert id="save" parameterType="com.test.domain.Page"
    keyProperty="id" keyColumn="id" useGeneratedKeys="true"
    >
    INSERT INTO page
         (
                                                  `aid`
                                        , `name`
                                        , `description`
                                        , `status`
                                        , `qrcode`
                                        , `create_time`
                                        , `update_time`
                              )
    VALUES (
                                                  #{aid,jdbcType=BIGINT}
                                        , #{name,jdbcType=VARCHAR}
                                        , #{description,jdbcType=VARCHAR}
                                        , #{status,jdbcType=TINYINT}
                                        , #{qrcode,jdbcType=VARCHAR}
                                        , #{createTime,jdbcType=TIMESTAMP}
                                        , #{updateTime,jdbcType=TIMESTAMP}
                     
        )
    </insert>

<insert id="insertBatch" parameterType="java.util.List">
    INSERT INTO page
        (
                                                                                         `aid`
                                                                                    , `name`
                                                                                    , `description`
                                                                                    , `status`
                                                                                    , `qrcode`
                                                                                    , `create_time`
                                                                                    , `update_time`
                                                        )
    VALUES 
        <foreach collection="records" index="index" item="record" separator=",">
            (
                                                                                                                 #{record.aid,jdbcType=BIGINT}
                                                                                                        , #{record.name,jdbcType=VARCHAR}
                                                                                                        , #{record.description,jdbcType=VARCHAR}
                                                                                                        , #{record.status,jdbcType=TINYINT}
                                                                                                        , #{record.qrcode,jdbcType=VARCHAR}
                                                                                                        , #{record.createTime,jdbcType=TIMESTAMP}
                                                                                                        , #{record.updateTime,jdbcType=TIMESTAMP}
                                                                        )
        </foreach> 
</insert>

    <update id="update" parameterType="com.test.domain.Page">
    UPDATE page
    SET 
                                                 aid=#{aid,jdbcType=BIGINT}
                                     , name=#{name,jdbcType=VARCHAR}
                                     , description=#{description,jdbcType=VARCHAR}
                                     , status=#{status,jdbcType=TINYINT}
                                     , qrcode=#{qrcode,jdbcType=VARCHAR}
                                     , create_time=#{createTime,jdbcType=TIMESTAMP}
                                     , update_time=#{updateTime,jdbcType=TIMESTAMP}
                     WHERE id = #{id,jdbcType=BIGINT}
    </update>

    <update id="updateByPrimaryKeySelective" parameterType="com.test.domain.Page" >
        UPDATE page
        <set>
            set                                                             <if test="aid !=null">
                    aid=#{aid,jdbcType=BIGINT}
                </if>
                                                            <if test="name !=null">
                    name=#{name,jdbcType=VARCHAR}
                </if>
                                                            <if test="description !=null">
                    description=#{description,jdbcType=VARCHAR}
                </if>
                                                            <if test="status !=null">
                    status=#{status,jdbcType=TINYINT}
                </if>
                                                            <if test="qrcode !=null">
                    qrcode=#{qrcode,jdbcType=VARCHAR}
                </if>
                                                            <if test="create_time !=null">
                    create_time=#{createTime,jdbcType=TIMESTAMP}
                </if>
                                                            <if test="update_time !=null">
                    update_time=#{updateTime,jdbcType=TIMESTAMP}
                </if>
                                    </set>
        where id = #{id,jdbcType=BIGINT}
    </update>

    <select id="get" resultMap="queryResultMap" parameterType="com.test.domain.Page">
        SELECT t.*
        FROM page t
        WHERE id = #{id,jdbcType=BIGINT}
    </select>
    
    <delete id="del" parameterType="com.test.domain.Page">
        DELETE FROM page
        WHERE id = #{id,jdbcType=BIGINT}
    </delete>

</mapper>