<?xml version="1.0" encoding="UTF-8" ?>
<!DOCTYPE  mapper PUBLIC "-//mybatis.org//DTD Mapper 3.0//EN" "http://mybatis.org/dtd/mybatis-3-mapper.dtd" >
<mapper namespace="com.test.dao.QuestionResponseDao">
    <resultMap id="queryResultMap" type="com.test.domain.QuestionResponse">
                <result column="id" property="id" jdbcType="BIGINT" />
                <result column="question_id" property="questionId" jdbcType="BIGINT" />
                <result column="response" property="response" jdbcType="VARCHAR" />
                <result column="create_time" property="createTime" jdbcType="TIMESTAMP" />
                <result column="update_time" property="updateTime" jdbcType="TIMESTAMP" />
                <result column="open_id" property="openId" jdbcType="VARCHAR" />
            </resultMap>

    <select id="find" parameterType="org.durcframework.core.expression.ExpressionQuery"
        resultMap="queryResultMap">
        SELECT t.*
        FROM question_response t
        <include refid="expressionBlock.where" />
        <choose>
            <when test="sortname == null">
                ORDER BY t.id desc
            </when>
            <otherwise>
                ORDER BY ${order}
            </otherwise>
        </choose>
        <if test="!isQueryAll">
            LIMIT
            #{start,jdbcType=INTEGER},#{limit,jdbcType=INTEGER}
        </if>
    </select>


    <select id="findTotalCount" parameterType="org.durcframework.core.expression.ExpressionQuery"
        resultType="java.lang.Integer">
        SELECT count(*) FROM question_response t
        <include refid="expressionBlock.where" />
    </select>

    <insert id="save" parameterType="com.test.domain.QuestionResponse"
    keyProperty="id" keyColumn="id" useGeneratedKeys="true"
    >
    INSERT INTO question_response
         (
                                                  `question_id`
                                        , `response`
                                        , `create_time`
                                        , `update_time`
                                        , `open_id`
                              )
    VALUES (
                                                  #{questionId,jdbcType=BIGINT}
                                        , #{response,jdbcType=VARCHAR}
                                        , #{createTime,jdbcType=TIMESTAMP}
                                        , #{updateTime,jdbcType=TIMESTAMP}
                                        , #{openId,jdbcType=VARCHAR}
                     
        )
    </insert>

<insert id="insertBatch" parameterType="java.util.List">
    INSERT INTO question_response
        (
                                                                                         `question_id`
                                                                                    , `response`
                                                                                    , `create_time`
                                                                                    , `update_time`
                                                                                    , `open_id`
                                                        )
    VALUES 
        <foreach collection="records" index="index" item="record" separator=",">
            (
                                                                                                                 #{record.questionId,jdbcType=BIGINT}
                                                                                                        , #{record.response,jdbcType=VARCHAR}
                                                                                                        , #{record.createTime,jdbcType=TIMESTAMP}
                                                                                                        , #{record.updateTime,jdbcType=TIMESTAMP}
                                                                                                        , #{record.openId,jdbcType=VARCHAR}
                                                                        )
        </foreach> 
</insert>

    <update id="update" parameterType="com.test.domain.QuestionResponse">
    UPDATE question_response
    SET 
                                                 question_id=#{questionId,jdbcType=BIGINT}
                                     , response=#{response,jdbcType=VARCHAR}
                                     , create_time=#{createTime,jdbcType=TIMESTAMP}
                                     , update_time=#{updateTime,jdbcType=TIMESTAMP}
                                     , open_id=#{openId,jdbcType=VARCHAR}
                     WHERE id = #{id,jdbcType=BIGINT}
    </update>

    <update id="updateByPrimaryKeySelective" parameterType="com.test.domain.QuestionResponse" >
        UPDATE question_response
        <set>
            set                                                             <if test="question_id !=null">
                    question_id=#{questionId,jdbcType=BIGINT}
                </if>
                                                            <if test="response !=null">
                    response=#{response,jdbcType=VARCHAR}
                </if>
                                                            <if test="create_time !=null">
                    create_time=#{createTime,jdbcType=TIMESTAMP}
                </if>
                                                            <if test="update_time !=null">
                    update_time=#{updateTime,jdbcType=TIMESTAMP}
                </if>
                                                            <if test="open_id !=null">
                    open_id=#{openId,jdbcType=VARCHAR}
                </if>
                                    </set>
        where id = #{id,jdbcType=BIGINT}
    </update>

    <select id="get" resultMap="queryResultMap" parameterType="com.test.domain.QuestionResponse">
        SELECT t.*
        FROM question_response t
        WHERE id = #{id,jdbcType=BIGINT}
    </select>
    
    <delete id="del" parameterType="com.test.domain.QuestionResponse">
        DELETE FROM question_response
        WHERE id = #{id,jdbcType=BIGINT}
    </delete>

</mapper>