<?xml version="1.0" encoding="UTF-8" ?>
<!DOCTYPE  mapper PUBLIC "-//mybatis.org//DTD Mapper 3.0//EN" "http://mybatis.org/dtd/mybatis-3-mapper.dtd" >
<mapper namespace="com.test.dao.SelectMaterialDao">
    <resultMap id="queryResultMap" type="com.test.domain.SelectMaterial">
                <result column="id" property="id" jdbcType="BIGINT" />
                <result column="matter_type" property="matterType" jdbcType="VARCHAR" />
                <result column="matter_name" property="matterName" jdbcType="VARCHAR" />
                <result column="read_url" property="readUrl" jdbcType="VARCHAR" />
                <result column="select_name" property="selectName" jdbcType="VARCHAR" />
            </resultMap>

    <select id="find" parameterType="org.durcframework.core.expression.ExpressionQuery"
        resultMap="queryResultMap">
        SELECT t.*
        FROM select_material t
        <include refid="expressionBlock.where" />
        <choose>
            <when test="sortname == null">
                ORDER BY t.id desc
            </when>
            <otherwise>
                ORDER BY ${order}
            </otherwise>
        </choose>
        <if test="!isQueryAll">
            LIMIT
            #{start,jdbcType=INTEGER},#{limit,jdbcType=INTEGER}
        </if>
    </select>


    <select id="findTotalCount" parameterType="org.durcframework.core.expression.ExpressionQuery"
        resultType="java.lang.Integer">
        SELECT count(*) FROM select_material t
        <include refid="expressionBlock.where" />
    </select>

    <insert id="save" parameterType="com.test.domain.SelectMaterial"
    keyProperty="id" keyColumn="id" useGeneratedKeys="true"
    >
    INSERT INTO select_material
         (
                                                  `matter_type`
                                        , `matter_name`
                                        , `read_url`
                                        , `select_name`
                              )
    VALUES (
                                                  #{matterType,jdbcType=VARCHAR}
                                        , #{matterName,jdbcType=VARCHAR}
                                        , #{readUrl,jdbcType=VARCHAR}
                                        , #{selectName,jdbcType=VARCHAR}
                     
        )
    </insert>

<insert id="insertBatch" parameterType="java.util.List">
    INSERT INTO select_material
        (
                                                                                         `matter_type`
                                                                                    , `matter_name`
                                                                                    , `read_url`
                                                                                    , `select_name`
                                                        )
    VALUES 
        <foreach collection="records" index="index" item="record" separator=",">
            (
                                                                                                                 #{record.matterType,jdbcType=VARCHAR}
                                                                                                        , #{record.matterName,jdbcType=VARCHAR}
                                                                                                        , #{record.readUrl,jdbcType=VARCHAR}
                                                                                                        , #{record.selectName,jdbcType=VARCHAR}
                                                                        )
        </foreach> 
</insert>

    <update id="update" parameterType="com.test.domain.SelectMaterial">
    UPDATE select_material
    SET 
                                                 matter_type=#{matterType,jdbcType=VARCHAR}
                                     , matter_name=#{matterName,jdbcType=VARCHAR}
                                     , read_url=#{readUrl,jdbcType=VARCHAR}
                                     , select_name=#{selectName,jdbcType=VARCHAR}
                     WHERE id = #{id,jdbcType=BIGINT}
    </update>

    <update id="updateByPrimaryKeySelective" parameterType="com.test.domain.SelectMaterial" >
        UPDATE select_material
        <set>
            set                                                             <if test="matter_type !=null">
                    matter_type=#{matterType,jdbcType=VARCHAR}
                </if>
                                                            <if test="matter_name !=null">
                    matter_name=#{matterName,jdbcType=VARCHAR}
                </if>
                                                            <if test="read_url !=null">
                    read_url=#{readUrl,jdbcType=VARCHAR}
                </if>
                                                            <if test="select_name !=null">
                    select_name=#{selectName,jdbcType=VARCHAR}
                </if>
                                    </set>
        where id = #{id,jdbcType=BIGINT}
    </update>

    <select id="get" resultMap="queryResultMap" parameterType="com.test.domain.SelectMaterial">
        SELECT t.*
        FROM select_material t
        WHERE id = #{id,jdbcType=BIGINT}
    </select>
    
    <delete id="del" parameterType="com.test.domain.SelectMaterial">
        DELETE FROM select_material
        WHERE id = #{id,jdbcType=BIGINT}
    </delete>

</mapper>