<?xml version="1.0" encoding="UTF-8" ?>
<!DOCTYPE  mapper PUBLIC "-//mybatis.org//DTD Mapper 3.0//EN" "http://mybatis.org/dtd/mybatis-3-mapper.dtd" >
<mapper namespace="com.test.dao.ShakeDevicePageDao">
    <resultMap id="queryResultMap" type="com.test.domain.ShakeDevicePage">
                <result column="shake_device_page_id" property="shakeDevicePageId" jdbcType="BIGINT" />
                <result column="shake_device_id" property="shakeDeviceId" jdbcType="BIGINT" />
                <result column="shake_page_id" property="shakePageId" jdbcType="BIGINT" />
                <result column="create_time" property="createTime" jdbcType="TIMESTAMP" />
                <result column="update_time" property="updateTime" jdbcType="TIMESTAMP" />
            </resultMap>

    <select id="find" parameterType="org.durcframework.core.expression.ExpressionQuery"
        resultMap="queryResultMap">
        SELECT t.*
        FROM shake_device_page t
        <include refid="expressionBlock.where" />
        <choose>
            <when test="sortname == null">
                ORDER BY t.shake_device_page_id desc
            </when>
            <otherwise>
                ORDER BY ${order}
            </otherwise>
        </choose>
        <if test="!isQueryAll">
            LIMIT
            #{start,jdbcType=INTEGER},#{limit,jdbcType=INTEGER}
        </if>
    </select>


    <select id="findTotalCount" parameterType="org.durcframework.core.expression.ExpressionQuery"
        resultType="java.lang.Integer">
        SELECT count(*) FROM shake_device_page t
        <include refid="expressionBlock.where" />
    </select>

    <insert id="save" parameterType="com.test.domain.ShakeDevicePage"
    keyProperty="shakeDevicePageId" keyColumn="shake_device_page_id" useGeneratedKeys="true"
    >
    INSERT INTO shake_device_page
         (
                                                  `shake_device_id`
                                        , `shake_page_id`
                                        , `create_time`
                                        , `update_time`
                              )
    VALUES (
                                                  #{shakeDeviceId,jdbcType=BIGINT}
                                        , #{shakePageId,jdbcType=BIGINT}
                                        , #{createTime,jdbcType=TIMESTAMP}
                                        , #{updateTime,jdbcType=TIMESTAMP}
                     
        )
    </insert>

<insert id="insertBatch" parameterType="java.util.List">
    INSERT INTO shake_device_page
        (
                                                                                         `shake_device_id`
                                                                                    , `shake_page_id`
                                                                                    , `create_time`
                                                                                    , `update_time`
                                                        )
    VALUES 
        <foreach collection="records" index="index" item="record" separator=",">
            (
                                                                                                                 #{record.shakeDeviceId,jdbcType=BIGINT}
                                                                                                        , #{record.shakePageId,jdbcType=BIGINT}
                                                                                                        , #{record.createTime,jdbcType=TIMESTAMP}
                                                                                                        , #{record.updateTime,jdbcType=TIMESTAMP}
                                                                        )
        </foreach> 
</insert>

    <update id="update" parameterType="com.test.domain.ShakeDevicePage">
    UPDATE shake_device_page
    SET 
                                                 shake_device_id=#{shakeDeviceId,jdbcType=BIGINT}
                                     , shake_page_id=#{shakePageId,jdbcType=BIGINT}
                                     , create_time=#{createTime,jdbcType=TIMESTAMP}
                                     , update_time=#{updateTime,jdbcType=TIMESTAMP}
                     WHERE shake_device_page_id = #{shakeDevicePageId,jdbcType=BIGINT}
    </update>

    <update id="updateByPrimaryKeySelective" parameterType="com.test.domain.ShakeDevicePage" >
        UPDATE shake_device_page
        <set>
            set                                                             <if test="shake_device_id !=null">
                    shake_device_id=#{shakeDeviceId,jdbcType=BIGINT}
                </if>
                                                            <if test="shake_page_id !=null">
                    shake_page_id=#{shakePageId,jdbcType=BIGINT}
                </if>
                                                            <if test="create_time !=null">
                    create_time=#{createTime,jdbcType=TIMESTAMP}
                </if>
                                                            <if test="update_time !=null">
                    update_time=#{updateTime,jdbcType=TIMESTAMP}
                </if>
                                    </set>
        where shake_device_page_id = #{shakeDevicePageId,jdbcType=BIGINT}
    </update>

    <select id="get" resultMap="queryResultMap" parameterType="com.test.domain.ShakeDevicePage">
        SELECT t.*
        FROM shake_device_page t
        WHERE shake_device_page_id = #{shakeDevicePageId,jdbcType=BIGINT}
    </select>
    
    <delete id="del" parameterType="com.test.domain.ShakeDevicePage">
        DELETE FROM shake_device_page
        WHERE shake_device_page_id = #{shakeDevicePageId,jdbcType=BIGINT}
    </delete>

</mapper>