<?xml version="1.0" encoding="UTF-8" ?>
<!DOCTYPE  mapper PUBLIC "-//mybatis.org//DTD Mapper 3.0//EN" "http://mybatis.org/dtd/mybatis-3-mapper.dtd" >
<mapper namespace="com.test.dao.ShakePageCardDao">
    <resultMap id="queryResultMap" type="com.test.domain.ShakePageCard">
                <result column="shake_page_card_id" property="shakePageCardId" jdbcType="BIGINT" />
                <result column="shake_page_id" property="shakePageId" jdbcType="BIGINT" />
                <result column="card_template_id" property="cardTemplateId" jdbcType="BIGINT" />
                <result column="merchant_id" property="merchantId" jdbcType="BIGINT" />
                <result column="bid" property="bid" jdbcType="BIGINT" />
                <result column="card_type" property="cardType" jdbcType="BIGINT" />
                <result column="create_time" property="createTime" jdbcType="TIMESTAMP" />
                <result column="update_time" property="updateTime" jdbcType="TIMESTAMP" />
            </resultMap>

    <select id="find" parameterType="org.durcframework.core.expression.ExpressionQuery"
        resultMap="queryResultMap">
        SELECT t.*
        FROM shake_page_card t
        <include refid="expressionBlock.where" />
        <choose>
            <when test="sortname == null">
                ORDER BY t.shake_page_card_id desc
            </when>
            <otherwise>
                ORDER BY ${order}
            </otherwise>
        </choose>
        <if test="!isQueryAll">
            LIMIT
            #{start,jdbcType=INTEGER},#{limit,jdbcType=INTEGER}
        </if>
    </select>


    <select id="findTotalCount" parameterType="org.durcframework.core.expression.ExpressionQuery"
        resultType="java.lang.Integer">
        SELECT count(*) FROM shake_page_card t
        <include refid="expressionBlock.where" />
    </select>

    <insert id="save" parameterType="com.test.domain.ShakePageCard"
    keyProperty="shakePageCardId" keyColumn="shake_page_card_id" useGeneratedKeys="true"
    >
    INSERT INTO shake_page_card
         (
                                                  `shake_page_id`
                                        , `card_template_id`
                                        , `merchant_id`
                                        , `bid`
                                        , `card_type`
                                        , `create_time`
                                        , `update_time`
                              )
    VALUES (
                                                  #{shakePageId,jdbcType=BIGINT}
                                        , #{cardTemplateId,jdbcType=BIGINT}
                                        , #{merchantId,jdbcType=BIGINT}
                                        , #{bid,jdbcType=BIGINT}
                                        , #{cardType,jdbcType=BIGINT}
                                        , #{createTime,jdbcType=TIMESTAMP}
                                        , #{updateTime,jdbcType=TIMESTAMP}
                     
        )
    </insert>

<insert id="insertBatch" parameterType="java.util.List">
    INSERT INTO shake_page_card
        (
                                                                                         `shake_page_id`
                                                                                    , `card_template_id`
                                                                                    , `merchant_id`
                                                                                    , `bid`
                                                                                    , `card_type`
                                                                                    , `create_time`
                                                                                    , `update_time`
                                                        )
    VALUES 
        <foreach collection="records" index="index" item="record" separator=",">
            (
                                                                                                                 #{record.shakePageId,jdbcType=BIGINT}
                                                                                                        , #{record.cardTemplateId,jdbcType=BIGINT}
                                                                                                        , #{record.merchantId,jdbcType=BIGINT}
                                                                                                        , #{record.bid,jdbcType=BIGINT}
                                                                                                        , #{record.cardType,jdbcType=BIGINT}
                                                                                                        , #{record.createTime,jdbcType=TIMESTAMP}
                                                                                                        , #{record.updateTime,jdbcType=TIMESTAMP}
                                                                        )
        </foreach> 
</insert>

    <update id="update" parameterType="com.test.domain.ShakePageCard">
    UPDATE shake_page_card
    SET 
                                                 shake_page_id=#{shakePageId,jdbcType=BIGINT}
                                     , card_template_id=#{cardTemplateId,jdbcType=BIGINT}
                                     , merchant_id=#{merchantId,jdbcType=BIGINT}
                                     , bid=#{bid,jdbcType=BIGINT}
                                     , card_type=#{cardType,jdbcType=BIGINT}
                                     , create_time=#{createTime,jdbcType=TIMESTAMP}
                                     , update_time=#{updateTime,jdbcType=TIMESTAMP}
                     WHERE shake_page_card_id = #{shakePageCardId,jdbcType=BIGINT}
    </update>

    <update id="updateByPrimaryKeySelective" parameterType="com.test.domain.ShakePageCard" >
        UPDATE shake_page_card
        <set>
            set                                                             <if test="shake_page_id !=null">
                    shake_page_id=#{shakePageId,jdbcType=BIGINT}
                </if>
                                                            <if test="card_template_id !=null">
                    card_template_id=#{cardTemplateId,jdbcType=BIGINT}
                </if>
                                                            <if test="merchant_id !=null">
                    merchant_id=#{merchantId,jdbcType=BIGINT}
                </if>
                                                            <if test="bid !=null">
                    bid=#{bid,jdbcType=BIGINT}
                </if>
                                                            <if test="card_type !=null">
                    card_type=#{cardType,jdbcType=BIGINT}
                </if>
                                                            <if test="create_time !=null">
                    create_time=#{createTime,jdbcType=TIMESTAMP}
                </if>
                                                            <if test="update_time !=null">
                    update_time=#{updateTime,jdbcType=TIMESTAMP}
                </if>
                                    </set>
        where shake_page_card_id = #{shakePageCardId,jdbcType=BIGINT}
    </update>

    <select id="get" resultMap="queryResultMap" parameterType="com.test.domain.ShakePageCard">
        SELECT t.*
        FROM shake_page_card t
        WHERE shake_page_card_id = #{shakePageCardId,jdbcType=BIGINT}
    </select>
    
    <delete id="del" parameterType="com.test.domain.ShakePageCard">
        DELETE FROM shake_page_card
        WHERE shake_page_card_id = #{shakePageCardId,jdbcType=BIGINT}
    </delete>

</mapper>