<?xml version="1.0" encoding="UTF-8" ?>
<!DOCTYPE  mapper PUBLIC "-//mybatis.org//DTD Mapper 3.0//EN" "http://mybatis.org/dtd/mybatis-3-mapper.dtd" >
<mapper namespace="com.test.dao.ShakePageDao">
    <resultMap id="queryResultMap" type="com.test.domain.ShakePage">
                <result column="shake_page_id" property="shakePageId" jdbcType="BIGINT" />
                <result column="merchant_id" property="merchantId" jdbcType="BIGINT" />
                <result column="page_id" property="pageId" jdbcType="VARCHAR" />
                <result column="title" property="title" jdbcType="VARCHAR" />
                <result column="description" property="description" jdbcType="VARCHAR" />
                <result column="icon_url" property="iconUrl" jdbcType="VARCHAR" />
                <result column="page_url" property="pageUrl" jdbcType="VARCHAR" />
                <result column="page_url_name" property="pageUrlName" jdbcType="VARCHAR" />
                <result column="page_url_type" property="pageUrlType" jdbcType="INTEGER" />
                <result column="comment" property="comment" jdbcType="VARCHAR" />
                <result column="activity_type_id" property="activityTypeId" jdbcType="BIGINT" />
                <result column="activity_id" property="activityId" jdbcType="BIGINT" />
                <result column="type" property="type" jdbcType="INTEGER" />
                <result column="create_time" property="createTime" jdbcType="TIMESTAMP" />
                <result column="update_time" property="updateTime" jdbcType="TIMESTAMP" />
            </resultMap>

    <select id="find" parameterType="org.durcframework.core.expression.ExpressionQuery"
        resultMap="queryResultMap">
        SELECT t.*
        FROM shake_page t
        <include refid="expressionBlock.where" />
        <choose>
            <when test="sortname == null">
                ORDER BY t.shake_page_id desc
            </when>
            <otherwise>
                ORDER BY ${order}
            </otherwise>
        </choose>
        <if test="!isQueryAll">
            LIMIT
            #{start,jdbcType=INTEGER},#{limit,jdbcType=INTEGER}
        </if>
    </select>


    <select id="findTotalCount" parameterType="org.durcframework.core.expression.ExpressionQuery"
        resultType="java.lang.Integer">
        SELECT count(*) FROM shake_page t
        <include refid="expressionBlock.where" />
    </select>

    <insert id="save" parameterType="com.test.domain.ShakePage"
    keyProperty="shakePageId" keyColumn="shake_page_id" useGeneratedKeys="true"
    >
    INSERT INTO shake_page
         (
                                                  `merchant_id`
                                        , `page_id`
                                        , `title`
                                        , `description`
                                        , `icon_url`
                                        , `page_url`
                                        , `page_url_name`
                                        , `page_url_type`
                                        , `comment`
                                        , `activity_type_id`
                                        , `activity_id`
                                        , `type`
                                        , `create_time`
                                        , `update_time`
                              )
    VALUES (
                                                  #{merchantId,jdbcType=BIGINT}
                                        , #{pageId,jdbcType=VARCHAR}
                                        , #{title,jdbcType=VARCHAR}
                                        , #{description,jdbcType=VARCHAR}
                                        , #{iconUrl,jdbcType=VARCHAR}
                                        , #{pageUrl,jdbcType=VARCHAR}
                                        , #{pageUrlName,jdbcType=VARCHAR}
                                        , #{pageUrlType,jdbcType=INTEGER}
                                        , #{comment,jdbcType=VARCHAR}
                                        , #{activityTypeId,jdbcType=BIGINT}
                                        , #{activityId,jdbcType=BIGINT}
                                        , #{type,jdbcType=INTEGER}
                                        , #{createTime,jdbcType=TIMESTAMP}
                                        , #{updateTime,jdbcType=TIMESTAMP}
                     
        )
    </insert>

<insert id="insertBatch" parameterType="java.util.List">
    INSERT INTO shake_page
        (
                                                                                         `merchant_id`
                                                                                    , `page_id`
                                                                                    , `title`
                                                                                    , `description`
                                                                                    , `icon_url`
                                                                                    , `page_url`
                                                                                    , `page_url_name`
                                                                                    , `page_url_type`
                                                                                    , `comment`
                                                                                    , `activity_type_id`
                                                                                    , `activity_id`
                                                                                    , `type`
                                                                                    , `create_time`
                                                                                    , `update_time`
                                                        )
    VALUES 
        <foreach collection="records" index="index" item="record" separator=",">
            (
                                                                                                                 #{record.merchantId,jdbcType=BIGINT}
                                                                                                        , #{record.pageId,jdbcType=VARCHAR}
                                                                                                        , #{record.title,jdbcType=VARCHAR}
                                                                                                        , #{record.description,jdbcType=VARCHAR}
                                                                                                        , #{record.iconUrl,jdbcType=VARCHAR}
                                                                                                        , #{record.pageUrl,jdbcType=VARCHAR}
                                                                                                        , #{record.pageUrlName,jdbcType=VARCHAR}
                                                                                                        , #{record.pageUrlType,jdbcType=INTEGER}
                                                                                                        , #{record.comment,jdbcType=VARCHAR}
                                                                                                        , #{record.activityTypeId,jdbcType=BIGINT}
                                                                                                        , #{record.activityId,jdbcType=BIGINT}
                                                                                                        , #{record.type,jdbcType=INTEGER}
                                                                                                        , #{record.createTime,jdbcType=TIMESTAMP}
                                                                                                        , #{record.updateTime,jdbcType=TIMESTAMP}
                                                                        )
        </foreach> 
</insert>

    <update id="update" parameterType="com.test.domain.ShakePage">
    UPDATE shake_page
    SET 
                                                 merchant_id=#{merchantId,jdbcType=BIGINT}
                                     , page_id=#{pageId,jdbcType=VARCHAR}
                                     , title=#{title,jdbcType=VARCHAR}
                                     , description=#{description,jdbcType=VARCHAR}
                                     , icon_url=#{iconUrl,jdbcType=VARCHAR}
                                     , page_url=#{pageUrl,jdbcType=VARCHAR}
                                     , page_url_name=#{pageUrlName,jdbcType=VARCHAR}
                                     , page_url_type=#{pageUrlType,jdbcType=INTEGER}
                                     , comment=#{comment,jdbcType=VARCHAR}
                                     , activity_type_id=#{activityTypeId,jdbcType=BIGINT}
                                     , activity_id=#{activityId,jdbcType=BIGINT}
                                     , type=#{type,jdbcType=INTEGER}
                                     , create_time=#{createTime,jdbcType=TIMESTAMP}
                                     , update_time=#{updateTime,jdbcType=TIMESTAMP}
                     WHERE shake_page_id = #{shakePageId,jdbcType=BIGINT}
    </update>

    <update id="updateByPrimaryKeySelective" parameterType="com.test.domain.ShakePage" >
        UPDATE shake_page
        <set>
            set                                                             <if test="merchant_id !=null">
                    merchant_id=#{merchantId,jdbcType=BIGINT}
                </if>
                                                            <if test="page_id !=null">
                    page_id=#{pageId,jdbcType=VARCHAR}
                </if>
                                                            <if test="title !=null">
                    title=#{title,jdbcType=VARCHAR}
                </if>
                                                            <if test="description !=null">
                    description=#{description,jdbcType=VARCHAR}
                </if>
                                                            <if test="icon_url !=null">
                    icon_url=#{iconUrl,jdbcType=VARCHAR}
                </if>
                                                            <if test="page_url !=null">
                    page_url=#{pageUrl,jdbcType=VARCHAR}
                </if>
                                                            <if test="page_url_name !=null">
                    page_url_name=#{pageUrlName,jdbcType=VARCHAR}
                </if>
                                                            <if test="page_url_type !=null">
                    page_url_type=#{pageUrlType,jdbcType=INTEGER}
                </if>
                                                            <if test="comment !=null">
                    comment=#{comment,jdbcType=VARCHAR}
                </if>
                                                            <if test="activity_type_id !=null">
                    activity_type_id=#{activityTypeId,jdbcType=BIGINT}
                </if>
                                                            <if test="activity_id !=null">
                    activity_id=#{activityId,jdbcType=BIGINT}
                </if>
                                                            <if test="type !=null">
                    type=#{type,jdbcType=INTEGER}
                </if>
                                                            <if test="create_time !=null">
                    create_time=#{createTime,jdbcType=TIMESTAMP}
                </if>
                                                            <if test="update_time !=null">
                    update_time=#{updateTime,jdbcType=TIMESTAMP}
                </if>
                                    </set>
        where shake_page_id = #{shakePageId,jdbcType=BIGINT}
    </update>

    <select id="get" resultMap="queryResultMap" parameterType="com.test.domain.ShakePage">
        SELECT t.*
        FROM shake_page t
        WHERE shake_page_id = #{shakePageId,jdbcType=BIGINT}
    </select>
    
    <delete id="del" parameterType="com.test.domain.ShakePage">
        DELETE FROM shake_page
        WHERE shake_page_id = #{shakePageId,jdbcType=BIGINT}
    </delete>

</mapper>