<?xml version="1.0" encoding="UTF-8" ?>
<!DOCTYPE  mapper PUBLIC "-//mybatis.org//DTD Mapper 3.0//EN" "http://mybatis.org/dtd/mybatis-3-mapper.dtd" >
<mapper namespace="com.test.dao.ShareStatisticsDao">
    <resultMap id="queryResultMap" type="com.test.domain.ShareStatistics">
                <result column="id" property="id" jdbcType="BIGINT" />
                <result column="open_id" property="openId" jdbcType="VARCHAR" />
                <result column="merchant_id" property="merchantId" jdbcType="BIGINT" />
                <result column="share_count" property="shareCount" jdbcType="INTEGER" />
                <result column="today_share_count" property="todayShareCount" jdbcType="INTEGER" />
                <result column="today_give_point_count" property="todayGivePointCount" jdbcType="INTEGER" />
                <result column="today_give_growth_count" property="todayGiveGrowthCount" jdbcType="INTEGER" />
                <result column="last_share_time" property="lastShareTime" jdbcType="TIMESTAMP" />
            </resultMap>

    <select id="find" parameterType="org.durcframework.core.expression.ExpressionQuery"
        resultMap="queryResultMap">
        SELECT t.*
        FROM share_statistics t
        <include refid="expressionBlock.where" />
        <choose>
            <when test="sortname == null">
                ORDER BY t.id desc
            </when>
            <otherwise>
                ORDER BY ${order}
            </otherwise>
        </choose>
        <if test="!isQueryAll">
            LIMIT
            #{start,jdbcType=INTEGER},#{limit,jdbcType=INTEGER}
        </if>
    </select>


    <select id="findTotalCount" parameterType="org.durcframework.core.expression.ExpressionQuery"
        resultType="java.lang.Integer">
        SELECT count(*) FROM share_statistics t
        <include refid="expressionBlock.where" />
    </select>

    <insert id="save" parameterType="com.test.domain.ShareStatistics"
    keyProperty="id" keyColumn="id" useGeneratedKeys="true"
    >
    INSERT INTO share_statistics
         (
                                                  `open_id`
                                        , `merchant_id`
                                        , `share_count`
                                        , `today_share_count`
                                        , `today_give_point_count`
                                        , `today_give_growth_count`
                                        , `last_share_time`
                              )
    VALUES (
                                                  #{openId,jdbcType=VARCHAR}
                                        , #{merchantId,jdbcType=BIGINT}
                                        , #{shareCount,jdbcType=INTEGER}
                                        , #{todayShareCount,jdbcType=INTEGER}
                                        , #{todayGivePointCount,jdbcType=INTEGER}
                                        , #{todayGiveGrowthCount,jdbcType=INTEGER}
                                        , #{lastShareTime,jdbcType=TIMESTAMP}
                     
        )
    </insert>

<insert id="insertBatch" parameterType="java.util.List">
    INSERT INTO share_statistics
        (
                                                                                         `open_id`
                                                                                    , `merchant_id`
                                                                                    , `share_count`
                                                                                    , `today_share_count`
                                                                                    , `today_give_point_count`
                                                                                    , `today_give_growth_count`
                                                                                    , `last_share_time`
                                                        )
    VALUES 
        <foreach collection="records" index="index" item="record" separator=",">
            (
                                                                                                                 #{record.openId,jdbcType=VARCHAR}
                                                                                                        , #{record.merchantId,jdbcType=BIGINT}
                                                                                                        , #{record.shareCount,jdbcType=INTEGER}
                                                                                                        , #{record.todayShareCount,jdbcType=INTEGER}
                                                                                                        , #{record.todayGivePointCount,jdbcType=INTEGER}
                                                                                                        , #{record.todayGiveGrowthCount,jdbcType=INTEGER}
                                                                                                        , #{record.lastShareTime,jdbcType=TIMESTAMP}
                                                                        )
        </foreach> 
</insert>

    <update id="update" parameterType="com.test.domain.ShareStatistics">
    UPDATE share_statistics
    SET 
                                                 open_id=#{openId,jdbcType=VARCHAR}
                                     , merchant_id=#{merchantId,jdbcType=BIGINT}
                                     , share_count=#{shareCount,jdbcType=INTEGER}
                                     , today_share_count=#{todayShareCount,jdbcType=INTEGER}
                                     , today_give_point_count=#{todayGivePointCount,jdbcType=INTEGER}
                                     , today_give_growth_count=#{todayGiveGrowthCount,jdbcType=INTEGER}
                                     , last_share_time=#{lastShareTime,jdbcType=TIMESTAMP}
                     WHERE id = #{id,jdbcType=BIGINT}
    </update>

    <update id="updateByPrimaryKeySelective" parameterType="com.test.domain.ShareStatistics" >
        UPDATE share_statistics
        <set>
            set                                                             <if test="open_id !=null">
                    open_id=#{openId,jdbcType=VARCHAR}
                </if>
                                                            <if test="merchant_id !=null">
                    merchant_id=#{merchantId,jdbcType=BIGINT}
                </if>
                                                            <if test="share_count !=null">
                    share_count=#{shareCount,jdbcType=INTEGER}
                </if>
                                                            <if test="today_share_count !=null">
                    today_share_count=#{todayShareCount,jdbcType=INTEGER}
                </if>
                                                            <if test="today_give_point_count !=null">
                    today_give_point_count=#{todayGivePointCount,jdbcType=INTEGER}
                </if>
                                                            <if test="today_give_growth_count !=null">
                    today_give_growth_count=#{todayGiveGrowthCount,jdbcType=INTEGER}
                </if>
                                                            <if test="last_share_time !=null">
                    last_share_time=#{lastShareTime,jdbcType=TIMESTAMP}
                </if>
                                    </set>
        where id = #{id,jdbcType=BIGINT}
    </update>

    <select id="get" resultMap="queryResultMap" parameterType="com.test.domain.ShareStatistics">
        SELECT t.*
        FROM share_statistics t
        WHERE id = #{id,jdbcType=BIGINT}
    </select>
    
    <delete id="del" parameterType="com.test.domain.ShareStatistics">
        DELETE FROM share_statistics
        WHERE id = #{id,jdbcType=BIGINT}
    </delete>

</mapper>