<?xml version="1.0" encoding="UTF-8" ?>
<!DOCTYPE  mapper PUBLIC "-//mybatis.org//DTD Mapper 3.0//EN" "http://mybatis.org/dtd/mybatis-3-mapper.dtd" >
<mapper namespace="com.test.dao.ShareLog39Dao">
    <resultMap id="queryResultMap" type="com.test.domain.ShareLog39">
                <result column="source_id" property="sourceId" jdbcType="BIGINT" />
                <result column="merchant_id" property="merchantId" jdbcType="BIGINT" />
                <result column="open_id" property="openId" jdbcType="VARCHAR" />
                <result column="share_source_id" property="shareSourceId" jdbcType="BIGINT" />
                <result column="source" property="source" jdbcType="VARCHAR" />
                <result column="type" property="type" jdbcType="INTEGER" />
                <result column="share_time" property="shareTime" jdbcType="TIMESTAMP" />
            </resultMap>

    <select id="find" parameterType="org.durcframework.core.expression.ExpressionQuery"
        resultMap="queryResultMap">
        SELECT t.*
        FROM share_log_39 t
        <include refid="expressionBlock.where" />
        <choose>
            <when test="sortname == null">
                ORDER BY t.source_id desc
            </when>
            <otherwise>
                ORDER BY ${order}
            </otherwise>
        </choose>
        <if test="!isQueryAll">
            LIMIT
            #{start,jdbcType=INTEGER},#{limit,jdbcType=INTEGER}
        </if>
    </select>


    <select id="findTotalCount" parameterType="org.durcframework.core.expression.ExpressionQuery"
        resultType="java.lang.Integer">
        SELECT count(*) FROM share_log_39 t
        <include refid="expressionBlock.where" />
    </select>

    <insert id="save" parameterType="com.test.domain.ShareLog39"
    keyProperty="sourceId" keyColumn="source_id" useGeneratedKeys="true"
    >
    INSERT INTO share_log_39
         (
                                                  `merchant_id`
                                        , `open_id`
                                        , `share_source_id`
                                        , `source`
                                        , `type`
                                        , `share_time`
                              )
    VALUES (
                                                  #{merchantId,jdbcType=BIGINT}
                                        , #{openId,jdbcType=VARCHAR}
                                        , #{shareSourceId,jdbcType=BIGINT}
                                        , #{source,jdbcType=VARCHAR}
                                        , #{type,jdbcType=INTEGER}
                                        , #{shareTime,jdbcType=TIMESTAMP}
                     
        )
    </insert>

<insert id="insertBatch" parameterType="java.util.List">
    INSERT INTO share_log_39
        (
                                                                                         `merchant_id`
                                                                                    , `open_id`
                                                                                    , `share_source_id`
                                                                                    , `source`
                                                                                    , `type`
                                                                                    , `share_time`
                                                        )
    VALUES 
        <foreach collection="records" index="index" item="record" separator=",">
            (
                                                                                                                 #{record.merchantId,jdbcType=BIGINT}
                                                                                                        , #{record.openId,jdbcType=VARCHAR}
                                                                                                        , #{record.shareSourceId,jdbcType=BIGINT}
                                                                                                        , #{record.source,jdbcType=VARCHAR}
                                                                                                        , #{record.type,jdbcType=INTEGER}
                                                                                                        , #{record.shareTime,jdbcType=TIMESTAMP}
                                                                        )
        </foreach> 
</insert>

    <update id="update" parameterType="com.test.domain.ShareLog39">
    UPDATE share_log_39
    SET 
                                                 merchant_id=#{merchantId,jdbcType=BIGINT}
                                     , open_id=#{openId,jdbcType=VARCHAR}
                                     , share_source_id=#{shareSourceId,jdbcType=BIGINT}
                                     , source=#{source,jdbcType=VARCHAR}
                                     , type=#{type,jdbcType=INTEGER}
                                     , share_time=#{shareTime,jdbcType=TIMESTAMP}
                     WHERE source_id = #{sourceId,jdbcType=BIGINT}
    </update>

    <update id="updateByPrimaryKeySelective" parameterType="com.test.domain.ShareLog39" >
        UPDATE share_log_39
        <set>
            set                                                             <if test="merchant_id !=null">
                    merchant_id=#{merchantId,jdbcType=BIGINT}
                </if>
                                                            <if test="open_id !=null">
                    open_id=#{openId,jdbcType=VARCHAR}
                </if>
                                                            <if test="share_source_id !=null">
                    share_source_id=#{shareSourceId,jdbcType=BIGINT}
                </if>
                                                            <if test="source !=null">
                    source=#{source,jdbcType=VARCHAR}
                </if>
                                                            <if test="type !=null">
                    type=#{type,jdbcType=INTEGER}
                </if>
                                                            <if test="share_time !=null">
                    share_time=#{shareTime,jdbcType=TIMESTAMP}
                </if>
                                    </set>
        where source_id = #{sourceId,jdbcType=BIGINT}
    </update>

    <select id="get" resultMap="queryResultMap" parameterType="com.test.domain.ShareLog39">
        SELECT t.*
        FROM share_log_39 t
        WHERE source_id = #{sourceId,jdbcType=BIGINT}
    </select>
    
    <delete id="del" parameterType="com.test.domain.ShareLog39">
        DELETE FROM share_log_39
        WHERE source_id = #{sourceId,jdbcType=BIGINT}
    </delete>

</mapper>