<?xml version="1.0" encoding="UTF-8" ?>
<!DOCTYPE  mapper PUBLIC "-//mybatis.org//DTD Mapper 3.0//EN" "http://mybatis.org/dtd/mybatis-3-mapper.dtd" >
<mapper namespace="com.test.dao.StoreCardDao">
    <resultMap id="queryResultMap" type="com.test.domain.StoreCard">
                <result column="id" property="id" jdbcType="BIGINT" />
                <result column="merchant_id" property="merchantId" jdbcType="BIGINT" />
                <result column="store_id" property="storeId" jdbcType="BIGINT" />
                <result column="card_template_id" property="cardTemplateId" jdbcType="BIGINT" />
                <result column="price" property="price" jdbcType="BigDecimal" />
            </resultMap>

    <select id="find" parameterType="org.durcframework.core.expression.ExpressionQuery"
        resultMap="queryResultMap">
        SELECT t.*
        FROM store_card t
        <include refid="expressionBlock.where" />
        <choose>
            <when test="sortname == null">
                ORDER BY t.id desc
            </when>
            <otherwise>
                ORDER BY ${order}
            </otherwise>
        </choose>
        <if test="!isQueryAll">
            LIMIT
            #{start,jdbcType=INTEGER},#{limit,jdbcType=INTEGER}
        </if>
    </select>


    <select id="findTotalCount" parameterType="org.durcframework.core.expression.ExpressionQuery"
        resultType="java.lang.Integer">
        SELECT count(*) FROM store_card t
        <include refid="expressionBlock.where" />
    </select>

    <insert id="save" parameterType="com.test.domain.StoreCard"
    keyProperty="id" keyColumn="id" useGeneratedKeys="true"
    >
    INSERT INTO store_card
         (
                                                  `merchant_id`
                                        , `store_id`
                                        , `card_template_id`
                                        , `price`
                              )
    VALUES (
                                                  #{merchantId,jdbcType=BIGINT}
                                        , #{storeId,jdbcType=BIGINT}
                                        , #{cardTemplateId,jdbcType=BIGINT}
                                        , #{price,jdbcType=BigDecimal}
                     
        )
    </insert>

<insert id="insertBatch" parameterType="java.util.List">
    INSERT INTO store_card
        (
                                                                                         `merchant_id`
                                                                                    , `store_id`
                                                                                    , `card_template_id`
                                                                                    , `price`
                                                        )
    VALUES 
        <foreach collection="records" index="index" item="record" separator=",">
            (
                                                                                                                 #{record.merchantId,jdbcType=BIGINT}
                                                                                                        , #{record.storeId,jdbcType=BIGINT}
                                                                                                        , #{record.cardTemplateId,jdbcType=BIGINT}
                                                                                                        , #{record.price,jdbcType=BigDecimal}
                                                                        )
        </foreach> 
</insert>

    <update id="update" parameterType="com.test.domain.StoreCard">
    UPDATE store_card
    SET 
                                                 merchant_id=#{merchantId,jdbcType=BIGINT}
                                     , store_id=#{storeId,jdbcType=BIGINT}
                                     , card_template_id=#{cardTemplateId,jdbcType=BIGINT}
                                     , price=#{price,jdbcType=BigDecimal}
                     WHERE id = #{id,jdbcType=BIGINT}
    </update>

    <update id="updateByPrimaryKeySelective" parameterType="com.test.domain.StoreCard" >
        UPDATE store_card
        <set>
            set                                                             <if test="merchant_id !=null">
                    merchant_id=#{merchantId,jdbcType=BIGINT}
                </if>
                                                            <if test="store_id !=null">
                    store_id=#{storeId,jdbcType=BIGINT}
                </if>
                                                            <if test="card_template_id !=null">
                    card_template_id=#{cardTemplateId,jdbcType=BIGINT}
                </if>
                                                            <if test="price !=null">
                    price=#{price,jdbcType=BigDecimal}
                </if>
                                    </set>
        where id = #{id,jdbcType=BIGINT}
    </update>

    <select id="get" resultMap="queryResultMap" parameterType="com.test.domain.StoreCard">
        SELECT t.*
        FROM store_card t
        WHERE id = #{id,jdbcType=BIGINT}
    </select>
    
    <delete id="del" parameterType="com.test.domain.StoreCard">
        DELETE FROM store_card
        WHERE id = #{id,jdbcType=BIGINT}
    </delete>

</mapper>