<?xml version="1.0" encoding="UTF-8" ?>
<!DOCTYPE  mapper PUBLIC "-//mybatis.org//DTD Mapper 3.0//EN" "http://mybatis.org/dtd/mybatis-3-mapper.dtd" >
<mapper namespace="com.test.dao.TemplateMessageDao">
    <resultMap id="queryResultMap" type="com.test.domain.TemplateMessage">
                <result column="id" property="id" jdbcType="BIGINT" />
                <result column="merchant_id" property="merchantId" jdbcType="BIGINT" />
                <result column="template_number" property="templateNumber" jdbcType="VARCHAR" />
                <result column="template_id" property="templateId" jdbcType="VARCHAR" />
                <result column="template_name" property="templateName" jdbcType="VARCHAR" />
                <result column="trigger_action" property="triggerAction" jdbcType="VARCHAR" />
                <result column="top_title" property="topTitle" jdbcType="VARCHAR" />
                <result column="bottom_title" property="bottomTitle" jdbcType="VARCHAR" />
                <result column="url_name" property="urlName" jdbcType="VARCHAR" />
                <result column="url_type" property="urlType" jdbcType="INTEGER" />
                <result column="url" property="url" jdbcType="VARCHAR" />
                <result column="status" property="status" jdbcType="INTEGER" />
                <result column="create_time" property="createTime" jdbcType="TIMESTAMP" />
                <result column="update_time" property="updateTime" jdbcType="TIMESTAMP" />
            </resultMap>

    <select id="find" parameterType="org.durcframework.core.expression.ExpressionQuery"
        resultMap="queryResultMap">
        SELECT t.*
        FROM template_message t
        <include refid="expressionBlock.where" />
        <choose>
            <when test="sortname == null">
                ORDER BY t.id desc
            </when>
            <otherwise>
                ORDER BY ${order}
            </otherwise>
        </choose>
        <if test="!isQueryAll">
            LIMIT
            #{start,jdbcType=INTEGER},#{limit,jdbcType=INTEGER}
        </if>
    </select>


    <select id="findTotalCount" parameterType="org.durcframework.core.expression.ExpressionQuery"
        resultType="java.lang.Integer">
        SELECT count(*) FROM template_message t
        <include refid="expressionBlock.where" />
    </select>

    <insert id="save" parameterType="com.test.domain.TemplateMessage"
    keyProperty="id" keyColumn="id" useGeneratedKeys="true"
    >
    INSERT INTO template_message
         (
                                                  `merchant_id`
                                        , `template_number`
                                        , `template_id`
                                        , `template_name`
                                        , `trigger_action`
                                        , `top_title`
                                        , `bottom_title`
                                        , `url_name`
                                        , `url_type`
                                        , `url`
                                        , `status`
                                        , `create_time`
                                        , `update_time`
                              )
    VALUES (
                                                  #{merchantId,jdbcType=BIGINT}
                                        , #{templateNumber,jdbcType=VARCHAR}
                                        , #{templateId,jdbcType=VARCHAR}
                                        , #{templateName,jdbcType=VARCHAR}
                                        , #{triggerAction,jdbcType=VARCHAR}
                                        , #{topTitle,jdbcType=VARCHAR}
                                        , #{bottomTitle,jdbcType=VARCHAR}
                                        , #{urlName,jdbcType=VARCHAR}
                                        , #{urlType,jdbcType=INTEGER}
                                        , #{url,jdbcType=VARCHAR}
                                        , #{status,jdbcType=INTEGER}
                                        , #{createTime,jdbcType=TIMESTAMP}
                                        , #{updateTime,jdbcType=TIMESTAMP}
                     
        )
    </insert>

<insert id="insertBatch" parameterType="java.util.List">
    INSERT INTO template_message
        (
                                                                                         `merchant_id`
                                                                                    , `template_number`
                                                                                    , `template_id`
                                                                                    , `template_name`
                                                                                    , `trigger_action`
                                                                                    , `top_title`
                                                                                    , `bottom_title`
                                                                                    , `url_name`
                                                                                    , `url_type`
                                                                                    , `url`
                                                                                    , `status`
                                                                                    , `create_time`
                                                                                    , `update_time`
                                                        )
    VALUES 
        <foreach collection="records" index="index" item="record" separator=",">
            (
                                                                                                                 #{record.merchantId,jdbcType=BIGINT}
                                                                                                        , #{record.templateNumber,jdbcType=VARCHAR}
                                                                                                        , #{record.templateId,jdbcType=VARCHAR}
                                                                                                        , #{record.templateName,jdbcType=VARCHAR}
                                                                                                        , #{record.triggerAction,jdbcType=VARCHAR}
                                                                                                        , #{record.topTitle,jdbcType=VARCHAR}
                                                                                                        , #{record.bottomTitle,jdbcType=VARCHAR}
                                                                                                        , #{record.urlName,jdbcType=VARCHAR}
                                                                                                        , #{record.urlType,jdbcType=INTEGER}
                                                                                                        , #{record.url,jdbcType=VARCHAR}
                                                                                                        , #{record.status,jdbcType=INTEGER}
                                                                                                        , #{record.createTime,jdbcType=TIMESTAMP}
                                                                                                        , #{record.updateTime,jdbcType=TIMESTAMP}
                                                                        )
        </foreach> 
</insert>

    <update id="update" parameterType="com.test.domain.TemplateMessage">
    UPDATE template_message
    SET 
                                                 merchant_id=#{merchantId,jdbcType=BIGINT}
                                     , template_number=#{templateNumber,jdbcType=VARCHAR}
                                     , template_id=#{templateId,jdbcType=VARCHAR}
                                     , template_name=#{templateName,jdbcType=VARCHAR}
                                     , trigger_action=#{triggerAction,jdbcType=VARCHAR}
                                     , top_title=#{topTitle,jdbcType=VARCHAR}
                                     , bottom_title=#{bottomTitle,jdbcType=VARCHAR}
                                     , url_name=#{urlName,jdbcType=VARCHAR}
                                     , url_type=#{urlType,jdbcType=INTEGER}
                                     , url=#{url,jdbcType=VARCHAR}
                                     , status=#{status,jdbcType=INTEGER}
                                     , create_time=#{createTime,jdbcType=TIMESTAMP}
                                     , update_time=#{updateTime,jdbcType=TIMESTAMP}
                     WHERE id = #{id,jdbcType=BIGINT}
    </update>

    <update id="updateByPrimaryKeySelective" parameterType="com.test.domain.TemplateMessage" >
        UPDATE template_message
        <set>
            set                                                             <if test="merchant_id !=null">
                    merchant_id=#{merchantId,jdbcType=BIGINT}
                </if>
                                                            <if test="template_number !=null">
                    template_number=#{templateNumber,jdbcType=VARCHAR}
                </if>
                                                            <if test="template_id !=null">
                    template_id=#{templateId,jdbcType=VARCHAR}
                </if>
                                                            <if test="template_name !=null">
                    template_name=#{templateName,jdbcType=VARCHAR}
                </if>
                                                            <if test="trigger_action !=null">
                    trigger_action=#{triggerAction,jdbcType=VARCHAR}
                </if>
                                                            <if test="top_title !=null">
                    top_title=#{topTitle,jdbcType=VARCHAR}
                </if>
                                                            <if test="bottom_title !=null">
                    bottom_title=#{bottomTitle,jdbcType=VARCHAR}
                </if>
                                                            <if test="url_name !=null">
                    url_name=#{urlName,jdbcType=VARCHAR}
                </if>
                                                            <if test="url_type !=null">
                    url_type=#{urlType,jdbcType=INTEGER}
                </if>
                                                            <if test="url !=null">
                    url=#{url,jdbcType=VARCHAR}
                </if>
                                                            <if test="status !=null">
                    status=#{status,jdbcType=INTEGER}
                </if>
                                                            <if test="create_time !=null">
                    create_time=#{createTime,jdbcType=TIMESTAMP}
                </if>
                                                            <if test="update_time !=null">
                    update_time=#{updateTime,jdbcType=TIMESTAMP}
                </if>
                                    </set>
        where id = #{id,jdbcType=BIGINT}
    </update>

    <select id="get" resultMap="queryResultMap" parameterType="com.test.domain.TemplateMessage">
        SELECT t.*
        FROM template_message t
        WHERE id = #{id,jdbcType=BIGINT}
    </select>
    
    <delete id="del" parameterType="com.test.domain.TemplateMessage">
        DELETE FROM template_message
        WHERE id = #{id,jdbcType=BIGINT}
    </delete>

</mapper>