<?xml version="1.0" encoding="UTF-8" ?>
<!DOCTYPE  mapper PUBLIC "-//mybatis.org//DTD Mapper 3.0//EN" "http://mybatis.org/dtd/mybatis-3-mapper.dtd" >
<mapper namespace="com.test.dao.TicketMarketingContentDao">
    <resultMap id="queryResultMap" type="com.test.domain.TicketMarketingContent">
                <result column="id" property="id" jdbcType="BIGINT" />
                <result column="activity_id" property="activityId" jdbcType="BIGINT" />
                <result column="activity_name" property="activityName" jdbcType="VARCHAR" />
                <result column="url" property="url" jdbcType="VARCHAR" />
                <result column="comment" property="comment" jdbcType="VARCHAR" />
                <result column="create_time" property="createTime" jdbcType="TIMESTAMP" />
                <result column="update_time" property="updateTime" jdbcType="TIMESTAMP" />
                <result column="bind_activity_id" property="bindActivityId" jdbcType="BIGINT" />
                <result column="activity_type" property="activityType" jdbcType="INTEGER" />
                <result column="url_type" property="urlType" jdbcType="INTEGER" />
                <result column="url_name" property="urlName" jdbcType="VARCHAR" />
            </resultMap>

    <select id="find" parameterType="org.durcframework.core.expression.ExpressionQuery"
        resultMap="queryResultMap">
        SELECT t.*
        FROM ticket_marketing_content t
        <include refid="expressionBlock.where" />
        <choose>
            <when test="sortname == null">
                ORDER BY t.id desc
            </when>
            <otherwise>
                ORDER BY ${order}
            </otherwise>
        </choose>
        <if test="!isQueryAll">
            LIMIT
            #{start,jdbcType=INTEGER},#{limit,jdbcType=INTEGER}
        </if>
    </select>


    <select id="findTotalCount" parameterType="org.durcframework.core.expression.ExpressionQuery"
        resultType="java.lang.Integer">
        SELECT count(*) FROM ticket_marketing_content t
        <include refid="expressionBlock.where" />
    </select>

    <insert id="save" parameterType="com.test.domain.TicketMarketingContent"
    keyProperty="id" keyColumn="id" useGeneratedKeys="true"
    >
    INSERT INTO ticket_marketing_content
         (
                                                  `activity_id`
                                        , `activity_name`
                                        , `url`
                                        , `comment`
                                        , `create_time`
                                        , `update_time`
                                        , `bind_activity_id`
                                        , `activity_type`
                                        , `url_type`
                                        , `url_name`
                              )
    VALUES (
                                                  #{activityId,jdbcType=BIGINT}
                                        , #{activityName,jdbcType=VARCHAR}
                                        , #{url,jdbcType=VARCHAR}
                                        , #{comment,jdbcType=VARCHAR}
                                        , #{createTime,jdbcType=TIMESTAMP}
                                        , #{updateTime,jdbcType=TIMESTAMP}
                                        , #{bindActivityId,jdbcType=BIGINT}
                                        , #{activityType,jdbcType=INTEGER}
                                        , #{urlType,jdbcType=INTEGER}
                                        , #{urlName,jdbcType=VARCHAR}
                     
        )
    </insert>

<insert id="insertBatch" parameterType="java.util.List">
    INSERT INTO ticket_marketing_content
        (
                                                                                         `activity_id`
                                                                                    , `activity_name`
                                                                                    , `url`
                                                                                    , `comment`
                                                                                    , `create_time`
                                                                                    , `update_time`
                                                                                    , `bind_activity_id`
                                                                                    , `activity_type`
                                                                                    , `url_type`
                                                                                    , `url_name`
                                                        )
    VALUES 
        <foreach collection="records" index="index" item="record" separator=",">
            (
                                                                                                                 #{record.activityId,jdbcType=BIGINT}
                                                                                                        , #{record.activityName,jdbcType=VARCHAR}
                                                                                                        , #{record.url,jdbcType=VARCHAR}
                                                                                                        , #{record.comment,jdbcType=VARCHAR}
                                                                                                        , #{record.createTime,jdbcType=TIMESTAMP}
                                                                                                        , #{record.updateTime,jdbcType=TIMESTAMP}
                                                                                                        , #{record.bindActivityId,jdbcType=BIGINT}
                                                                                                        , #{record.activityType,jdbcType=INTEGER}
                                                                                                        , #{record.urlType,jdbcType=INTEGER}
                                                                                                        , #{record.urlName,jdbcType=VARCHAR}
                                                                        )
        </foreach> 
</insert>

    <update id="update" parameterType="com.test.domain.TicketMarketingContent">
    UPDATE ticket_marketing_content
    SET 
                                                 activity_id=#{activityId,jdbcType=BIGINT}
                                     , activity_name=#{activityName,jdbcType=VARCHAR}
                                     , url=#{url,jdbcType=VARCHAR}
                                     , comment=#{comment,jdbcType=VARCHAR}
                                     , create_time=#{createTime,jdbcType=TIMESTAMP}
                                     , update_time=#{updateTime,jdbcType=TIMESTAMP}
                                     , bind_activity_id=#{bindActivityId,jdbcType=BIGINT}
                                     , activity_type=#{activityType,jdbcType=INTEGER}
                                     , url_type=#{urlType,jdbcType=INTEGER}
                                     , url_name=#{urlName,jdbcType=VARCHAR}
                     WHERE id = #{id,jdbcType=BIGINT}
    </update>

    <update id="updateByPrimaryKeySelective" parameterType="com.test.domain.TicketMarketingContent" >
        UPDATE ticket_marketing_content
        <set>
            set                                                             <if test="activity_id !=null">
                    activity_id=#{activityId,jdbcType=BIGINT}
                </if>
                                                            <if test="activity_name !=null">
                    activity_name=#{activityName,jdbcType=VARCHAR}
                </if>
                                                            <if test="url !=null">
                    url=#{url,jdbcType=VARCHAR}
                </if>
                                                            <if test="comment !=null">
                    comment=#{comment,jdbcType=VARCHAR}
                </if>
                                                            <if test="create_time !=null">
                    create_time=#{createTime,jdbcType=TIMESTAMP}
                </if>
                                                            <if test="update_time !=null">
                    update_time=#{updateTime,jdbcType=TIMESTAMP}
                </if>
                                                            <if test="bind_activity_id !=null">
                    bind_activity_id=#{bindActivityId,jdbcType=BIGINT}
                </if>
                                                            <if test="activity_type !=null">
                    activity_type=#{activityType,jdbcType=INTEGER}
                </if>
                                                            <if test="url_type !=null">
                    url_type=#{urlType,jdbcType=INTEGER}
                </if>
                                                            <if test="url_name !=null">
                    url_name=#{urlName,jdbcType=VARCHAR}
                </if>
                                    </set>
        where id = #{id,jdbcType=BIGINT}
    </update>

    <select id="get" resultMap="queryResultMap" parameterType="com.test.domain.TicketMarketingContent">
        SELECT t.*
        FROM ticket_marketing_content t
        WHERE id = #{id,jdbcType=BIGINT}
    </select>
    
    <delete id="del" parameterType="com.test.domain.TicketMarketingContent">
        DELETE FROM ticket_marketing_content
        WHERE id = #{id,jdbcType=BIGINT}
    </delete>

</mapper>