<?xml version="1.0" encoding="UTF-8" ?>
<!DOCTYPE  mapper PUBLIC "-//mybatis.org//DTD Mapper 3.0//EN" "http://mybatis.org/dtd/mybatis-3-mapper.dtd" >
<mapper namespace="com.test.dao.TWebpageDao">
    <resultMap id="queryResultMap" type="com.test.domain.TWebpage">
                <result column="id" property="id" jdbcType="BIGINT" />
                <result column="aid" property="aid" jdbcType="BIGINT" />
                <result column="title" property="title" jdbcType="VARCHAR" />
                <result column="cover_pic" property="coverPic" jdbcType="VARCHAR" />
                <result column="content" property="content" jdbcType="VARCHAR" />
                <result column="qrcode" property="qrcode" jdbcType="VARCHAR" />
                <result column="status" property="status" jdbcType="INTEGER" />
                <result column="create_time" property="createTime" jdbcType="TIMESTAMP" />
                <result column="update_time" property="updateTime" jdbcType="TIMESTAMP" />
            </resultMap>

    <select id="find" parameterType="org.durcframework.core.expression.ExpressionQuery"
        resultMap="queryResultMap">
        SELECT t.*
        FROM t_webpage t
        <include refid="expressionBlock.where" />
        <choose>
            <when test="sortname == null">
                ORDER BY t.id desc
            </when>
            <otherwise>
                ORDER BY ${order}
            </otherwise>
        </choose>
        <if test="!isQueryAll">
            LIMIT
            #{start,jdbcType=INTEGER},#{limit,jdbcType=INTEGER}
        </if>
    </select>


    <select id="findTotalCount" parameterType="org.durcframework.core.expression.ExpressionQuery"
        resultType="java.lang.Integer">
        SELECT count(*) FROM t_webpage t
        <include refid="expressionBlock.where" />
    </select>

    <insert id="save" parameterType="com.test.domain.TWebpage"
    keyProperty="id" keyColumn="id" useGeneratedKeys="true"
    >
    INSERT INTO t_webpage
         (
                                                  `aid`
                                        , `title`
                                        , `cover_pic`
                                        , `content`
                                        , `qrcode`
                                        , `status`
                                        , `create_time`
                                        , `update_time`
                              )
    VALUES (
                                                  #{aid,jdbcType=BIGINT}
                                        , #{title,jdbcType=VARCHAR}
                                        , #{coverPic,jdbcType=VARCHAR}
                                        , #{content,jdbcType=VARCHAR}
                                        , #{qrcode,jdbcType=VARCHAR}
                                        , #{status,jdbcType=INTEGER}
                                        , #{createTime,jdbcType=TIMESTAMP}
                                        , #{updateTime,jdbcType=TIMESTAMP}
                     
        )
    </insert>

<insert id="insertBatch" parameterType="java.util.List">
    INSERT INTO t_webpage
        (
                                                                                         `aid`
                                                                                    , `title`
                                                                                    , `cover_pic`
                                                                                    , `content`
                                                                                    , `qrcode`
                                                                                    , `status`
                                                                                    , `create_time`
                                                                                    , `update_time`
                                                        )
    VALUES 
        <foreach collection="records" index="index" item="record" separator=",">
            (
                                                                                                                 #{record.aid,jdbcType=BIGINT}
                                                                                                        , #{record.title,jdbcType=VARCHAR}
                                                                                                        , #{record.coverPic,jdbcType=VARCHAR}
                                                                                                        , #{record.content,jdbcType=VARCHAR}
                                                                                                        , #{record.qrcode,jdbcType=VARCHAR}
                                                                                                        , #{record.status,jdbcType=INTEGER}
                                                                                                        , #{record.createTime,jdbcType=TIMESTAMP}
                                                                                                        , #{record.updateTime,jdbcType=TIMESTAMP}
                                                                        )
        </foreach> 
</insert>

    <update id="update" parameterType="com.test.domain.TWebpage">
    UPDATE t_webpage
    SET 
                                                 aid=#{aid,jdbcType=BIGINT}
                                     , title=#{title,jdbcType=VARCHAR}
                                     , cover_pic=#{coverPic,jdbcType=VARCHAR}
                                     , content=#{content,jdbcType=VARCHAR}
                                     , qrcode=#{qrcode,jdbcType=VARCHAR}
                                     , status=#{status,jdbcType=INTEGER}
                                     , create_time=#{createTime,jdbcType=TIMESTAMP}
                                     , update_time=#{updateTime,jdbcType=TIMESTAMP}
                     WHERE id = #{id,jdbcType=BIGINT}
    </update>

    <update id="updateByPrimaryKeySelective" parameterType="com.test.domain.TWebpage" >
        UPDATE t_webpage
        <set>
            set                                                             <if test="aid !=null">
                    aid=#{aid,jdbcType=BIGINT}
                </if>
                                                            <if test="title !=null">
                    title=#{title,jdbcType=VARCHAR}
                </if>
                                                            <if test="cover_pic !=null">
                    cover_pic=#{coverPic,jdbcType=VARCHAR}
                </if>
                                                            <if test="content !=null">
                    content=#{content,jdbcType=VARCHAR}
                </if>
                                                            <if test="qrcode !=null">
                    qrcode=#{qrcode,jdbcType=VARCHAR}
                </if>
                                                            <if test="status !=null">
                    status=#{status,jdbcType=INTEGER}
                </if>
                                                            <if test="create_time !=null">
                    create_time=#{createTime,jdbcType=TIMESTAMP}
                </if>
                                                            <if test="update_time !=null">
                    update_time=#{updateTime,jdbcType=TIMESTAMP}
                </if>
                                    </set>
        where id = #{id,jdbcType=BIGINT}
    </update>

    <select id="get" resultMap="queryResultMap" parameterType="com.test.domain.TWebpage">
        SELECT t.*
        FROM t_webpage t
        WHERE id = #{id,jdbcType=BIGINT}
    </select>
    
    <delete id="del" parameterType="com.test.domain.TWebpage">
        DELETE FROM t_webpage
        WHERE id = #{id,jdbcType=BIGINT}
    </delete>

</mapper>