<?xml version="1.0" encoding="UTF-8" ?>
<!DOCTYPE  mapper PUBLIC "-//mybatis.org//DTD Mapper 3.0//EN" "http://mybatis.org/dtd/mybatis-3-mapper.dtd" >
<mapper namespace="com.test.dao.TWxnewsDao">
    <resultMap id="queryResultMap" type="com.test.domain.TWxnews">
                <result column="id" property="id" jdbcType="BIGINT" />
                <result column="aid" property="aid" jdbcType="INTEGER" />
                <result column="media_id" property="mediaId" jdbcType="VARCHAR" />
                <result column="item_id" property="itemId" jdbcType="INTEGER" />
                <result column="title" property="title" jdbcType="VARCHAR" />
                <result column="thumb_media_id" property="thumbMediaId" jdbcType="VARCHAR" />
                <result column="picurl" property="picurl" jdbcType="VARCHAR" />
                <result column="show_cover_pic" property="showCoverPic" jdbcType="TINYINT" />
                <result column="author" property="author" jdbcType="VARCHAR" />
                <result column="digest" property="digest" jdbcType="VARCHAR" />
                <result column="content" property="content" jdbcType="VARCHAR" />
                <result column="url" property="url" jdbcType="VARCHAR" />
                <result column="matter_type" property="matterType" jdbcType="VARCHAR" />
                <result column="matter_name" property="matterName" jdbcType="VARCHAR" />
                <result column="content_source_url" property="contentSourceUrl" jdbcType="VARCHAR" />
                <result column="ctime" property="ctime" jdbcType="INTEGER" />
                <result column="utime" property="utime" jdbcType="INTEGER" />
                <result column="create_time" property="createTime" jdbcType="TIMESTAMP" />
                <result column="update_time" property="updateTime" jdbcType="TIMESTAMP" />
            </resultMap>

    <select id="find" parameterType="org.durcframework.core.expression.ExpressionQuery"
        resultMap="queryResultMap">
        SELECT t.*
        FROM t_wxnews t
        <include refid="expressionBlock.where" />
        <choose>
            <when test="sortname == null">
                ORDER BY t.id desc
            </when>
            <otherwise>
                ORDER BY ${order}
            </otherwise>
        </choose>
        <if test="!isQueryAll">
            LIMIT
            #{start,jdbcType=INTEGER},#{limit,jdbcType=INTEGER}
        </if>
    </select>


    <select id="findTotalCount" parameterType="org.durcframework.core.expression.ExpressionQuery"
        resultType="java.lang.Integer">
        SELECT count(*) FROM t_wxnews t
        <include refid="expressionBlock.where" />
    </select>

    <insert id="save" parameterType="com.test.domain.TWxnews"
    keyProperty="id" keyColumn="id" useGeneratedKeys="true"
    >
    INSERT INTO t_wxnews
         (
                                                  `aid`
                                        , `media_id`
                                        , `item_id`
                                        , `title`
                                        , `thumb_media_id`
                                        , `picurl`
                                        , `show_cover_pic`
                                        , `author`
                                        , `digest`
                                        , `content`
                                        , `url`
                                        , `matter_type`
                                        , `matter_name`
                                        , `content_source_url`
                                        , `ctime`
                                        , `utime`
                                        , `create_time`
                                        , `update_time`
                              )
    VALUES (
                                                  #{aid,jdbcType=INTEGER}
                                        , #{mediaId,jdbcType=VARCHAR}
                                        , #{itemId,jdbcType=INTEGER}
                                        , #{title,jdbcType=VARCHAR}
                                        , #{thumbMediaId,jdbcType=VARCHAR}
                                        , #{picurl,jdbcType=VARCHAR}
                                        , #{showCoverPic,jdbcType=TINYINT}
                                        , #{author,jdbcType=VARCHAR}
                                        , #{digest,jdbcType=VARCHAR}
                                        , #{content,jdbcType=VARCHAR}
                                        , #{url,jdbcType=VARCHAR}
                                        , #{matterType,jdbcType=VARCHAR}
                                        , #{matterName,jdbcType=VARCHAR}
                                        , #{contentSourceUrl,jdbcType=VARCHAR}
                                        , #{ctime,jdbcType=INTEGER}
                                        , #{utime,jdbcType=INTEGER}
                                        , #{createTime,jdbcType=TIMESTAMP}
                                        , #{updateTime,jdbcType=TIMESTAMP}
                     
        )
    </insert>

<insert id="insertBatch" parameterType="java.util.List">
    INSERT INTO t_wxnews
        (
                                                                                         `aid`
                                                                                    , `media_id`
                                                                                    , `item_id`
                                                                                    , `title`
                                                                                    , `thumb_media_id`
                                                                                    , `picurl`
                                                                                    , `show_cover_pic`
                                                                                    , `author`
                                                                                    , `digest`
                                                                                    , `content`
                                                                                    , `url`
                                                                                    , `matter_type`
                                                                                    , `matter_name`
                                                                                    , `content_source_url`
                                                                                    , `ctime`
                                                                                    , `utime`
                                                                                    , `create_time`
                                                                                    , `update_time`
                                                        )
    VALUES 
        <foreach collection="records" index="index" item="record" separator=",">
            (
                                                                                                                 #{record.aid,jdbcType=INTEGER}
                                                                                                        , #{record.mediaId,jdbcType=VARCHAR}
                                                                                                        , #{record.itemId,jdbcType=INTEGER}
                                                                                                        , #{record.title,jdbcType=VARCHAR}
                                                                                                        , #{record.thumbMediaId,jdbcType=VARCHAR}
                                                                                                        , #{record.picurl,jdbcType=VARCHAR}
                                                                                                        , #{record.showCoverPic,jdbcType=TINYINT}
                                                                                                        , #{record.author,jdbcType=VARCHAR}
                                                                                                        , #{record.digest,jdbcType=VARCHAR}
                                                                                                        , #{record.content,jdbcType=VARCHAR}
                                                                                                        , #{record.url,jdbcType=VARCHAR}
                                                                                                        , #{record.matterType,jdbcType=VARCHAR}
                                                                                                        , #{record.matterName,jdbcType=VARCHAR}
                                                                                                        , #{record.contentSourceUrl,jdbcType=VARCHAR}
                                                                                                        , #{record.ctime,jdbcType=INTEGER}
                                                                                                        , #{record.utime,jdbcType=INTEGER}
                                                                                                        , #{record.createTime,jdbcType=TIMESTAMP}
                                                                                                        , #{record.updateTime,jdbcType=TIMESTAMP}
                                                                        )
        </foreach> 
</insert>

    <update id="update" parameterType="com.test.domain.TWxnews">
    UPDATE t_wxnews
    SET 
                                                 aid=#{aid,jdbcType=INTEGER}
                                     , media_id=#{mediaId,jdbcType=VARCHAR}
                                     , item_id=#{itemId,jdbcType=INTEGER}
                                     , title=#{title,jdbcType=VARCHAR}
                                     , thumb_media_id=#{thumbMediaId,jdbcType=VARCHAR}
                                     , picurl=#{picurl,jdbcType=VARCHAR}
                                     , show_cover_pic=#{showCoverPic,jdbcType=TINYINT}
                                     , author=#{author,jdbcType=VARCHAR}
                                     , digest=#{digest,jdbcType=VARCHAR}
                                     , content=#{content,jdbcType=VARCHAR}
                                     , url=#{url,jdbcType=VARCHAR}
                                     , matter_type=#{matterType,jdbcType=VARCHAR}
                                     , matter_name=#{matterName,jdbcType=VARCHAR}
                                     , content_source_url=#{contentSourceUrl,jdbcType=VARCHAR}
                                     , ctime=#{ctime,jdbcType=INTEGER}
                                     , utime=#{utime,jdbcType=INTEGER}
                                     , create_time=#{createTime,jdbcType=TIMESTAMP}
                                     , update_time=#{updateTime,jdbcType=TIMESTAMP}
                     WHERE id = #{id,jdbcType=BIGINT}
    </update>

    <update id="updateByPrimaryKeySelective" parameterType="com.test.domain.TWxnews" >
        UPDATE t_wxnews
        <set>
            set                                                             <if test="aid !=null">
                    aid=#{aid,jdbcType=INTEGER}
                </if>
                                                            <if test="media_id !=null">
                    media_id=#{mediaId,jdbcType=VARCHAR}
                </if>
                                                            <if test="item_id !=null">
                    item_id=#{itemId,jdbcType=INTEGER}
                </if>
                                                            <if test="title !=null">
                    title=#{title,jdbcType=VARCHAR}
                </if>
                                                            <if test="thumb_media_id !=null">
                    thumb_media_id=#{thumbMediaId,jdbcType=VARCHAR}
                </if>
                                                            <if test="picurl !=null">
                    picurl=#{picurl,jdbcType=VARCHAR}
                </if>
                                                            <if test="show_cover_pic !=null">
                    show_cover_pic=#{showCoverPic,jdbcType=TINYINT}
                </if>
                                                            <if test="author !=null">
                    author=#{author,jdbcType=VARCHAR}
                </if>
                                                            <if test="digest !=null">
                    digest=#{digest,jdbcType=VARCHAR}
                </if>
                                                            <if test="content !=null">
                    content=#{content,jdbcType=VARCHAR}
                </if>
                                                            <if test="url !=null">
                    url=#{url,jdbcType=VARCHAR}
                </if>
                                                            <if test="matter_type !=null">
                    matter_type=#{matterType,jdbcType=VARCHAR}
                </if>
                                                            <if test="matter_name !=null">
                    matter_name=#{matterName,jdbcType=VARCHAR}
                </if>
                                                            <if test="content_source_url !=null">
                    content_source_url=#{contentSourceUrl,jdbcType=VARCHAR}
                </if>
                                                            <if test="ctime !=null">
                    ctime=#{ctime,jdbcType=INTEGER}
                </if>
                                                            <if test="utime !=null">
                    utime=#{utime,jdbcType=INTEGER}
                </if>
                                                            <if test="create_time !=null">
                    create_time=#{createTime,jdbcType=TIMESTAMP}
                </if>
                                                            <if test="update_time !=null">
                    update_time=#{updateTime,jdbcType=TIMESTAMP}
                </if>
                                    </set>
        where id = #{id,jdbcType=BIGINT}
    </update>

    <select id="get" resultMap="queryResultMap" parameterType="com.test.domain.TWxnews">
        SELECT t.*
        FROM t_wxnews t
        WHERE id = #{id,jdbcType=BIGINT}
    </select>
    
    <delete id="del" parameterType="com.test.domain.TWxnews">
        DELETE FROM t_wxnews
        WHERE id = #{id,jdbcType=BIGINT}
    </delete>

</mapper>