<?xml version="1.0" encoding="UTF-8" ?>
<!DOCTYPE  mapper PUBLIC "-//mybatis.org//DTD Mapper 3.0//EN" "http://mybatis.org/dtd/mybatis-3-mapper.dtd" >
<mapper namespace="com.test.dao.UrlWidgetDao">
    <resultMap id="queryResultMap" type="com.test.domain.UrlWidget">
                <result column="id" property="id" jdbcType="BIGINT" />
                <result column="parent_id" property="parentId" jdbcType="BIGINT" />
                <result column="name" property="name" jdbcType="VARCHAR" />
                <result column="url" property="url" jdbcType="VARCHAR" />
                <result column="type" property="type" jdbcType="INTEGER" />
                <result column="grade" property="grade" jdbcType="TINYINT" />
                <result column="show_order" property="showOrder" jdbcType="TINYINT" />
                <result column="create_time" property="createTime" jdbcType="TIMESTAMP" />
                <result column="update_time" property="updateTime" jdbcType="TIMESTAMP" />
                <result column="version" property="version" jdbcType="BIGINT" />
            </resultMap>

    <select id="find" parameterType="org.durcframework.core.expression.ExpressionQuery"
        resultMap="queryResultMap">
        SELECT t.*
        FROM url_widget t
        <include refid="expressionBlock.where" />
        <choose>
            <when test="sortname == null">
                ORDER BY t.id desc
            </when>
            <otherwise>
                ORDER BY ${order}
            </otherwise>
        </choose>
        <if test="!isQueryAll">
            LIMIT
            #{start,jdbcType=INTEGER},#{limit,jdbcType=INTEGER}
        </if>
    </select>


    <select id="findTotalCount" parameterType="org.durcframework.core.expression.ExpressionQuery"
        resultType="java.lang.Integer">
        SELECT count(*) FROM url_widget t
        <include refid="expressionBlock.where" />
    </select>

    <insert id="save" parameterType="com.test.domain.UrlWidget"
    keyProperty="id" keyColumn="id" useGeneratedKeys="true"
    >
    INSERT INTO url_widget
         (
                                                  `parent_id`
                                        , `name`
                                        , `url`
                                        , `type`
                                        , `grade`
                                        , `show_order`
                                        , `create_time`
                                        , `update_time`
                                        , `version`
                              )
    VALUES (
                                                  #{parentId,jdbcType=BIGINT}
                                        , #{name,jdbcType=VARCHAR}
                                        , #{url,jdbcType=VARCHAR}
                                        , #{type,jdbcType=INTEGER}
                                        , #{grade,jdbcType=TINYINT}
                                        , #{showOrder,jdbcType=TINYINT}
                                        , #{createTime,jdbcType=TIMESTAMP}
                                        , #{updateTime,jdbcType=TIMESTAMP}
                                        , #{version,jdbcType=BIGINT}
                     
        )
    </insert>

<insert id="insertBatch" parameterType="java.util.List">
    INSERT INTO url_widget
        (
                                                                                         `parent_id`
                                                                                    , `name`
                                                                                    , `url`
                                                                                    , `type`
                                                                                    , `grade`
                                                                                    , `show_order`
                                                                                    , `create_time`
                                                                                    , `update_time`
                                                                                    , `version`
                                                        )
    VALUES 
        <foreach collection="records" index="index" item="record" separator=",">
            (
                                                                                                                 #{record.parentId,jdbcType=BIGINT}
                                                                                                        , #{record.name,jdbcType=VARCHAR}
                                                                                                        , #{record.url,jdbcType=VARCHAR}
                                                                                                        , #{record.type,jdbcType=INTEGER}
                                                                                                        , #{record.grade,jdbcType=TINYINT}
                                                                                                        , #{record.showOrder,jdbcType=TINYINT}
                                                                                                        , #{record.createTime,jdbcType=TIMESTAMP}
                                                                                                        , #{record.updateTime,jdbcType=TIMESTAMP}
                                                                                                        , #{record.version,jdbcType=BIGINT}
                                                                        )
        </foreach> 
</insert>

    <update id="update" parameterType="com.test.domain.UrlWidget">
    UPDATE url_widget
    SET 
                                                 parent_id=#{parentId,jdbcType=BIGINT}
                                     , name=#{name,jdbcType=VARCHAR}
                                     , url=#{url,jdbcType=VARCHAR}
                                     , type=#{type,jdbcType=INTEGER}
                                     , grade=#{grade,jdbcType=TINYINT}
                                     , show_order=#{showOrder,jdbcType=TINYINT}
                                     , create_time=#{createTime,jdbcType=TIMESTAMP}
                                     , update_time=#{updateTime,jdbcType=TIMESTAMP}
                                     , version=#{version,jdbcType=BIGINT}
                     WHERE id = #{id,jdbcType=BIGINT}
    </update>

    <update id="updateByPrimaryKeySelective" parameterType="com.test.domain.UrlWidget" >
        UPDATE url_widget
        <set>
            set                                                             <if test="parent_id !=null">
                    parent_id=#{parentId,jdbcType=BIGINT}
                </if>
                                                            <if test="name !=null">
                    name=#{name,jdbcType=VARCHAR}
                </if>
                                                            <if test="url !=null">
                    url=#{url,jdbcType=VARCHAR}
                </if>
                                                            <if test="type !=null">
                    type=#{type,jdbcType=INTEGER}
                </if>
                                                            <if test="grade !=null">
                    grade=#{grade,jdbcType=TINYINT}
                </if>
                                                            <if test="show_order !=null">
                    show_order=#{showOrder,jdbcType=TINYINT}
                </if>
                                                            <if test="create_time !=null">
                    create_time=#{createTime,jdbcType=TIMESTAMP}
                </if>
                                                            <if test="update_time !=null">
                    update_time=#{updateTime,jdbcType=TIMESTAMP}
                </if>
                                                            <if test="version !=null">
                    version=#{version,jdbcType=BIGINT}
                </if>
                                    </set>
        where id = #{id,jdbcType=BIGINT}
    </update>

    <select id="get" resultMap="queryResultMap" parameterType="com.test.domain.UrlWidget">
        SELECT t.*
        FROM url_widget t
        WHERE id = #{id,jdbcType=BIGINT}
    </select>
    
    <delete id="del" parameterType="com.test.domain.UrlWidget">
        DELETE FROM url_widget
        WHERE id = #{id,jdbcType=BIGINT}
    </delete>

</mapper>