<?xml version="1.0" encoding="UTF-8" ?>
<!DOCTYPE  mapper PUBLIC "-//mybatis.org//DTD Mapper 3.0//EN" "http://mybatis.org/dtd/mybatis-3-mapper.dtd" >
<mapper namespace="com.test.dao.WifiStoreDao">
    <resultMap id="queryResultMap" type="com.test.domain.WifiStore">
                <result column="wifi_store_id" property="wifiStoreId" jdbcType="BIGINT" />
                <result column="aid" property="aid" jdbcType="BIGINT" />
                <result column="merchant_id" property="merchantId" jdbcType="BIGINT" />
                <result column="store_id" property="storeId" jdbcType="BIGINT" />
                <result column="wechat_store_id" property="wechatStoreId" jdbcType="VARCHAR" />
                <result column="wechat_app_id" property="wechatAppId" jdbcType="VARCHAR" />
                <result column="wechat_secret_key" property="wechatSecretKey" jdbcType="VARCHAR" />
                <result column="ssid" property="ssid" jdbcType="VARCHAR" />
                <result column="type" property="type" jdbcType="INTEGER" />
                <result column="added_device_count" property="addedDeviceCount" jdbcType="INTEGER" />
                <result column="to_be_add_device_count" property="toBeAddDeviceCount" jdbcType="INTEGER" />
                <result column="password" property="password" jdbcType="VARCHAR" />
                <result column="create_time" property="createTime" jdbcType="TIMESTAMP" />
                <result column="update_time" property="updateTime" jdbcType="TIMESTAMP" />
                <result column="create_account_id" property="createAccountId" jdbcType="BIGINT" />
                <result column="update_account_id" property="updateAccountId" jdbcType="BIGINT" />
            </resultMap>

    <select id="find" parameterType="org.durcframework.core.expression.ExpressionQuery"
        resultMap="queryResultMap">
        SELECT t.*
        FROM wifi_store t
        <include refid="expressionBlock.where" />
        <choose>
            <when test="sortname == null">
                ORDER BY t.wifi_store_id desc
            </when>
            <otherwise>
                ORDER BY ${order}
            </otherwise>
        </choose>
        <if test="!isQueryAll">
            LIMIT
            #{start,jdbcType=INTEGER},#{limit,jdbcType=INTEGER}
        </if>
    </select>


    <select id="findTotalCount" parameterType="org.durcframework.core.expression.ExpressionQuery"
        resultType="java.lang.Integer">
        SELECT count(*) FROM wifi_store t
        <include refid="expressionBlock.where" />
    </select>

    <insert id="save" parameterType="com.test.domain.WifiStore"
    keyProperty="wifiStoreId" keyColumn="wifi_store_id" useGeneratedKeys="true"
    >
    INSERT INTO wifi_store
         (
                                                  `aid`
                                        , `merchant_id`
                                        , `store_id`
                                        , `wechat_store_id`
                                        , `wechat_app_id`
                                        , `wechat_secret_key`
                                        , `ssid`
                                        , `type`
                                        , `added_device_count`
                                        , `to_be_add_device_count`
                                        , `password`
                                        , `create_time`
                                        , `update_time`
                                        , `create_account_id`
                                        , `update_account_id`
                              )
    VALUES (
                                                  #{aid,jdbcType=BIGINT}
                                        , #{merchantId,jdbcType=BIGINT}
                                        , #{storeId,jdbcType=BIGINT}
                                        , #{wechatStoreId,jdbcType=VARCHAR}
                                        , #{wechatAppId,jdbcType=VARCHAR}
                                        , #{wechatSecretKey,jdbcType=VARCHAR}
                                        , #{ssid,jdbcType=VARCHAR}
                                        , #{type,jdbcType=INTEGER}
                                        , #{addedDeviceCount,jdbcType=INTEGER}
                                        , #{toBeAddDeviceCount,jdbcType=INTEGER}
                                        , #{password,jdbcType=VARCHAR}
                                        , #{createTime,jdbcType=TIMESTAMP}
                                        , #{updateTime,jdbcType=TIMESTAMP}
                                        , #{createAccountId,jdbcType=BIGINT}
                                        , #{updateAccountId,jdbcType=BIGINT}
                     
        )
    </insert>

<insert id="insertBatch" parameterType="java.util.List">
    INSERT INTO wifi_store
        (
                                                                                         `aid`
                                                                                    , `merchant_id`
                                                                                    , `store_id`
                                                                                    , `wechat_store_id`
                                                                                    , `wechat_app_id`
                                                                                    , `wechat_secret_key`
                                                                                    , `ssid`
                                                                                    , `type`
                                                                                    , `added_device_count`
                                                                                    , `to_be_add_device_count`
                                                                                    , `password`
                                                                                    , `create_time`
                                                                                    , `update_time`
                                                                                    , `create_account_id`
                                                                                    , `update_account_id`
                                                        )
    VALUES 
        <foreach collection="records" index="index" item="record" separator=",">
            (
                                                                                                                 #{record.aid,jdbcType=BIGINT}
                                                                                                        , #{record.merchantId,jdbcType=BIGINT}
                                                                                                        , #{record.storeId,jdbcType=BIGINT}
                                                                                                        , #{record.wechatStoreId,jdbcType=VARCHAR}
                                                                                                        , #{record.wechatAppId,jdbcType=VARCHAR}
                                                                                                        , #{record.wechatSecretKey,jdbcType=VARCHAR}
                                                                                                        , #{record.ssid,jdbcType=VARCHAR}
                                                                                                        , #{record.type,jdbcType=INTEGER}
                                                                                                        , #{record.addedDeviceCount,jdbcType=INTEGER}
                                                                                                        , #{record.toBeAddDeviceCount,jdbcType=INTEGER}
                                                                                                        , #{record.password,jdbcType=VARCHAR}
                                                                                                        , #{record.createTime,jdbcType=TIMESTAMP}
                                                                                                        , #{record.updateTime,jdbcType=TIMESTAMP}
                                                                                                        , #{record.createAccountId,jdbcType=BIGINT}
                                                                                                        , #{record.updateAccountId,jdbcType=BIGINT}
                                                                        )
        </foreach> 
</insert>

    <update id="update" parameterType="com.test.domain.WifiStore">
    UPDATE wifi_store
    SET 
                                                 aid=#{aid,jdbcType=BIGINT}
                                     , merchant_id=#{merchantId,jdbcType=BIGINT}
                                     , store_id=#{storeId,jdbcType=BIGINT}
                                     , wechat_store_id=#{wechatStoreId,jdbcType=VARCHAR}
                                     , wechat_app_id=#{wechatAppId,jdbcType=VARCHAR}
                                     , wechat_secret_key=#{wechatSecretKey,jdbcType=VARCHAR}
                                     , ssid=#{ssid,jdbcType=VARCHAR}
                                     , type=#{type,jdbcType=INTEGER}
                                     , added_device_count=#{addedDeviceCount,jdbcType=INTEGER}
                                     , to_be_add_device_count=#{toBeAddDeviceCount,jdbcType=INTEGER}
                                     , password=#{password,jdbcType=VARCHAR}
                                     , create_time=#{createTime,jdbcType=TIMESTAMP}
                                     , update_time=#{updateTime,jdbcType=TIMESTAMP}
                                     , create_account_id=#{createAccountId,jdbcType=BIGINT}
                                     , update_account_id=#{updateAccountId,jdbcType=BIGINT}
                     WHERE wifi_store_id = #{wifiStoreId,jdbcType=BIGINT}
    </update>

    <update id="updateByPrimaryKeySelective" parameterType="com.test.domain.WifiStore" >
        UPDATE wifi_store
        <set>
            set                                                             <if test="aid !=null">
                    aid=#{aid,jdbcType=BIGINT}
                </if>
                                                            <if test="merchant_id !=null">
                    merchant_id=#{merchantId,jdbcType=BIGINT}
                </if>
                                                            <if test="store_id !=null">
                    store_id=#{storeId,jdbcType=BIGINT}
                </if>
                                                            <if test="wechat_store_id !=null">
                    wechat_store_id=#{wechatStoreId,jdbcType=VARCHAR}
                </if>
                                                            <if test="wechat_app_id !=null">
                    wechat_app_id=#{wechatAppId,jdbcType=VARCHAR}
                </if>
                                                            <if test="wechat_secret_key !=null">
                    wechat_secret_key=#{wechatSecretKey,jdbcType=VARCHAR}
                </if>
                                                            <if test="ssid !=null">
                    ssid=#{ssid,jdbcType=VARCHAR}
                </if>
                                                            <if test="type !=null">
                    type=#{type,jdbcType=INTEGER}
                </if>
                                                            <if test="added_device_count !=null">
                    added_device_count=#{addedDeviceCount,jdbcType=INTEGER}
                </if>
                                                            <if test="to_be_add_device_count !=null">
                    to_be_add_device_count=#{toBeAddDeviceCount,jdbcType=INTEGER}
                </if>
                                                            <if test="password !=null">
                    password=#{password,jdbcType=VARCHAR}
                </if>
                                                            <if test="create_time !=null">
                    create_time=#{createTime,jdbcType=TIMESTAMP}
                </if>
                                                            <if test="update_time !=null">
                    update_time=#{updateTime,jdbcType=TIMESTAMP}
                </if>
                                                            <if test="create_account_id !=null">
                    create_account_id=#{createAccountId,jdbcType=BIGINT}
                </if>
                                                            <if test="update_account_id !=null">
                    update_account_id=#{updateAccountId,jdbcType=BIGINT}
                </if>
                                    </set>
        where wifi_store_id = #{wifiStoreId,jdbcType=BIGINT}
    </update>

    <select id="get" resultMap="queryResultMap" parameterType="com.test.domain.WifiStore">
        SELECT t.*
        FROM wifi_store t
        WHERE wifi_store_id = #{wifiStoreId,jdbcType=BIGINT}
    </select>
    
    <delete id="del" parameterType="com.test.domain.WifiStore">
        DELETE FROM wifi_store
        WHERE wifi_store_id = #{wifiStoreId,jdbcType=BIGINT}
    </delete>

</mapper>