<?xml version="1.0" encoding="UTF-8" ?>
<!DOCTYPE  mapper PUBLIC "-//mybatis.org//DTD Mapper 3.0//EN" "http://mybatis.org/dtd/mybatis-3-mapper.dtd" >
<mapper namespace="com.test.dao.WifiStoreHomePageDao">
    <resultMap id="queryResultMap" type="com.test.domain.WifiStoreHomePage">
                <result column="home_page_id" property="homePageId" jdbcType="BIGINT" />
                <result column="aid" property="aid" jdbcType="BIGINT" />
                <result column="merchant_id" property="merchantId" jdbcType="BIGINT" />
                <result column="wifi_shop_id" property="wifiShopId" jdbcType="BIGINT" />
                <result column="template_type" property="templateType" jdbcType="INTEGER" />
                <result column="url_type" property="urlType" jdbcType="INTEGER" />
                <result column="template_url" property="templateUrl" jdbcType="VARCHAR" />
                <result column="template_url_name" property="templateUrlName" jdbcType="VARCHAR" />
                <result column="bar_type" property="barType" jdbcType="INTEGER" />
                <result column="bar_content" property="barContent" jdbcType="VARCHAR" />
                <result column="edit_or_not" property="editOrNot" jdbcType="TINYINT" />
                <result column="create_time" property="createTime" jdbcType="TIMESTAMP" />
                <result column="update_time" property="updateTime" jdbcType="TIMESTAMP" />
                <result column="create_account_id" property="createAccountId" jdbcType="BIGINT" />
                <result column="update_account_id" property="updateAccountId" jdbcType="BIGINT" />
            </resultMap>

    <select id="find" parameterType="org.durcframework.core.expression.ExpressionQuery"
        resultMap="queryResultMap">
        SELECT t.*
        FROM wifi_store_home_page t
        <include refid="expressionBlock.where" />
        <choose>
            <when test="sortname == null">
                ORDER BY t.home_page_id desc
            </when>
            <otherwise>
                ORDER BY ${order}
            </otherwise>
        </choose>
        <if test="!isQueryAll">
            LIMIT
            #{start,jdbcType=INTEGER},#{limit,jdbcType=INTEGER}
        </if>
    </select>


    <select id="findTotalCount" parameterType="org.durcframework.core.expression.ExpressionQuery"
        resultType="java.lang.Integer">
        SELECT count(*) FROM wifi_store_home_page t
        <include refid="expressionBlock.where" />
    </select>

    <insert id="save" parameterType="com.test.domain.WifiStoreHomePage"
    keyProperty="homePageId" keyColumn="home_page_id" useGeneratedKeys="true"
    >
    INSERT INTO wifi_store_home_page
         (
                                                  `aid`
                                        , `merchant_id`
                                        , `wifi_shop_id`
                                        , `template_type`
                                        , `url_type`
                                        , `template_url`
                                        , `template_url_name`
                                        , `bar_type`
                                        , `bar_content`
                                        , `edit_or_not`
                                        , `create_time`
                                        , `update_time`
                                        , `create_account_id`
                                        , `update_account_id`
                              )
    VALUES (
                                                  #{aid,jdbcType=BIGINT}
                                        , #{merchantId,jdbcType=BIGINT}
                                        , #{wifiShopId,jdbcType=BIGINT}
                                        , #{templateType,jdbcType=INTEGER}
                                        , #{urlType,jdbcType=INTEGER}
                                        , #{templateUrl,jdbcType=VARCHAR}
                                        , #{templateUrlName,jdbcType=VARCHAR}
                                        , #{barType,jdbcType=INTEGER}
                                        , #{barContent,jdbcType=VARCHAR}
                                        , #{editOrNot,jdbcType=TINYINT}
                                        , #{createTime,jdbcType=TIMESTAMP}
                                        , #{updateTime,jdbcType=TIMESTAMP}
                                        , #{createAccountId,jdbcType=BIGINT}
                                        , #{updateAccountId,jdbcType=BIGINT}
                     
        )
    </insert>

<insert id="insertBatch" parameterType="java.util.List">
    INSERT INTO wifi_store_home_page
        (
                                                                                         `aid`
                                                                                    , `merchant_id`
                                                                                    , `wifi_shop_id`
                                                                                    , `template_type`
                                                                                    , `url_type`
                                                                                    , `template_url`
                                                                                    , `template_url_name`
                                                                                    , `bar_type`
                                                                                    , `bar_content`
                                                                                    , `edit_or_not`
                                                                                    , `create_time`
                                                                                    , `update_time`
                                                                                    , `create_account_id`
                                                                                    , `update_account_id`
                                                        )
    VALUES 
        <foreach collection="records" index="index" item="record" separator=",">
            (
                                                                                                                 #{record.aid,jdbcType=BIGINT}
                                                                                                        , #{record.merchantId,jdbcType=BIGINT}
                                                                                                        , #{record.wifiShopId,jdbcType=BIGINT}
                                                                                                        , #{record.templateType,jdbcType=INTEGER}
                                                                                                        , #{record.urlType,jdbcType=INTEGER}
                                                                                                        , #{record.templateUrl,jdbcType=VARCHAR}
                                                                                                        , #{record.templateUrlName,jdbcType=VARCHAR}
                                                                                                        , #{record.barType,jdbcType=INTEGER}
                                                                                                        , #{record.barContent,jdbcType=VARCHAR}
                                                                                                        , #{record.editOrNot,jdbcType=TINYINT}
                                                                                                        , #{record.createTime,jdbcType=TIMESTAMP}
                                                                                                        , #{record.updateTime,jdbcType=TIMESTAMP}
                                                                                                        , #{record.createAccountId,jdbcType=BIGINT}
                                                                                                        , #{record.updateAccountId,jdbcType=BIGINT}
                                                                        )
        </foreach> 
</insert>

    <update id="update" parameterType="com.test.domain.WifiStoreHomePage">
    UPDATE wifi_store_home_page
    SET 
                                                 aid=#{aid,jdbcType=BIGINT}
                                     , merchant_id=#{merchantId,jdbcType=BIGINT}
                                     , wifi_shop_id=#{wifiShopId,jdbcType=BIGINT}
                                     , template_type=#{templateType,jdbcType=INTEGER}
                                     , url_type=#{urlType,jdbcType=INTEGER}
                                     , template_url=#{templateUrl,jdbcType=VARCHAR}
                                     , template_url_name=#{templateUrlName,jdbcType=VARCHAR}
                                     , bar_type=#{barType,jdbcType=INTEGER}
                                     , bar_content=#{barContent,jdbcType=VARCHAR}
                                     , edit_or_not=#{editOrNot,jdbcType=TINYINT}
                                     , create_time=#{createTime,jdbcType=TIMESTAMP}
                                     , update_time=#{updateTime,jdbcType=TIMESTAMP}
                                     , create_account_id=#{createAccountId,jdbcType=BIGINT}
                                     , update_account_id=#{updateAccountId,jdbcType=BIGINT}
                     WHERE home_page_id = #{homePageId,jdbcType=BIGINT}
    </update>

    <update id="updateByPrimaryKeySelective" parameterType="com.test.domain.WifiStoreHomePage" >
        UPDATE wifi_store_home_page
        <set>
            set                                                             <if test="aid !=null">
                    aid=#{aid,jdbcType=BIGINT}
                </if>
                                                            <if test="merchant_id !=null">
                    merchant_id=#{merchantId,jdbcType=BIGINT}
                </if>
                                                            <if test="wifi_shop_id !=null">
                    wifi_shop_id=#{wifiShopId,jdbcType=BIGINT}
                </if>
                                                            <if test="template_type !=null">
                    template_type=#{templateType,jdbcType=INTEGER}
                </if>
                                                            <if test="url_type !=null">
                    url_type=#{urlType,jdbcType=INTEGER}
                </if>
                                                            <if test="template_url !=null">
                    template_url=#{templateUrl,jdbcType=VARCHAR}
                </if>
                                                            <if test="template_url_name !=null">
                    template_url_name=#{templateUrlName,jdbcType=VARCHAR}
                </if>
                                                            <if test="bar_type !=null">
                    bar_type=#{barType,jdbcType=INTEGER}
                </if>
                                                            <if test="bar_content !=null">
                    bar_content=#{barContent,jdbcType=VARCHAR}
                </if>
                                                            <if test="edit_or_not !=null">
                    edit_or_not=#{editOrNot,jdbcType=TINYINT}
                </if>
                                                            <if test="create_time !=null">
                    create_time=#{createTime,jdbcType=TIMESTAMP}
                </if>
                                                            <if test="update_time !=null">
                    update_time=#{updateTime,jdbcType=TIMESTAMP}
                </if>
                                                            <if test="create_account_id !=null">
                    create_account_id=#{createAccountId,jdbcType=BIGINT}
                </if>
                                                            <if test="update_account_id !=null">
                    update_account_id=#{updateAccountId,jdbcType=BIGINT}
                </if>
                                    </set>
        where home_page_id = #{homePageId,jdbcType=BIGINT}
    </update>

    <select id="get" resultMap="queryResultMap" parameterType="com.test.domain.WifiStoreHomePage">
        SELECT t.*
        FROM wifi_store_home_page t
        WHERE home_page_id = #{homePageId,jdbcType=BIGINT}
    </select>
    
    <delete id="del" parameterType="com.test.domain.WifiStoreHomePage">
        DELETE FROM wifi_store_home_page
        WHERE home_page_id = #{homePageId,jdbcType=BIGINT}
    </delete>

</mapper>