<?xml version="1.0" encoding="UTF-8" ?>
<!DOCTYPE  mapper PUBLIC "-//mybatis.org//DTD Mapper 3.0//EN" "http://mybatis.org/dtd/mybatis-3-mapper.dtd" >
<mapper namespace="com.test.dao.WifiStoreShopDao">
    <resultMap id="queryResultMap" type="com.test.domain.WifiStoreShop">
                <result column="id" property="id" jdbcType="BIGINT" />
                <result column="merchant_id" property="merchantId" jdbcType="BIGINT" />
                <result column="store_id" property="storeId" jdbcType="BIGINT" />
                <result column="wifi_shop_id" property="wifiShopId" jdbcType="BIGINT" />
            </resultMap>

    <select id="find" parameterType="org.durcframework.core.expression.ExpressionQuery"
        resultMap="queryResultMap">
        SELECT t.*
        FROM wifi_store_shop t
        <include refid="expressionBlock.where" />
        <choose>
            <when test="sortname == null">
                ORDER BY t.id desc
            </when>
            <otherwise>
                ORDER BY ${order}
            </otherwise>
        </choose>
        <if test="!isQueryAll">
            LIMIT
            #{start,jdbcType=INTEGER},#{limit,jdbcType=INTEGER}
        </if>
    </select>


    <select id="findTotalCount" parameterType="org.durcframework.core.expression.ExpressionQuery"
        resultType="java.lang.Integer">
        SELECT count(*) FROM wifi_store_shop t
        <include refid="expressionBlock.where" />
    </select>

    <insert id="save" parameterType="com.test.domain.WifiStoreShop"
    keyProperty="id" keyColumn="id" useGeneratedKeys="true"
    >
    INSERT INTO wifi_store_shop
         (
                                                  `merchant_id`
                                        , `store_id`
                                        , `wifi_shop_id`
                              )
    VALUES (
                                                  #{merchantId,jdbcType=BIGINT}
                                        , #{storeId,jdbcType=BIGINT}
                                        , #{wifiShopId,jdbcType=BIGINT}
                     
        )
    </insert>

<insert id="insertBatch" parameterType="java.util.List">
    INSERT INTO wifi_store_shop
        (
                                                                                         `merchant_id`
                                                                                    , `store_id`
                                                                                    , `wifi_shop_id`
                                                        )
    VALUES 
        <foreach collection="records" index="index" item="record" separator=",">
            (
                                                                                                                 #{record.merchantId,jdbcType=BIGINT}
                                                                                                        , #{record.storeId,jdbcType=BIGINT}
                                                                                                        , #{record.wifiShopId,jdbcType=BIGINT}
                                                                        )
        </foreach> 
</insert>

    <update id="update" parameterType="com.test.domain.WifiStoreShop">
    UPDATE wifi_store_shop
    SET 
                                                 merchant_id=#{merchantId,jdbcType=BIGINT}
                                     , store_id=#{storeId,jdbcType=BIGINT}
                                     , wifi_shop_id=#{wifiShopId,jdbcType=BIGINT}
                     WHERE id = #{id,jdbcType=BIGINT}
    </update>

    <update id="updateByPrimaryKeySelective" parameterType="com.test.domain.WifiStoreShop" >
        UPDATE wifi_store_shop
        <set>
            set                                                             <if test="merchant_id !=null">
                    merchant_id=#{merchantId,jdbcType=BIGINT}
                </if>
                                                            <if test="store_id !=null">
                    store_id=#{storeId,jdbcType=BIGINT}
                </if>
                                                            <if test="wifi_shop_id !=null">
                    wifi_shop_id=#{wifiShopId,jdbcType=BIGINT}
                </if>
                                    </set>
        where id = #{id,jdbcType=BIGINT}
    </update>

    <select id="get" resultMap="queryResultMap" parameterType="com.test.domain.WifiStoreShop">
        SELECT t.*
        FROM wifi_store_shop t
        WHERE id = #{id,jdbcType=BIGINT}
    </select>
    
    <delete id="del" parameterType="com.test.domain.WifiStoreShop">
        DELETE FROM wifi_store_shop
        WHERE id = #{id,jdbcType=BIGINT}
    </delete>

</mapper>