<?xml version="1.0" encoding="UTF-8" ?>
<!DOCTYPE  mapper PUBLIC "-//mybatis.org//DTD Mapper 3.0//EN" "http://mybatis.org/dtd/mybatis-3-mapper.dtd" >
<mapper namespace="com.test.dao.WifiStoreDeviceConnectedMacDao">
    <resultMap id="queryResultMap" type="com.test.domain.WifiStoreDeviceConnectedMac">
                <result column="id" property="id" jdbcType="BIGINT" />
                <result column="aid" property="aid" jdbcType="BIGINT" />
                <result column="store_id" property="storeId" jdbcType="BIGINT" />
                <result column="wifi_store_device_id" property="wifiStoreDeviceId" jdbcType="BIGINT" />
                <result column="connected_mac" property="connectedMac" jdbcType="VARCHAR" />
                <result column="create_time" property="createTime" jdbcType="TIMESTAMP" />
                <result column="update_time" property="updateTime" jdbcType="TIMESTAMP" />
            </resultMap>

    <select id="find" parameterType="org.durcframework.core.expression.ExpressionQuery"
        resultMap="queryResultMap">
        SELECT t.*
        FROM wifi_store_device_connected_mac t
        <include refid="expressionBlock.where" />
        <choose>
            <when test="sortname == null">
                ORDER BY t.id desc
            </when>
            <otherwise>
                ORDER BY ${order}
            </otherwise>
        </choose>
        <if test="!isQueryAll">
            LIMIT
            #{start,jdbcType=INTEGER},#{limit,jdbcType=INTEGER}
        </if>
    </select>


    <select id="findTotalCount" parameterType="org.durcframework.core.expression.ExpressionQuery"
        resultType="java.lang.Integer">
        SELECT count(*) FROM wifi_store_device_connected_mac t
        <include refid="expressionBlock.where" />
    </select>

    <insert id="save" parameterType="com.test.domain.WifiStoreDeviceConnectedMac"
    keyProperty="id" keyColumn="id" useGeneratedKeys="true"
    >
    INSERT INTO wifi_store_device_connected_mac
         (
                                                  `aid`
                                        , `store_id`
                                        , `wifi_store_device_id`
                                        , `connected_mac`
                                        , `create_time`
                                        , `update_time`
                              )
    VALUES (
                                                  #{aid,jdbcType=BIGINT}
                                        , #{storeId,jdbcType=BIGINT}
                                        , #{wifiStoreDeviceId,jdbcType=BIGINT}
                                        , #{connectedMac,jdbcType=VARCHAR}
                                        , #{createTime,jdbcType=TIMESTAMP}
                                        , #{updateTime,jdbcType=TIMESTAMP}
                     
        )
    </insert>

<insert id="insertBatch" parameterType="java.util.List">
    INSERT INTO wifi_store_device_connected_mac
        (
                                                                                         `aid`
                                                                                    , `store_id`
                                                                                    , `wifi_store_device_id`
                                                                                    , `connected_mac`
                                                                                    , `create_time`
                                                                                    , `update_time`
                                                        )
    VALUES 
        <foreach collection="records" index="index" item="record" separator=",">
            (
                                                                                                                 #{record.aid,jdbcType=BIGINT}
                                                                                                        , #{record.storeId,jdbcType=BIGINT}
                                                                                                        , #{record.wifiStoreDeviceId,jdbcType=BIGINT}
                                                                                                        , #{record.connectedMac,jdbcType=VARCHAR}
                                                                                                        , #{record.createTime,jdbcType=TIMESTAMP}
                                                                                                        , #{record.updateTime,jdbcType=TIMESTAMP}
                                                                        )
        </foreach> 
</insert>

    <update id="update" parameterType="com.test.domain.WifiStoreDeviceConnectedMac">
    UPDATE wifi_store_device_connected_mac
    SET 
                                                 aid=#{aid,jdbcType=BIGINT}
                                     , store_id=#{storeId,jdbcType=BIGINT}
                                     , wifi_store_device_id=#{wifiStoreDeviceId,jdbcType=BIGINT}
                                     , connected_mac=#{connectedMac,jdbcType=VARCHAR}
                                     , create_time=#{createTime,jdbcType=TIMESTAMP}
                                     , update_time=#{updateTime,jdbcType=TIMESTAMP}
                     WHERE id = #{id,jdbcType=BIGINT}
    </update>

    <update id="updateByPrimaryKeySelective" parameterType="com.test.domain.WifiStoreDeviceConnectedMac" >
        UPDATE wifi_store_device_connected_mac
        <set>
            set                                                             <if test="aid !=null">
                    aid=#{aid,jdbcType=BIGINT}
                </if>
                                                            <if test="store_id !=null">
                    store_id=#{storeId,jdbcType=BIGINT}
                </if>
                                                            <if test="wifi_store_device_id !=null">
                    wifi_store_device_id=#{wifiStoreDeviceId,jdbcType=BIGINT}
                </if>
                                                            <if test="connected_mac !=null">
                    connected_mac=#{connectedMac,jdbcType=VARCHAR}
                </if>
                                                            <if test="create_time !=null">
                    create_time=#{createTime,jdbcType=TIMESTAMP}
                </if>
                                                            <if test="update_time !=null">
                    update_time=#{updateTime,jdbcType=TIMESTAMP}
                </if>
                                    </set>
        where id = #{id,jdbcType=BIGINT}
    </update>

    <select id="get" resultMap="queryResultMap" parameterType="com.test.domain.WifiStoreDeviceConnectedMac">
        SELECT t.*
        FROM wifi_store_device_connected_mac t
        WHERE id = #{id,jdbcType=BIGINT}
    </select>
    
    <delete id="del" parameterType="com.test.domain.WifiStoreDeviceConnectedMac">
        DELETE FROM wifi_store_device_connected_mac
        WHERE id = #{id,jdbcType=BIGINT}
    </delete>

</mapper>