<?xml version="1.0" encoding="UTF-8" ?>
<!DOCTYPE  mapper PUBLIC "-//mybatis.org//DTD Mapper 3.0//EN" "http://mybatis.org/dtd/mybatis-3-mapper.dtd" >
<mapper namespace="com.ayuan.blog.dao.TagDao">
    <resultMap id="queryResultMap" type="com.ayuan.blog.domain.Tag">
                <result column="id" property="id" jdbcType="INTEGER" />
                <result column="tag_name" property="tagName" jdbcType="VARCHAR" />
                <result column="create_time" property="createTime" jdbcType="TIMESTAMP" />
                <result column="update_time" property="updateTime" jdbcType="TIMESTAMP" />
            </resultMap>

    <select id="find" parameterType="org.durcframework.core.expression.ExpressionQuery"
        resultMap="queryResultMap">
        SELECT t.*
        FROM tag t
        <include refid="expressionBlock.where" />
        <choose>
            <when test="sortname == null">
                ORDER BY t.id desc
            </when>
            <otherwise>
                ORDER BY ${order}
            </otherwise>
        </choose>
        <if test="!isQueryAll">
            LIMIT
            #{start,jdbcType=INTEGER},#{limit,jdbcType=INTEGER}
        </if>
    </select>


    <select id="findTotalCount" parameterType="org.durcframework.core.expression.ExpressionQuery"
        resultType="java.lang.Integer">
        SELECT count(*) FROM tag t
        <include refid="expressionBlock.where" />
    </select>

    <insert id="save" parameterType="com.ayuan.blog.domain.Tag"
    keyProperty="id" keyColumn="id" useGeneratedKeys="true"
    >
    INSERT INTO tag
         (
                                                  `tag_name`
                                        , `create_time`
                                        , `update_time`
                              )
    VALUES (
                                                  #{tagName,jdbcType=VARCHAR}
                                        , #{createTime,jdbcType=TIMESTAMP}
                                        , #{updateTime,jdbcType=TIMESTAMP}
                     
        )
    </insert>


    <update id="update" parameterType="com.ayuan.blog.domain.Tag">
    UPDATE tag
    SET 
                                                 tag_name=#{tagName,jdbcType=VARCHAR}
                                     , create_time=#{createTime,jdbcType=TIMESTAMP}
                                     , update_time=#{updateTime,jdbcType=TIMESTAMP}
                     WHERE id = #{id,jdbcType=INTEGER}
    </update>

    <update id="updateByPrimaryKeySelective" parameterType="com.ayuan.blog.domain.Tag" >
        UPDATE tag
        <set>
            set                                                             <if test="tag_name !=null">
                    tag_name=#{tagName,jdbcType=VARCHAR}
                </if>
                                                            <if test="create_time !=null">
                    create_time=#{createTime,jdbcType=TIMESTAMP}
                </if>
                                                            <if test="update_time !=null">
                    update_time=#{updateTime,jdbcType=TIMESTAMP}
                </if>
                                    </set>
        where id = #{id,jdbcType=INTEGER}
    </update>

    <select id="get" resultMap="queryResultMap" parameterType="com.ayuan.blog.domain.Tag">
        SELECT t.*
        FROM tag t
        WHERE id = #{id,jdbcType=INTEGER}
    </select>
    
    <delete id="del" parameterType="com.ayuan.blog.domain.Tag">
        DELETE FROM tag
        WHERE id = #{id,jdbcType=INTEGER}
    </delete>

</mapper>