<?xml version="1.0" encoding="UTF-8" ?>
<!DOCTYPE  mapper PUBLIC "-//mybatis.org//DTD Mapper 3.0//EN" "http://mybatis.org/dtd/mybatis-3-mapper.dtd" >
<mapper namespace="com.weimob.o2o.activity.mgr.dao.ActivityWinningRangeDao">
    <resultMap id="queryResultMap" type="com.weimob.o2o.activity.mgr.domain.ActivityWinningRange">
                <result column="activity_winning_range_id" property="activityWinningRangeId" jdbcType="BIGINT" />
                <result column="activity_id" property="activityId" jdbcType="BIGINT" />
                <result column="winning_range_type" property="winningRangeType" jdbcType="INTEGER" />
                <result column="winning_range_ids" property="winningRangeIds" jdbcType="VARCHAR" />
                <result column="comment" property="comment" jdbcType="VARCHAR" />
                <result column="create_time" property="createTime" jdbcType="TIMESTAMP" />
                <result column="udpate_time" property="udpateTime" jdbcType="TIMESTAMP" />
            </resultMap>

    <select id="find" parameterType="org.durcframework.core.expression.ExpressionQuery"
        resultMap="queryResultMap">
        SELECT t.*
        FROM activity_winning_range t
        <include refid="expressionBlock.where" />
        <choose>
            <when test="sortname == null">
                ORDER BY t.activity_winning_range_id desc
            </when>
            <otherwise>
                ORDER BY ${order}
            </otherwise>
        </choose>
        <if test="!isQueryAll">
            LIMIT
            #{start,jdbcType=INTEGER},#{limit,jdbcType=INTEGER}
        </if>
    </select>


    <select id="findTotalCount" parameterType="org.durcframework.core.expression.ExpressionQuery"
        resultType="java.lang.Integer">
        SELECT count(*) FROM activity_winning_range t
        <include refid="expressionBlock.where" />
    </select>

    <insert id="save" parameterType="com.weimob.o2o.activity.mgr.domain.ActivityWinningRange"
    keyProperty="activityWinningRangeId" keyColumn="activity_winning_range_id" useGeneratedKeys="true"
    >
    INSERT INTO activity_winning_range
         (
                                                  `activity_id`
                                        , `winning_range_type`
                                        , `winning_range_ids`
                                        , `comment`
                                        , `create_time`
                                        , `udpate_time`
                              )
    VALUES (
                                                  #{activityId,jdbcType=BIGINT}
                                        , #{winningRangeType,jdbcType=INTEGER}
                                        , #{winningRangeIds,jdbcType=VARCHAR}
                                        , #{comment,jdbcType=VARCHAR}
                                        , #{createTime,jdbcType=TIMESTAMP}
                                        , #{udpateTime,jdbcType=TIMESTAMP}
                     
        )
    </insert>


    <update id="update" parameterType="com.weimob.o2o.activity.mgr.domain.ActivityWinningRange">
    UPDATE activity_winning_range
    SET 
                                                 activity_id=#{activityId,jdbcType=BIGINT}
                                     , winning_range_type=#{winningRangeType,jdbcType=INTEGER}
                                     , winning_range_ids=#{winningRangeIds,jdbcType=VARCHAR}
                                     , comment=#{comment,jdbcType=VARCHAR}
                                     , create_time=#{createTime,jdbcType=TIMESTAMP}
                                     , udpate_time=#{udpateTime,jdbcType=TIMESTAMP}
                     WHERE activity_winning_range_id = #{activityWinningRangeId,jdbcType=BIGINT}
    </update>

    <update id="updateByPrimaryKeySelective" parameterType="com.weimob.o2o.activity.mgr.domain.ActivityWinningRange" >
        UPDATE activity_winning_range
        <set>
            set                                                             <if test="activity_id !=null">
                    activity_id=#{activityId,jdbcType=BIGINT}
                </if>
                                                            <if test="winning_range_type !=null">
                    winning_range_type=#{winningRangeType,jdbcType=INTEGER}
                </if>
                                                            <if test="winning_range_ids !=null">
                    winning_range_ids=#{winningRangeIds,jdbcType=VARCHAR}
                </if>
                                                            <if test="comment !=null">
                    comment=#{comment,jdbcType=VARCHAR}
                </if>
                                                            <if test="create_time !=null">
                    create_time=#{createTime,jdbcType=TIMESTAMP}
                </if>
                                                            <if test="udpate_time !=null">
                    udpate_time=#{udpateTime,jdbcType=TIMESTAMP}
                </if>
                                    </set>
        where activity_winning_range_id = #{activityWinningRangeId,jdbcType=BIGINT}
    </update>

    <select id="get" resultMap="queryResultMap" parameterType="com.weimob.o2o.activity.mgr.domain.ActivityWinningRange">
        SELECT t.*
        FROM activity_winning_range t
        WHERE activity_winning_range_id = #{activityWinningRangeId,jdbcType=BIGINT}
    </select>
    
    <delete id="del" parameterType="com.weimob.o2o.activity.mgr.domain.ActivityWinningRange">
        DELETE FROM activity_winning_range
        WHERE activity_winning_range_id = #{activityWinningRangeId,jdbcType=BIGINT}
    </delete>

</mapper>