<?xml version="1.0" encoding="UTF-8" ?>
<!DOCTYPE  mapper PUBLIC "-//mybatis.org//DTD Mapper 3.0//EN" "http://mybatis.org/dtd/mybatis-3-mapper.dtd" >
<mapper namespace="com.pnote.mgr.note.dao.NoteArticleDao">
    <resultMap id="queryResultMap" type="com.pnote.mgr.note.domain.NoteArticle">
                <result column="article_id" property="articleId" jdbcType="BIGINT" />
                <result column="book_id" property="bookId" jdbcType="BIGINT" />
                <result column="directory_id" property="directoryId" jdbcType="BIGINT" />
                <result column="article_name" property="articleName" jdbcType="VARCHAR" />
                <result column="content" property="content" jdbcType="VARCHAR" />
                <result column="delete_flag" property="deleteFlag" jdbcType="TINYINT" />
                <result column="creator_id" property="creatorId" jdbcType="BIGINT" />
                <result column="create_time" property="createTime" jdbcType="TIMESTAMP" />
                <result column="update_time" property="updateTime" jdbcType="TIMESTAMP" />
            </resultMap>

    <select id="find" parameterType="org.durcframework.core.expression.ExpressionQuery"
        resultMap="queryResultMap">
        SELECT t.*
        FROM note_article t
        <include refid="expressionBlock.where" />
        <choose>
            <when test="sortname == null">
                ORDER BY t.article_id desc
            </when>
            <otherwise>
                ORDER BY ${order}
            </otherwise>
        </choose>
        <if test="!isQueryAll">
            LIMIT
            #{start,jdbcType=INTEGER},#{limit,jdbcType=INTEGER}
        </if>
    </select>


    <select id="findTotalCount" parameterType="org.durcframework.core.expression.ExpressionQuery"
        resultType="java.lang.Integer">
        SELECT count(*) FROM note_article t
        <include refid="expressionBlock.where" />
    </select>

    <insert id="save" parameterType="com.pnote.mgr.note.domain.NoteArticle"
    keyProperty="articleId" keyColumn="article_id" useGeneratedKeys="true"
    >
    INSERT INTO note_article
         (
                                                  `book_id`
                                        , `directory_id`
                                        , `article_name`
                                        , `content`
                                        , `delete_flag`
                                        , `creator_id`
                                        , `create_time`
                                        , `update_time`
                              )
    VALUES (
                                                  #{bookId,jdbcType=BIGINT}
                                        , #{directoryId,jdbcType=BIGINT}
                                        , #{articleName,jdbcType=VARCHAR}
                                        , #{content,jdbcType=VARCHAR}
                                        , #{deleteFlag,jdbcType=TINYINT}
                                        , #{creatorId,jdbcType=BIGINT}
                                        , #{createTime,jdbcType=TIMESTAMP}
                                        , #{updateTime,jdbcType=TIMESTAMP}
                     
        )
    </insert>


    <update id="update" parameterType="com.pnote.mgr.note.domain.NoteArticle">
    UPDATE note_article
    SET 
                                                 book_id=#{bookId,jdbcType=BIGINT}
                                     , directory_id=#{directoryId,jdbcType=BIGINT}
                                     , article_name=#{articleName,jdbcType=VARCHAR}
                                     , content=#{content,jdbcType=VARCHAR}
                                     , delete_flag=#{deleteFlag,jdbcType=TINYINT}
                                     , creator_id=#{creatorId,jdbcType=BIGINT}
                                     , create_time=#{createTime,jdbcType=TIMESTAMP}
                                     , update_time=#{updateTime,jdbcType=TIMESTAMP}
                     WHERE article_id = #{articleId,jdbcType=BIGINT}
    </update>

    <update id="updateByPrimaryKeySelective" parameterType="com.pnote.mgr.note.domain.NoteArticle" >
        UPDATE note_article
        <set>
            set                                                             <if test="book_id !=null">
                    book_id=#{bookId,jdbcType=BIGINT}
                </if>
                                                            <if test="directory_id !=null">
                    directory_id=#{directoryId,jdbcType=BIGINT}
                </if>
                                                            <if test="article_name !=null">
                    article_name=#{articleName,jdbcType=VARCHAR}
                </if>
                                                            <if test="content !=null">
                    content=#{content,jdbcType=VARCHAR}
                </if>
                                                            <if test="delete_flag !=null">
                    delete_flag=#{deleteFlag,jdbcType=TINYINT}
                </if>
                                                            <if test="creator_id !=null">
                    creator_id=#{creatorId,jdbcType=BIGINT}
                </if>
                                                            <if test="create_time !=null">
                    create_time=#{createTime,jdbcType=TIMESTAMP}
                </if>
                                                            <if test="update_time !=null">
                    update_time=#{updateTime,jdbcType=TIMESTAMP}
                </if>
                                    </set>
        where article_id = #{articleId,jdbcType=BIGINT}
    </update>

    <select id="get" resultMap="queryResultMap" parameterType="com.pnote.mgr.note.domain.NoteArticle">
        SELECT t.*
        FROM note_article t
        WHERE article_id = #{articleId,jdbcType=BIGINT}
    </select>
    
    <delete id="del" parameterType="com.pnote.mgr.note.domain.NoteArticle">
        DELETE FROM note_article
        WHERE article_id = #{articleId,jdbcType=BIGINT}
    </delete>

</mapper>