<?xml version="1.0" encoding="UTF-8" ?>
<!DOCTYPE  mapper PUBLIC "-//mybatis.org//DTD Mapper 3.0//EN" "http://mybatis.org/dtd/mybatis-3-mapper.dtd" >
<mapper namespace="com.pnote.mgr.note.dao.NoteBookDao">
    <resultMap id="queryResultMap" type="com.pnote.mgr.note.domain.NoteBook">
                <result column="book_id" property="bookId" jdbcType="BIGINT" />
                <result column="name" property="name" jdbcType="VARCHAR" />
                <result column="public_flag" property="publicFlag" jdbcType="TINYINT" />
                <result column="delete_flag" property="deleteFlag" jdbcType="TINYINT" />
                <result column="creator_id" property="creatorId" jdbcType="BIGINT" />
                <result column="create_time" property="createTime" jdbcType="TIMESTAMP" />
                <result column="update_time" property="updateTime" jdbcType="TIMESTAMP" />
            </resultMap>

    <select id="find" parameterType="org.durcframework.core.expression.ExpressionQuery"
        resultMap="queryResultMap">
        SELECT t.*
        FROM note_book t
        <include refid="expressionBlock.where" />
        <choose>
            <when test="sortname == null">
                ORDER BY t.book_id desc
            </when>
            <otherwise>
                ORDER BY ${order}
            </otherwise>
        </choose>
        <if test="!isQueryAll">
            LIMIT
            #{start,jdbcType=INTEGER},#{limit,jdbcType=INTEGER}
        </if>
    </select>


    <select id="findTotalCount" parameterType="org.durcframework.core.expression.ExpressionQuery"
        resultType="java.lang.Integer">
        SELECT count(*) FROM note_book t
        <include refid="expressionBlock.where" />
    </select>

    <insert id="save" parameterType="com.pnote.mgr.note.domain.NoteBook"
    keyProperty="bookId" keyColumn="book_id" useGeneratedKeys="true"
    >
    INSERT INTO note_book
         (
                                                  `name`
                                        , `public_flag`
                                        , `delete_flag`
                                        , `creator_id`
                                        , `create_time`
                                        , `update_time`
                              )
    VALUES (
                                                  #{name,jdbcType=VARCHAR}
                                        , #{publicFlag,jdbcType=TINYINT}
                                        , #{deleteFlag,jdbcType=TINYINT}
                                        , #{creatorId,jdbcType=BIGINT}
                                        , #{createTime,jdbcType=TIMESTAMP}
                                        , #{updateTime,jdbcType=TIMESTAMP}
                     
        )
    </insert>


    <update id="update" parameterType="com.pnote.mgr.note.domain.NoteBook">
    UPDATE note_book
    SET 
                                                 name=#{name,jdbcType=VARCHAR}
                                     , public_flag=#{publicFlag,jdbcType=TINYINT}
                                     , delete_flag=#{deleteFlag,jdbcType=TINYINT}
                                     , creator_id=#{creatorId,jdbcType=BIGINT}
                                     , create_time=#{createTime,jdbcType=TIMESTAMP}
                                     , update_time=#{updateTime,jdbcType=TIMESTAMP}
                     WHERE book_id = #{bookId,jdbcType=BIGINT}
    </update>

    <update id="updateByPrimaryKeySelective" parameterType="com.pnote.mgr.note.domain.NoteBook" >
        UPDATE note_book
        <set>
            set                                                             <if test="name !=null">
                    name=#{name,jdbcType=VARCHAR}
                </if>
                                                            <if test="public_flag !=null">
                    public_flag=#{publicFlag,jdbcType=TINYINT}
                </if>
                                                            <if test="delete_flag !=null">
                    delete_flag=#{deleteFlag,jdbcType=TINYINT}
                </if>
                                                            <if test="creator_id !=null">
                    creator_id=#{creatorId,jdbcType=BIGINT}
                </if>
                                                            <if test="create_time !=null">
                    create_time=#{createTime,jdbcType=TIMESTAMP}
                </if>
                                                            <if test="update_time !=null">
                    update_time=#{updateTime,jdbcType=TIMESTAMP}
                </if>
                                    </set>
        where book_id = #{bookId,jdbcType=BIGINT}
    </update>

    <select id="get" resultMap="queryResultMap" parameterType="com.pnote.mgr.note.domain.NoteBook">
        SELECT t.*
        FROM note_book t
        WHERE book_id = #{bookId,jdbcType=BIGINT}
    </select>
    
    <delete id="del" parameterType="com.pnote.mgr.note.domain.NoteBook">
        DELETE FROM note_book
        WHERE book_id = #{bookId,jdbcType=BIGINT}
    </delete>

</mapper>