<?xml version="1.0" encoding="UTF-8" ?>
<!DOCTYPE  mapper PUBLIC "-//mybatis.org//DTD Mapper 3.0//EN" "http://mybatis.org/dtd/mybatis-3-mapper.dtd" >
<mapper namespace="com.weimob.o2o.activity.mgr.dao.MarketModelPaySceneConfigDao">
    <resultMap id="queryResultMap" type="com.weimob.o2o.activity.mgr.domain.MarketModelPaySceneConfig">
                <result column="id" property="id" jdbcType="BIGINT" />
                <result column="merchant_id" property="merchantId" jdbcType="BIGINT" />
                <result column="activity_id" property="activityId" jdbcType="BIGINT" />
                <result column="activity_type" property="activityType" jdbcType="INTEGER" />
                <result column="store_id" property="storeId" jdbcType="BIGINT" />
                <result column="pay_scene" property="payScene" jdbcType="TINYINT" />
                <result column="dish_range_type" property="dishRangeType" jdbcType="TINYINT" />
                <result column="update_time" property="updateTime" jdbcType="TIMESTAMP" />
                <result column="create_time" property="createTime" jdbcType="TIMESTAMP" />
            </resultMap>

    <select id="find" parameterType="org.durcframework.core.expression.ExpressionQuery"
        resultMap="queryResultMap">
        SELECT t.*
        FROM market_model_pay_scene_config t
        <include refid="expressionBlock.where" />
        <choose>
            <when test="sortname == null">
                ORDER BY t.id desc
            </when>
            <otherwise>
                ORDER BY ${order}
            </otherwise>
        </choose>
        <if test="!isQueryAll">
            LIMIT
            #{start,jdbcType=INTEGER},#{limit,jdbcType=INTEGER}
        </if>
    </select>


    <select id="findTotalCount" parameterType="org.durcframework.core.expression.ExpressionQuery"
        resultType="java.lang.Integer">
        SELECT count(*) FROM market_model_pay_scene_config t
        <include refid="expressionBlock.where" />
    </select>

    <insert id="save" parameterType="com.weimob.o2o.activity.mgr.domain.MarketModelPaySceneConfig"
    keyProperty="id" keyColumn="id" useGeneratedKeys="true"
    >
    INSERT INTO market_model_pay_scene_config
         (
                                                  `merchant_id`
                                        , `activity_id`
                                        , `activity_type`
                                        , `store_id`
                                        , `pay_scene`
                                        , `dish_range_type`
                                        , `update_time`
                                        , `create_time`
                              )
    VALUES (
                                                  #{merchantId,jdbcType=BIGINT}
                                        , #{activityId,jdbcType=BIGINT}
                                        , #{activityType,jdbcType=INTEGER}
                                        , #{storeId,jdbcType=BIGINT}
                                        , #{payScene,jdbcType=TINYINT}
                                        , #{dishRangeType,jdbcType=TINYINT}
                                        , #{updateTime,jdbcType=TIMESTAMP}
                                        , #{createTime,jdbcType=TIMESTAMP}
                     
        )
    </insert>

<insert id="insertBatch" parameterType="java.util.List">
    INSERT INTO market_model_pay_scene_config
        (
                                                                                         `merchant_id`
                                                                                    , `activity_id`
                                                                                    , `activity_type`
                                                                                    , `store_id`
                                                                                    , `pay_scene`
                                                                                    , `dish_range_type`
                                                                                    , `update_time`
                                                                                    , `create_time`
                                                        )
    VALUES 
        <foreach collection="records" index="index" item="record" separator=",">
            (
                                                                                                                 #{record.merchantId,jdbcType=BIGINT}
                                                                                                        , #{record.activityId,jdbcType=BIGINT}
                                                                                                        , #{record.activityType,jdbcType=INTEGER}
                                                                                                        , #{record.storeId,jdbcType=BIGINT}
                                                                                                        , #{record.payScene,jdbcType=TINYINT}
                                                                                                        , #{record.dishRangeType,jdbcType=TINYINT}
                                                                                                        , #{record.updateTime,jdbcType=TIMESTAMP}
                                                                                                        , #{record.createTime,jdbcType=TIMESTAMP}
                                                                        )
        </foreach> 
</insert>

    <update id="update" parameterType="com.weimob.o2o.activity.mgr.domain.MarketModelPaySceneConfig">
    UPDATE market_model_pay_scene_config
    SET 
                                                 merchant_id=#{merchantId,jdbcType=BIGINT}
                                     , activity_id=#{activityId,jdbcType=BIGINT}
                                     , activity_type=#{activityType,jdbcType=INTEGER}
                                     , store_id=#{storeId,jdbcType=BIGINT}
                                     , pay_scene=#{payScene,jdbcType=TINYINT}
                                     , dish_range_type=#{dishRangeType,jdbcType=TINYINT}
                                     , update_time=#{updateTime,jdbcType=TIMESTAMP}
                                     , create_time=#{createTime,jdbcType=TIMESTAMP}
                     WHERE id = #{id,jdbcType=BIGINT}
    </update>

    <update id="updateByPrimaryKeySelective" parameterType="com.weimob.o2o.activity.mgr.domain.MarketModelPaySceneConfig" >
        UPDATE market_model_pay_scene_config
        <set>
            set                                                             <if test="merchant_id !=null">
                    merchant_id=#{merchantId,jdbcType=BIGINT}
                </if>
                                                            <if test="activity_id !=null">
                    activity_id=#{activityId,jdbcType=BIGINT}
                </if>
                                                            <if test="activity_type !=null">
                    activity_type=#{activityType,jdbcType=INTEGER}
                </if>
                                                            <if test="store_id !=null">
                    store_id=#{storeId,jdbcType=BIGINT}
                </if>
                                                            <if test="pay_scene !=null">
                    pay_scene=#{payScene,jdbcType=TINYINT}
                </if>
                                                            <if test="dish_range_type !=null">
                    dish_range_type=#{dishRangeType,jdbcType=TINYINT}
                </if>
                                                            <if test="update_time !=null">
                    update_time=#{updateTime,jdbcType=TIMESTAMP}
                </if>
                                                            <if test="create_time !=null">
                    create_time=#{createTime,jdbcType=TIMESTAMP}
                </if>
                                    </set>
        where id = #{id,jdbcType=BIGINT}
    </update>

    <select id="get" resultMap="queryResultMap" parameterType="com.weimob.o2o.activity.mgr.domain.MarketModelPaySceneConfig">
        SELECT t.*
        FROM market_model_pay_scene_config t
        WHERE id = #{id,jdbcType=BIGINT}
    </select>
    
    <delete id="del" parameterType="com.weimob.o2o.activity.mgr.domain.MarketModelPaySceneConfig">
        DELETE FROM market_model_pay_scene_config
        WHERE id = #{id,jdbcType=BIGINT}
    </delete>

</mapper>