<?xml version="1.0" encoding="UTF-8" ?>
<!DOCTYPE  mapper PUBLIC "-//mybatis.org//DTD Mapper 3.0//EN" "http://mybatis.org/dtd/mybatis-3-mapper.dtd" >
<mapper namespace="com.weimob.o2o.mgr.meiwei.dao.MeiWeiQueueDao">
    <resultMap id="queryResultMap" type="com.weimob.o2o.mgr.meiwei.domain.MeiWeiQueue">
                <result column="id" property="id" jdbcType="BIGINT" />
                <result column="merchant_id" property="merchantId" jdbcType="BIGINT" />
                <result column="store_id" property="storeId" jdbcType="BIGINT" />
                <result column="mei_wei_store_id" property="meiWeiStoreId" jdbcType="VARCHAR" />
                <result column="custom_id" property="customId" jdbcType="BIGINT" />
                <result column="open_id" property="openId" jdbcType="VARCHAR" />
                <result column="phone" property="phone" jdbcType="VARCHAR" />
                <result column="mei_wei_serial_id" property="meiWeiSerialId" jdbcType="VARCHAR" />
                <result column="status" property="status" jdbcType="TINYINT" />
                <result column="q_name" property="qName" jdbcType="VARCHAR" />
                <result column="q_attr" property="qAttr" jdbcType="VARCHAR" />
                <result column="num" property="num" jdbcType="VARCHAR" />
                <result column="notice" property="notice" jdbcType="VARCHAR" />
                <result column="wait_time" property="waitTime" jdbcType="VARCHAR" />
                <result column="update_time" property="updateTime" jdbcType="TIMESTAMP" />
                <result column="create_time" property="createTime" jdbcType="TIMESTAMP" />
            </resultMap>

    <select id="find" parameterType="org.durcframework.core.expression.ExpressionQuery"
        resultMap="queryResultMap">
        SELECT t.*
        FROM mei_wei_queue t
        <include refid="expressionBlock.where" />
        <choose>
            <when test="sortname == null">
                ORDER BY t.id desc
            </when>
            <otherwise>
                ORDER BY ${order}
            </otherwise>
        </choose>
        <if test="!isQueryAll">
            LIMIT
            #{start,jdbcType=INTEGER},#{limit,jdbcType=INTEGER}
        </if>
    </select>


    <select id="findTotalCount" parameterType="org.durcframework.core.expression.ExpressionQuery"
        resultType="java.lang.Integer">
        SELECT count(*) FROM mei_wei_queue t
        <include refid="expressionBlock.where" />
    </select>

    <insert id="save" parameterType="com.weimob.o2o.mgr.meiwei.domain.MeiWeiQueue"
    keyProperty="id" keyColumn="id" useGeneratedKeys="true"
    >
    INSERT INTO mei_wei_queue
         (
                                                  `merchant_id`
                                        , `store_id`
                                        , `mei_wei_store_id`
                                        , `custom_id`
                                        , `open_id`
                                        , `phone`
                                        , `mei_wei_serial_id`
                                        , `status`
                                        , `q_name`
                                        , `q_attr`
                                        , `num`
                                        , `notice`
                                        , `wait_time`
                                        , `update_time`
                                        , `create_time`
                              )
    VALUES (
                                                  #{merchantId,jdbcType=BIGINT}
                                        , #{storeId,jdbcType=BIGINT}
                                        , #{meiWeiStoreId,jdbcType=VARCHAR}
                                        , #{customId,jdbcType=BIGINT}
                                        , #{openId,jdbcType=VARCHAR}
                                        , #{phone,jdbcType=VARCHAR}
                                        , #{meiWeiSerialId,jdbcType=VARCHAR}
                                        , #{status,jdbcType=TINYINT}
                                        , #{qName,jdbcType=VARCHAR}
                                        , #{qAttr,jdbcType=VARCHAR}
                                        , #{num,jdbcType=VARCHAR}
                                        , #{notice,jdbcType=VARCHAR}
                                        , #{waitTime,jdbcType=VARCHAR}
                                        , #{updateTime,jdbcType=TIMESTAMP}
                                        , #{createTime,jdbcType=TIMESTAMP}
                     
        )
    </insert>

<insert id="insertBatch" parameterType="java.util.List">
    INSERT INTO mei_wei_queue
        (
                                                                                         `merchant_id`
                                                                                    , `store_id`
                                                                                    , `mei_wei_store_id`
                                                                                    , `custom_id`
                                                                                    , `open_id`
                                                                                    , `phone`
                                                                                    , `mei_wei_serial_id`
                                                                                    , `status`
                                                                                    , `q_name`
                                                                                    , `q_attr`
                                                                                    , `num`
                                                                                    , `notice`
                                                                                    , `wait_time`
                                                                                    , `update_time`
                                                                                    , `create_time`
                                                        )
    VALUES 
        <foreach collection="records" index="index" item="record" separator=",">
            (
                                                                                                                 #{record.merchantId,jdbcType=BIGINT}
                                                                                                        , #{record.storeId,jdbcType=BIGINT}
                                                                                                        , #{record.meiWeiStoreId,jdbcType=VARCHAR}
                                                                                                        , #{record.customId,jdbcType=BIGINT}
                                                                                                        , #{record.openId,jdbcType=VARCHAR}
                                                                                                        , #{record.phone,jdbcType=VARCHAR}
                                                                                                        , #{record.meiWeiSerialId,jdbcType=VARCHAR}
                                                                                                        , #{record.status,jdbcType=TINYINT}
                                                                                                        , #{record.qName,jdbcType=VARCHAR}
                                                                                                        , #{record.qAttr,jdbcType=VARCHAR}
                                                                                                        , #{record.num,jdbcType=VARCHAR}
                                                                                                        , #{record.notice,jdbcType=VARCHAR}
                                                                                                        , #{record.waitTime,jdbcType=VARCHAR}
                                                                                                        , #{record.updateTime,jdbcType=TIMESTAMP}
                                                                                                        , #{record.createTime,jdbcType=TIMESTAMP}
                                                                        )
        </foreach> 
</insert>

    <update id="update" parameterType="com.weimob.o2o.mgr.meiwei.domain.MeiWeiQueue">
    UPDATE mei_wei_queue
    SET 
                                                 merchant_id=#{merchantId,jdbcType=BIGINT}
                                     , store_id=#{storeId,jdbcType=BIGINT}
                                     , mei_wei_store_id=#{meiWeiStoreId,jdbcType=VARCHAR}
                                     , custom_id=#{customId,jdbcType=BIGINT}
                                     , open_id=#{openId,jdbcType=VARCHAR}
                                     , phone=#{phone,jdbcType=VARCHAR}
                                     , mei_wei_serial_id=#{meiWeiSerialId,jdbcType=VARCHAR}
                                     , status=#{status,jdbcType=TINYINT}
                                     , q_name=#{qName,jdbcType=VARCHAR}
                                     , q_attr=#{qAttr,jdbcType=VARCHAR}
                                     , num=#{num,jdbcType=VARCHAR}
                                     , notice=#{notice,jdbcType=VARCHAR}
                                     , wait_time=#{waitTime,jdbcType=VARCHAR}
                                     , update_time=#{updateTime,jdbcType=TIMESTAMP}
                                     , create_time=#{createTime,jdbcType=TIMESTAMP}
                     WHERE id = #{id,jdbcType=BIGINT}
    </update>

    <update id="updateByPrimaryKeySelective" parameterType="com.weimob.o2o.mgr.meiwei.domain.MeiWeiQueue" >
        UPDATE mei_wei_queue
        <set>
            set                                                             <if test="merchant_id !=null">
                    merchant_id=#{merchantId,jdbcType=BIGINT}
                </if>
                                                            <if test="store_id !=null">
                    store_id=#{storeId,jdbcType=BIGINT}
                </if>
                                                            <if test="mei_wei_store_id !=null">
                    mei_wei_store_id=#{meiWeiStoreId,jdbcType=VARCHAR}
                </if>
                                                            <if test="custom_id !=null">
                    custom_id=#{customId,jdbcType=BIGINT}
                </if>
                                                            <if test="open_id !=null">
                    open_id=#{openId,jdbcType=VARCHAR}
                </if>
                                                            <if test="phone !=null">
                    phone=#{phone,jdbcType=VARCHAR}
                </if>
                                                            <if test="mei_wei_serial_id !=null">
                    mei_wei_serial_id=#{meiWeiSerialId,jdbcType=VARCHAR}
                </if>
                                                            <if test="status !=null">
                    status=#{status,jdbcType=TINYINT}
                </if>
                                                            <if test="q_name !=null">
                    q_name=#{qName,jdbcType=VARCHAR}
                </if>
                                                            <if test="q_attr !=null">
                    q_attr=#{qAttr,jdbcType=VARCHAR}
                </if>
                                                            <if test="num !=null">
                    num=#{num,jdbcType=VARCHAR}
                </if>
                                                            <if test="notice !=null">
                    notice=#{notice,jdbcType=VARCHAR}
                </if>
                                                            <if test="wait_time !=null">
                    wait_time=#{waitTime,jdbcType=VARCHAR}
                </if>
                                                            <if test="update_time !=null">
                    update_time=#{updateTime,jdbcType=TIMESTAMP}
                </if>
                                                            <if test="create_time !=null">
                    create_time=#{createTime,jdbcType=TIMESTAMP}
                </if>
                                    </set>
        where id = #{id,jdbcType=BIGINT}
    </update>

    <select id="get" resultMap="queryResultMap" parameterType="com.weimob.o2o.mgr.meiwei.domain.MeiWeiQueue">
        SELECT t.*
        FROM mei_wei_queue t
        WHERE id = #{id,jdbcType=BIGINT}
    </select>
    
    <delete id="del" parameterType="com.weimob.o2o.mgr.meiwei.domain.MeiWeiQueue">
        DELETE FROM mei_wei_queue
        WHERE id = #{id,jdbcType=BIGINT}
    </delete>

</mapper>