<?xml version="1.0" encoding="UTF-8" ?>
<!DOCTYPE  mapper PUBLIC "-//mybatis.org//DTD Mapper 3.0//EN" "http://mybatis.org/dtd/mybatis-3-mapper.dtd" >
<mapper namespace="com.weimob.o2o.mgr.shake.dao.ShakeDeviceApplyDao">
    <resultMap id="queryResultMap" type="com.weimob.o2o.mgr.shake.domain.ShakeDeviceApply">
                <result column="shake_device_apply_id" property="shakeDeviceApplyId" jdbcType="BIGINT" />
                <result column="quanttity" property="quanttity" jdbcType="INTEGER" />
                <result column="apply_reason" property="applyReason" jdbcType="VARCHAR" />
                <result column="comment" property="comment" jdbcType="VARCHAR" />
                <result column="poi_id" property="poiId" jdbcType="VARCHAR" />
                <result column="apply_id" property="applyId" jdbcType="VARCHAR" />
                <result column="audit_status" property="auditStatus" jdbcType="INTEGER" />
                <result column="audit_comment" property="auditComment" jdbcType="VARCHAR" />
                <result column="apply_time" property="applyTime" jdbcType="VARCHAR" />
                <result column="audit_time" property="auditTime" jdbcType="VARCHAR" />
                <result column="merchant_id" property="merchantId" jdbcType="BIGINT" />
                <result column="create_time" property="createTime" jdbcType="VARCHAR" />
                <result column="update_time" property="updateTime" jdbcType="VARCHAR" />
            </resultMap>

    <select id="find" parameterType="org.durcframework.core.expression.ExpressionQuery"
        resultMap="queryResultMap">
        SELECT t.*
        FROM shake_device_apply t
        <include refid="expressionBlock.where" />
        <choose>
            <when test="sortname == null">
                ORDER BY t.shake_device_apply_id desc
            </when>
            <otherwise>
                ORDER BY ${order}
            </otherwise>
        </choose>
        <if test="!isQueryAll">
            LIMIT
            #{start,jdbcType=INTEGER},#{limit,jdbcType=INTEGER}
        </if>
    </select>


    <select id="findTotalCount" parameterType="org.durcframework.core.expression.ExpressionQuery"
        resultType="java.lang.Integer">
        SELECT count(*) FROM shake_device_apply t
        <include refid="expressionBlock.where" />
    </select>

    <insert id="save" parameterType="com.weimob.o2o.mgr.shake.domain.ShakeDeviceApply"
    keyProperty="shakeDeviceApplyId" keyColumn="shake_device_apply_id" useGeneratedKeys="true"
    >
    INSERT INTO shake_device_apply
         (
                                                  `quanttity`
                                        , `apply_reason`
                                        , `comment`
                                        , `poi_id`
                                        , `apply_id`
                                        , `audit_status`
                                        , `audit_comment`
                                        , `apply_time`
                                        , `audit_time`
                                        , `merchant_id`
                                        , `create_time`
                                        , `update_time`
                              )
    VALUES (
                                                  #{quanttity,jdbcType=INTEGER}
                                        , #{applyReason,jdbcType=VARCHAR}
                                        , #{comment,jdbcType=VARCHAR}
                                        , #{poiId,jdbcType=VARCHAR}
                                        , #{applyId,jdbcType=VARCHAR}
                                        , #{auditStatus,jdbcType=INTEGER}
                                        , #{auditComment,jdbcType=VARCHAR}
                                        , #{applyTime,jdbcType=VARCHAR}
                                        , #{auditTime,jdbcType=VARCHAR}
                                        , #{merchantId,jdbcType=BIGINT}
                                        , #{createTime,jdbcType=VARCHAR}
                                        , #{updateTime,jdbcType=VARCHAR}
                     
        )
    </insert>


    <update id="update" parameterType="com.weimob.o2o.mgr.shake.domain.ShakeDeviceApply">
    UPDATE shake_device_apply
    SET 
                                                 quanttity=#{quanttity,jdbcType=INTEGER}
                                     , apply_reason=#{applyReason,jdbcType=VARCHAR}
                                     , comment=#{comment,jdbcType=VARCHAR}
                                     , poi_id=#{poiId,jdbcType=VARCHAR}
                                     , apply_id=#{applyId,jdbcType=VARCHAR}
                                     , audit_status=#{auditStatus,jdbcType=INTEGER}
                                     , audit_comment=#{auditComment,jdbcType=VARCHAR}
                                     , apply_time=#{applyTime,jdbcType=VARCHAR}
                                     , audit_time=#{auditTime,jdbcType=VARCHAR}
                                     , merchant_id=#{merchantId,jdbcType=BIGINT}
                                     , create_time=#{createTime,jdbcType=VARCHAR}
                                     , update_time=#{updateTime,jdbcType=VARCHAR}
                     WHERE shake_device_apply_id = #{shakeDeviceApplyId,jdbcType=BIGINT}
    </update>

    <update id="updateByPrimaryKeySelective" parameterType="com.weimob.o2o.mgr.shake.domain.ShakeDeviceApply" >
        UPDATE shake_device_apply
        <set>
            set                                                             <if test="quanttity !=null">
                    quanttity=#{quanttity,jdbcType=INTEGER}
                </if>
                                                            <if test="apply_reason !=null">
                    apply_reason=#{applyReason,jdbcType=VARCHAR}
                </if>
                                                            <if test="comment !=null">
                    comment=#{comment,jdbcType=VARCHAR}
                </if>
                                                            <if test="poi_id !=null">
                    poi_id=#{poiId,jdbcType=VARCHAR}
                </if>
                                                            <if test="apply_id !=null">
                    apply_id=#{applyId,jdbcType=VARCHAR}
                </if>
                                                            <if test="audit_status !=null">
                    audit_status=#{auditStatus,jdbcType=INTEGER}
                </if>
                                                            <if test="audit_comment !=null">
                    audit_comment=#{auditComment,jdbcType=VARCHAR}
                </if>
                                                            <if test="apply_time !=null">
                    apply_time=#{applyTime,jdbcType=VARCHAR}
                </if>
                                                            <if test="audit_time !=null">
                    audit_time=#{auditTime,jdbcType=VARCHAR}
                </if>
                                                            <if test="merchant_id !=null">
                    merchant_id=#{merchantId,jdbcType=BIGINT}
                </if>
                                                            <if test="create_time !=null">
                    create_time=#{createTime,jdbcType=VARCHAR}
                </if>
                                                            <if test="update_time !=null">
                    update_time=#{updateTime,jdbcType=VARCHAR}
                </if>
                                    </set>
        where shake_device_apply_id = #{shakeDeviceApplyId,jdbcType=BIGINT}
    </update>

    <select id="get" resultMap="queryResultMap" parameterType="com.weimob.o2o.mgr.shake.domain.ShakeDeviceApply">
        SELECT t.*
        FROM shake_device_apply t
        WHERE shake_device_apply_id = #{shakeDeviceApplyId,jdbcType=BIGINT}
    </select>
    
    <delete id="del" parameterType="com.weimob.o2o.mgr.shake.domain.ShakeDeviceApply">
        DELETE FROM shake_device_apply
        WHERE shake_device_apply_id = #{shakeDeviceApplyId,jdbcType=BIGINT}
    </delete>

</mapper>