<?xml version="1.0" encoding="UTF-8" ?>
<!DOCTYPE  mapper PUBLIC "-//mybatis.org//DTD Mapper 3.0//EN" "http://mybatis.org/dtd/mybatis-3-mapper.dtd" >
<mapper namespace="com.weimob.o2o.mgr.wifi.dao.WifiStoreProduceDeviceDao">
    <resultMap id="queryResultMap" type="com.weimob.o2o.mgr.wifi.domain.WifiStoreProduceDevice">
                <result column="wifi_store_produce_device_id" property="wifiStoreProduceDeviceId" jdbcType="BIGINT" />
                <result column="merchant_id" property="merchantId" jdbcType="BIGINT" />
                <result column="store_id" property="storeId" jdbcType="BIGINT" />
                <result column="ssid" property="ssid" jdbcType="VARCHAR" />
                <result column="password" property="password" jdbcType="VARCHAR" />
                <result column="create_time" property="createTime" jdbcType="TIMESTAMP" />
                <result column="update_time" property="updateTime" jdbcType="TIMESTAMP" />
            </resultMap>

    <select id="find" parameterType="org.durcframework.core.expression.ExpressionQuery"
        resultMap="queryResultMap">
        SELECT t.*
        FROM wifi_store_produce_device t
        <include refid="expressionBlock.where" />
        <choose>
            <when test="sortname == null">
                ORDER BY t.wifi_store_produce_device_id desc
            </when>
            <otherwise>
                ORDER BY ${order}
            </otherwise>
        </choose>
        <if test="!isQueryAll">
            LIMIT
            #{start,jdbcType=INTEGER},#{limit,jdbcType=INTEGER}
        </if>
    </select>


    <select id="findTotalCount" parameterType="org.durcframework.core.expression.ExpressionQuery"
        resultType="java.lang.Integer">
        SELECT count(*) FROM wifi_store_produce_device t
        <include refid="expressionBlock.where" />
    </select>

    <insert id="save" parameterType="com.weimob.o2o.mgr.wifi.domain.WifiStoreProduceDevice"
    keyProperty="wifiStoreProduceDeviceId" keyColumn="wifi_store_produce_device_id" useGeneratedKeys="true"
    >
    INSERT INTO wifi_store_produce_device
         (
                                                  `merchant_id`
                                        , `store_id`
                                        , `ssid`
                                        , `password`
                                        , `create_time`
                                        , `update_time`
                              )
    VALUES (
                                                  #{merchantId,jdbcType=BIGINT}
                                        , #{storeId,jdbcType=BIGINT}
                                        , #{ssid,jdbcType=VARCHAR}
                                        , #{password,jdbcType=VARCHAR}
                                        , #{createTime,jdbcType=TIMESTAMP}
                                        , #{updateTime,jdbcType=TIMESTAMP}
                     
        )
    </insert>


    <update id="update" parameterType="com.weimob.o2o.mgr.wifi.domain.WifiStoreProduceDevice">
    UPDATE wifi_store_produce_device
    SET 
                                                 merchant_id=#{merchantId,jdbcType=BIGINT}
                                     , store_id=#{storeId,jdbcType=BIGINT}
                                     , ssid=#{ssid,jdbcType=VARCHAR}
                                     , password=#{password,jdbcType=VARCHAR}
                                     , create_time=#{createTime,jdbcType=TIMESTAMP}
                                     , update_time=#{updateTime,jdbcType=TIMESTAMP}
                     WHERE wifi_store_produce_device_id = #{wifiStoreProduceDeviceId,jdbcType=BIGINT}
    </update>

    <update id="updateByPrimaryKeySelective" parameterType="com.weimob.o2o.mgr.wifi.domain.WifiStoreProduceDevice" >
        UPDATE wifi_store_produce_device
        <set>
            set                                                             <if test="merchant_id !=null">
                    merchant_id=#{merchantId,jdbcType=BIGINT}
                </if>
                                                            <if test="store_id !=null">
                    store_id=#{storeId,jdbcType=BIGINT}
                </if>
                                                            <if test="ssid !=null">
                    ssid=#{ssid,jdbcType=VARCHAR}
                </if>
                                                            <if test="password !=null">
                    password=#{password,jdbcType=VARCHAR}
                </if>
                                                            <if test="create_time !=null">
                    create_time=#{createTime,jdbcType=TIMESTAMP}
                </if>
                                                            <if test="update_time !=null">
                    update_time=#{updateTime,jdbcType=TIMESTAMP}
                </if>
                                    </set>
        where wifi_store_produce_device_id = #{wifiStoreProduceDeviceId,jdbcType=BIGINT}
    </update>

    <select id="get" resultMap="queryResultMap" parameterType="com.weimob.o2o.mgr.wifi.domain.WifiStoreProduceDevice">
        SELECT t.*
        FROM wifi_store_produce_device t
        WHERE wifi_store_produce_device_id = #{wifiStoreProduceDeviceId,jdbcType=BIGINT}
    </select>
    
    <delete id="del" parameterType="com.weimob.o2o.mgr.wifi.domain.WifiStoreProduceDevice">
        DELETE FROM wifi_store_produce_device
        WHERE wifi_store_produce_device_id = #{wifiStoreProduceDeviceId,jdbcType=BIGINT}
    </delete>

</mapper>