<?xml version="1.0" encoding="UTF-8" ?>
<!DOCTYPE  mapper PUBLIC "-//mybatis.org//DTD Mapper 3.0//EN" "http://mybatis.org/dtd/mybatis-3-mapper.dtd" >
<mapper namespace="com.weimob.o2oreport.mgr.dao.O2oWxArticleTotalDao">
    <resultMap id="queryResultMap" type="com.weimob.o2oreport.mgr.domain.O2oWxArticleTotal">
                <result column="id" property="id" jdbcType="BIGINT" />
                <result column="merchant_id" property="merchantId" jdbcType="BIGINT" />
                <result column="ref_date" property="refDate" jdbcType="VARCHAR" />
                <result column="msgid" property="msgid" jdbcType="VARCHAR" />
                <result column="media_id" property="mediaId" jdbcType="VARCHAR" />
                <result column="title" property="title" jdbcType="VARCHAR" />
                <result column="stat_date" property="statDate" jdbcType="VARCHAR" />
                <result column="target_user" property="targetUser" jdbcType="BIGINT" />
                <result column="int_page_read_user" property="intPageReadUser" jdbcType="BIGINT" />
                <result column="int_page_read_count" property="intPageReadCount" jdbcType="BIGINT" />
                <result column="ori_page_read_user" property="oriPageReadUser" jdbcType="BIGINT" />
                <result column="ori_page_read_count" property="oriPageReadCount" jdbcType="BIGINT" />
                <result column="share_user" property="shareUser" jdbcType="BIGINT" />
                <result column="share_count" property="shareCount" jdbcType="BIGINT" />
                <result column="add_to_fav_user" property="addToFavUser" jdbcType="BIGINT" />
                <result column="add_to_fav_count" property="addToFavCount" jdbcType="BIGINT" />
                <result column="int_page_from_session_read_user" property="intPageFromSessionReadUser" jdbcType="BIGINT" />
                <result column="int_page_from_session_read_count" property="intPageFromSessionReadCount" jdbcType="BIGINT" />
                <result column="int_page_from_hist_msg_read_user" property="intPageFromHistMsgReadUser" jdbcType="BIGINT" />
                <result column="int_page_from_hist_msg_read_count" property="intPageFromHistMsgReadCount" jdbcType="BIGINT" />
                <result column="int_page_from_feed_read_user" property="intPageFromFeedReadUser" jdbcType="BIGINT" />
                <result column="int_page_from_feed_read_count" property="intPageFromFeedReadCount" jdbcType="BIGINT" />
                <result column="int_page_from_friends_read_user" property="intPageFromFriendsReadUser" jdbcType="BIGINT" />
                <result column="int_page_from_friends_read_count" property="intPageFromFriendsReadCount" jdbcType="BIGINT" />
                <result column="int_page_from_other_read_user" property="intPageFromOtherReadUser" jdbcType="BIGINT" />
                <result column="int_page_from_other_read_count" property="intPageFromOtherReadCount" jdbcType="BIGINT" />
                <result column="feed_share_from_session_user" property="feedShareFromSessionUser" jdbcType="BIGINT" />
                <result column="feed_share_from_session_cnt" property="feedShareFromSessionCnt" jdbcType="BIGINT" />
                <result column="feed_share_from_feed_user" property="feedShareFromFeedUser" jdbcType="BIGINT" />
                <result column="feed_share_from_feed_cnt" property="feedShareFromFeedCnt" jdbcType="BIGINT" />
                <result column="feed_share_from_other_user" property="feedShareFromOtherUser" jdbcType="BIGINT" />
                <result column="feed_share_from_other_cnt" property="feedShareFromOtherCnt" jdbcType="BIGINT" />
                <result column="update_time" property="updateTime" jdbcType="TIMESTAMP" />
            </resultMap>

    <select id="find" parameterType="org.durcframework.core.expression.ExpressionQuery"
        resultMap="queryResultMap">
        SELECT t.*
        FROM o2o_wx_article_total t
        <include refid="expressionBlock.where" />
        <choose>
            <when test="sortname == null">
                ORDER BY t.id desc
            </when>
            <otherwise>
                ORDER BY ${order}
            </otherwise>
        </choose>
        <if test="!isQueryAll">
            LIMIT
            #{start,jdbcType=INTEGER},#{limit,jdbcType=INTEGER}
        </if>
    </select>


    <select id="findTotalCount" parameterType="org.durcframework.core.expression.ExpressionQuery"
        resultType="java.lang.Integer">
        SELECT count(*) FROM o2o_wx_article_total t
        <include refid="expressionBlock.where" />
    </select>

    <insert id="save" parameterType="com.weimob.o2oreport.mgr.domain.O2oWxArticleTotal"
    keyProperty="id" keyColumn="id" useGeneratedKeys="true"
    >
    INSERT INTO o2o_wx_article_total
         (
                                                  `merchant_id`
                                        , `ref_date`
                                        , `msgid`
                                        , `media_id`
                                        , `title`
                                        , `stat_date`
                                        , `target_user`
                                        , `int_page_read_user`
                                        , `int_page_read_count`
                                        , `ori_page_read_user`
                                        , `ori_page_read_count`
                                        , `share_user`
                                        , `share_count`
                                        , `add_to_fav_user`
                                        , `add_to_fav_count`
                                        , `int_page_from_session_read_user`
                                        , `int_page_from_session_read_count`
                                        , `int_page_from_hist_msg_read_user`
                                        , `int_page_from_hist_msg_read_count`
                                        , `int_page_from_feed_read_user`
                                        , `int_page_from_feed_read_count`
                                        , `int_page_from_friends_read_user`
                                        , `int_page_from_friends_read_count`
                                        , `int_page_from_other_read_user`
                                        , `int_page_from_other_read_count`
                                        , `feed_share_from_session_user`
                                        , `feed_share_from_session_cnt`
                                        , `feed_share_from_feed_user`
                                        , `feed_share_from_feed_cnt`
                                        , `feed_share_from_other_user`
                                        , `feed_share_from_other_cnt`
                                        , `update_time`
                              )
    VALUES (
                                                  #{merchantId,jdbcType=BIGINT}
                                        , #{refDate,jdbcType=VARCHAR}
                                        , #{msgid,jdbcType=VARCHAR}
                                        , #{mediaId,jdbcType=VARCHAR}
                                        , #{title,jdbcType=VARCHAR}
                                        , #{statDate,jdbcType=VARCHAR}
                                        , #{targetUser,jdbcType=BIGINT}
                                        , #{intPageReadUser,jdbcType=BIGINT}
                                        , #{intPageReadCount,jdbcType=BIGINT}
                                        , #{oriPageReadUser,jdbcType=BIGINT}
                                        , #{oriPageReadCount,jdbcType=BIGINT}
                                        , #{shareUser,jdbcType=BIGINT}
                                        , #{shareCount,jdbcType=BIGINT}
                                        , #{addToFavUser,jdbcType=BIGINT}
                                        , #{addToFavCount,jdbcType=BIGINT}
                                        , #{intPageFromSessionReadUser,jdbcType=BIGINT}
                                        , #{intPageFromSessionReadCount,jdbcType=BIGINT}
                                        , #{intPageFromHistMsgReadUser,jdbcType=BIGINT}
                                        , #{intPageFromHistMsgReadCount,jdbcType=BIGINT}
                                        , #{intPageFromFeedReadUser,jdbcType=BIGINT}
                                        , #{intPageFromFeedReadCount,jdbcType=BIGINT}
                                        , #{intPageFromFriendsReadUser,jdbcType=BIGINT}
                                        , #{intPageFromFriendsReadCount,jdbcType=BIGINT}
                                        , #{intPageFromOtherReadUser,jdbcType=BIGINT}
                                        , #{intPageFromOtherReadCount,jdbcType=BIGINT}
                                        , #{feedShareFromSessionUser,jdbcType=BIGINT}
                                        , #{feedShareFromSessionCnt,jdbcType=BIGINT}
                                        , #{feedShareFromFeedUser,jdbcType=BIGINT}
                                        , #{feedShareFromFeedCnt,jdbcType=BIGINT}
                                        , #{feedShareFromOtherUser,jdbcType=BIGINT}
                                        , #{feedShareFromOtherCnt,jdbcType=BIGINT}
                                        , #{updateTime,jdbcType=TIMESTAMP}
                     
        )
    </insert>

<insert id="insertBatch" parameterType="java.util.List">
    INSERT INTO o2o_wx_article_total
        (
                                                                                         `merchant_id`
                                                                                    , `ref_date`
                                                                                    , `msgid`
                                                                                    , `media_id`
                                                                                    , `title`
                                                                                    , `stat_date`
                                                                                    , `target_user`
                                                                                    , `int_page_read_user`
                                                                                    , `int_page_read_count`
                                                                                    , `ori_page_read_user`
                                                                                    , `ori_page_read_count`
                                                                                    , `share_user`
                                                                                    , `share_count`
                                                                                    , `add_to_fav_user`
                                                                                    , `add_to_fav_count`
                                                                                    , `int_page_from_session_read_user`
                                                                                    , `int_page_from_session_read_count`
                                                                                    , `int_page_from_hist_msg_read_user`
                                                                                    , `int_page_from_hist_msg_read_count`
                                                                                    , `int_page_from_feed_read_user`
                                                                                    , `int_page_from_feed_read_count`
                                                                                    , `int_page_from_friends_read_user`
                                                                                    , `int_page_from_friends_read_count`
                                                                                    , `int_page_from_other_read_user`
                                                                                    , `int_page_from_other_read_count`
                                                                                    , `feed_share_from_session_user`
                                                                                    , `feed_share_from_session_cnt`
                                                                                    , `feed_share_from_feed_user`
                                                                                    , `feed_share_from_feed_cnt`
                                                                                    , `feed_share_from_other_user`
                                                                                    , `feed_share_from_other_cnt`
                                                                                    , `update_time`
                                                        )
    VALUES 
        <foreach collection="records" index="index" item="record" separator=",">
            (
                                                                                                                 record.#{merchantId,jdbcType=BIGINT}
                                                                                                        , record.#{refDate,jdbcType=VARCHAR}
                                                                                                        , record.#{msgid,jdbcType=VARCHAR}
                                                                                                        , record.#{mediaId,jdbcType=VARCHAR}
                                                                                                        , record.#{title,jdbcType=VARCHAR}
                                                                                                        , record.#{statDate,jdbcType=VARCHAR}
                                                                                                        , record.#{targetUser,jdbcType=BIGINT}
                                                                                                        , record.#{intPageReadUser,jdbcType=BIGINT}
                                                                                                        , record.#{intPageReadCount,jdbcType=BIGINT}
                                                                                                        , record.#{oriPageReadUser,jdbcType=BIGINT}
                                                                                                        , record.#{oriPageReadCount,jdbcType=BIGINT}
                                                                                                        , record.#{shareUser,jdbcType=BIGINT}
                                                                                                        , record.#{shareCount,jdbcType=BIGINT}
                                                                                                        , record.#{addToFavUser,jdbcType=BIGINT}
                                                                                                        , record.#{addToFavCount,jdbcType=BIGINT}
                                                                                                        , record.#{intPageFromSessionReadUser,jdbcType=BIGINT}
                                                                                                        , record.#{intPageFromSessionReadCount,jdbcType=BIGINT}
                                                                                                        , record.#{intPageFromHistMsgReadUser,jdbcType=BIGINT}
                                                                                                        , record.#{intPageFromHistMsgReadCount,jdbcType=BIGINT}
                                                                                                        , record.#{intPageFromFeedReadUser,jdbcType=BIGINT}
                                                                                                        , record.#{intPageFromFeedReadCount,jdbcType=BIGINT}
                                                                                                        , record.#{intPageFromFriendsReadUser,jdbcType=BIGINT}
                                                                                                        , record.#{intPageFromFriendsReadCount,jdbcType=BIGINT}
                                                                                                        , record.#{intPageFromOtherReadUser,jdbcType=BIGINT}
                                                                                                        , record.#{intPageFromOtherReadCount,jdbcType=BIGINT}
                                                                                                        , record.#{feedShareFromSessionUser,jdbcType=BIGINT}
                                                                                                        , record.#{feedShareFromSessionCnt,jdbcType=BIGINT}
                                                                                                        , record.#{feedShareFromFeedUser,jdbcType=BIGINT}
                                                                                                        , record.#{feedShareFromFeedCnt,jdbcType=BIGINT}
                                                                                                        , record.#{feedShareFromOtherUser,jdbcType=BIGINT}
                                                                                                        , record.#{feedShareFromOtherCnt,jdbcType=BIGINT}
                                                                                                        , record.#{updateTime,jdbcType=TIMESTAMP}
                                                                        )
        </foreach> 
</insert>

    <update id="update" parameterType="com.weimob.o2oreport.mgr.domain.O2oWxArticleTotal">
    UPDATE o2o_wx_article_total
    SET 
                                                 merchant_id=#{merchantId,jdbcType=BIGINT}
                                     , ref_date=#{refDate,jdbcType=VARCHAR}
                                     , msgid=#{msgid,jdbcType=VARCHAR}
                                     , media_id=#{mediaId,jdbcType=VARCHAR}
                                     , title=#{title,jdbcType=VARCHAR}
                                     , stat_date=#{statDate,jdbcType=VARCHAR}
                                     , target_user=#{targetUser,jdbcType=BIGINT}
                                     , int_page_read_user=#{intPageReadUser,jdbcType=BIGINT}
                                     , int_page_read_count=#{intPageReadCount,jdbcType=BIGINT}
                                     , ori_page_read_user=#{oriPageReadUser,jdbcType=BIGINT}
                                     , ori_page_read_count=#{oriPageReadCount,jdbcType=BIGINT}
                                     , share_user=#{shareUser,jdbcType=BIGINT}
                                     , share_count=#{shareCount,jdbcType=BIGINT}
                                     , add_to_fav_user=#{addToFavUser,jdbcType=BIGINT}
                                     , add_to_fav_count=#{addToFavCount,jdbcType=BIGINT}
                                     , int_page_from_session_read_user=#{intPageFromSessionReadUser,jdbcType=BIGINT}
                                     , int_page_from_session_read_count=#{intPageFromSessionReadCount,jdbcType=BIGINT}
                                     , int_page_from_hist_msg_read_user=#{intPageFromHistMsgReadUser,jdbcType=BIGINT}
                                     , int_page_from_hist_msg_read_count=#{intPageFromHistMsgReadCount,jdbcType=BIGINT}
                                     , int_page_from_feed_read_user=#{intPageFromFeedReadUser,jdbcType=BIGINT}
                                     , int_page_from_feed_read_count=#{intPageFromFeedReadCount,jdbcType=BIGINT}
                                     , int_page_from_friends_read_user=#{intPageFromFriendsReadUser,jdbcType=BIGINT}
                                     , int_page_from_friends_read_count=#{intPageFromFriendsReadCount,jdbcType=BIGINT}
                                     , int_page_from_other_read_user=#{intPageFromOtherReadUser,jdbcType=BIGINT}
                                     , int_page_from_other_read_count=#{intPageFromOtherReadCount,jdbcType=BIGINT}
                                     , feed_share_from_session_user=#{feedShareFromSessionUser,jdbcType=BIGINT}
                                     , feed_share_from_session_cnt=#{feedShareFromSessionCnt,jdbcType=BIGINT}
                                     , feed_share_from_feed_user=#{feedShareFromFeedUser,jdbcType=BIGINT}
                                     , feed_share_from_feed_cnt=#{feedShareFromFeedCnt,jdbcType=BIGINT}
                                     , feed_share_from_other_user=#{feedShareFromOtherUser,jdbcType=BIGINT}
                                     , feed_share_from_other_cnt=#{feedShareFromOtherCnt,jdbcType=BIGINT}
                                     , update_time=#{updateTime,jdbcType=TIMESTAMP}
                     WHERE id = #{id,jdbcType=BIGINT}
    </update>

    <update id="updateByPrimaryKeySelective" parameterType="com.weimob.o2oreport.mgr.domain.O2oWxArticleTotal" >
        UPDATE o2o_wx_article_total
        <set>
            set                                                             <if test="merchant_id !=null">
                    merchant_id=#{merchantId,jdbcType=BIGINT}
                </if>
                                                            <if test="ref_date !=null">
                    ref_date=#{refDate,jdbcType=VARCHAR}
                </if>
                                                            <if test="msgid !=null">
                    msgid=#{msgid,jdbcType=VARCHAR}
                </if>
                                                            <if test="media_id !=null">
                    media_id=#{mediaId,jdbcType=VARCHAR}
                </if>
                                                            <if test="title !=null">
                    title=#{title,jdbcType=VARCHAR}
                </if>
                                                            <if test="stat_date !=null">
                    stat_date=#{statDate,jdbcType=VARCHAR}
                </if>
                                                            <if test="target_user !=null">
                    target_user=#{targetUser,jdbcType=BIGINT}
                </if>
                                                            <if test="int_page_read_user !=null">
                    int_page_read_user=#{intPageReadUser,jdbcType=BIGINT}
                </if>
                                                            <if test="int_page_read_count !=null">
                    int_page_read_count=#{intPageReadCount,jdbcType=BIGINT}
                </if>
                                                            <if test="ori_page_read_user !=null">
                    ori_page_read_user=#{oriPageReadUser,jdbcType=BIGINT}
                </if>
                                                            <if test="ori_page_read_count !=null">
                    ori_page_read_count=#{oriPageReadCount,jdbcType=BIGINT}
                </if>
                                                            <if test="share_user !=null">
                    share_user=#{shareUser,jdbcType=BIGINT}
                </if>
                                                            <if test="share_count !=null">
                    share_count=#{shareCount,jdbcType=BIGINT}
                </if>
                                                            <if test="add_to_fav_user !=null">
                    add_to_fav_user=#{addToFavUser,jdbcType=BIGINT}
                </if>
                                                            <if test="add_to_fav_count !=null">
                    add_to_fav_count=#{addToFavCount,jdbcType=BIGINT}
                </if>
                                                            <if test="int_page_from_session_read_user !=null">
                    int_page_from_session_read_user=#{intPageFromSessionReadUser,jdbcType=BIGINT}
                </if>
                                                            <if test="int_page_from_session_read_count !=null">
                    int_page_from_session_read_count=#{intPageFromSessionReadCount,jdbcType=BIGINT}
                </if>
                                                            <if test="int_page_from_hist_msg_read_user !=null">
                    int_page_from_hist_msg_read_user=#{intPageFromHistMsgReadUser,jdbcType=BIGINT}
                </if>
                                                            <if test="int_page_from_hist_msg_read_count !=null">
                    int_page_from_hist_msg_read_count=#{intPageFromHistMsgReadCount,jdbcType=BIGINT}
                </if>
                                                            <if test="int_page_from_feed_read_user !=null">
                    int_page_from_feed_read_user=#{intPageFromFeedReadUser,jdbcType=BIGINT}
                </if>
                                                            <if test="int_page_from_feed_read_count !=null">
                    int_page_from_feed_read_count=#{intPageFromFeedReadCount,jdbcType=BIGINT}
                </if>
                                                            <if test="int_page_from_friends_read_user !=null">
                    int_page_from_friends_read_user=#{intPageFromFriendsReadUser,jdbcType=BIGINT}
                </if>
                                                            <if test="int_page_from_friends_read_count !=null">
                    int_page_from_friends_read_count=#{intPageFromFriendsReadCount,jdbcType=BIGINT}
                </if>
                                                            <if test="int_page_from_other_read_user !=null">
                    int_page_from_other_read_user=#{intPageFromOtherReadUser,jdbcType=BIGINT}
                </if>
                                                            <if test="int_page_from_other_read_count !=null">
                    int_page_from_other_read_count=#{intPageFromOtherReadCount,jdbcType=BIGINT}
                </if>
                                                            <if test="feed_share_from_session_user !=null">
                    feed_share_from_session_user=#{feedShareFromSessionUser,jdbcType=BIGINT}
                </if>
                                                            <if test="feed_share_from_session_cnt !=null">
                    feed_share_from_session_cnt=#{feedShareFromSessionCnt,jdbcType=BIGINT}
                </if>
                                                            <if test="feed_share_from_feed_user !=null">
                    feed_share_from_feed_user=#{feedShareFromFeedUser,jdbcType=BIGINT}
                </if>
                                                            <if test="feed_share_from_feed_cnt !=null">
                    feed_share_from_feed_cnt=#{feedShareFromFeedCnt,jdbcType=BIGINT}
                </if>
                                                            <if test="feed_share_from_other_user !=null">
                    feed_share_from_other_user=#{feedShareFromOtherUser,jdbcType=BIGINT}
                </if>
                                                            <if test="feed_share_from_other_cnt !=null">
                    feed_share_from_other_cnt=#{feedShareFromOtherCnt,jdbcType=BIGINT}
                </if>
                                                            <if test="update_time !=null">
                    update_time=#{updateTime,jdbcType=TIMESTAMP}
                </if>
                                    </set>
        where id = #{id,jdbcType=BIGINT}
    </update>

    <select id="get" resultMap="queryResultMap" parameterType="com.weimob.o2oreport.mgr.domain.O2oWxArticleTotal">
        SELECT t.*
        FROM o2o_wx_article_total t
        WHERE id = #{id,jdbcType=BIGINT}
    </select>
    
    <delete id="del" parameterType="com.weimob.o2oreport.mgr.domain.O2oWxArticleTotal">
        DELETE FROM o2o_wx_article_total
        WHERE id = #{id,jdbcType=BIGINT}
    </delete>

</mapper>