<?xml version="1.0" encoding="UTF-8" ?>
<!DOCTYPE  mapper PUBLIC "-//mybatis.org//DTD Mapper 3.0//EN" "http://mybatis.org/dtd/mybatis-3-mapper.dtd" >
<mapper namespace="com.weimob.o2oreport.mgr.dao.O2oWxArticleUserReadHourDao">
    <resultMap id="queryResultMap" type="com.weimob.o2oreport.mgr.domain.O2oWxArticleUserReadHour">
                <result column="id" property="id" jdbcType="BIGINT" />
                <result column="merchant_id" property="merchantId" jdbcType="BIGINT" />
                <result column="ref_date" property="refDate" jdbcType="VARCHAR" />
                <result column="ref_hour" property="refHour" jdbcType="INTEGER" />
                <result column="user_source" property="userSource" jdbcType="INTEGER" />
                <result column="int_page_read_user" property="intPageReadUser" jdbcType="BIGINT" />
                <result column="int_page_read_count" property="intPageReadCount" jdbcType="BIGINT" />
                <result column="ori_page_read_user" property="oriPageReadUser" jdbcType="BIGINT" />
                <result column="ori_page_read_count" property="oriPageReadCount" jdbcType="BIGINT" />
                <result column="share_user" property="shareUser" jdbcType="BIGINT" />
                <result column="share_count" property="shareCount" jdbcType="BIGINT" />
                <result column="add_to_fav_user" property="addToFavUser" jdbcType="BIGINT" />
                <result column="add_to_fav_count" property="addToFavCount" jdbcType="BIGINT" />
                <result column="update_time" property="updateTime" jdbcType="TIMESTAMP" />
            </resultMap>

    <select id="find" parameterType="org.durcframework.core.expression.ExpressionQuery"
        resultMap="queryResultMap">
        SELECT t.*
        FROM o2o_wx_article_user_read_hour t
        <include refid="expressionBlock.where" />
        <choose>
            <when test="sortname == null">
                ORDER BY t.id desc
            </when>
            <otherwise>
                ORDER BY ${order}
            </otherwise>
        </choose>
        <if test="!isQueryAll">
            LIMIT
            #{start,jdbcType=INTEGER},#{limit,jdbcType=INTEGER}
        </if>
    </select>


    <select id="findTotalCount" parameterType="org.durcframework.core.expression.ExpressionQuery"
        resultType="java.lang.Integer">
        SELECT count(*) FROM o2o_wx_article_user_read_hour t
        <include refid="expressionBlock.where" />
    </select>

    <insert id="save" parameterType="com.weimob.o2oreport.mgr.domain.O2oWxArticleUserReadHour"
    keyProperty="id" keyColumn="id" useGeneratedKeys="true"
    >
    INSERT INTO o2o_wx_article_user_read_hour
         (
                                                  `merchant_id`
                                        , `ref_date`
                                        , `ref_hour`
                                        , `user_source`
                                        , `int_page_read_user`
                                        , `int_page_read_count`
                                        , `ori_page_read_user`
                                        , `ori_page_read_count`
                                        , `share_user`
                                        , `share_count`
                                        , `add_to_fav_user`
                                        , `add_to_fav_count`
                                        , `update_time`
                              )
    VALUES (
                                                  #{merchantId,jdbcType=BIGINT}
                                        , #{refDate,jdbcType=VARCHAR}
                                        , #{refHour,jdbcType=INTEGER}
                                        , #{userSource,jdbcType=INTEGER}
                                        , #{intPageReadUser,jdbcType=BIGINT}
                                        , #{intPageReadCount,jdbcType=BIGINT}
                                        , #{oriPageReadUser,jdbcType=BIGINT}
                                        , #{oriPageReadCount,jdbcType=BIGINT}
                                        , #{shareUser,jdbcType=BIGINT}
                                        , #{shareCount,jdbcType=BIGINT}
                                        , #{addToFavUser,jdbcType=BIGINT}
                                        , #{addToFavCount,jdbcType=BIGINT}
                                        , #{updateTime,jdbcType=TIMESTAMP}
                     
        )
    </insert>

<insert id="insertBatch" parameterType="java.util.List">
    INSERT INTO o2o_wx_article_user_read_hour
        (
                                                                                         `merchant_id`
                                                                                    , `ref_date`
                                                                                    , `ref_hour`
                                                                                    , `user_source`
                                                                                    , `int_page_read_user`
                                                                                    , `int_page_read_count`
                                                                                    , `ori_page_read_user`
                                                                                    , `ori_page_read_count`
                                                                                    , `share_user`
                                                                                    , `share_count`
                                                                                    , `add_to_fav_user`
                                                                                    , `add_to_fav_count`
                                                                                    , `update_time`
                                                        )
    VALUES 
        <foreach collection="records" index="index" item="record" separator=",">
            (
                                                                                                                 record.#{merchantId,jdbcType=BIGINT}
                                                                                                        , record.#{refDate,jdbcType=VARCHAR}
                                                                                                        , record.#{refHour,jdbcType=INTEGER}
                                                                                                        , record.#{userSource,jdbcType=INTEGER}
                                                                                                        , record.#{intPageReadUser,jdbcType=BIGINT}
                                                                                                        , record.#{intPageReadCount,jdbcType=BIGINT}
                                                                                                        , record.#{oriPageReadUser,jdbcType=BIGINT}
                                                                                                        , record.#{oriPageReadCount,jdbcType=BIGINT}
                                                                                                        , record.#{shareUser,jdbcType=BIGINT}
                                                                                                        , record.#{shareCount,jdbcType=BIGINT}
                                                                                                        , record.#{addToFavUser,jdbcType=BIGINT}
                                                                                                        , record.#{addToFavCount,jdbcType=BIGINT}
                                                                                                        , record.#{updateTime,jdbcType=TIMESTAMP}
                                                                        )
        </foreach> 
</insert>

    <update id="update" parameterType="com.weimob.o2oreport.mgr.domain.O2oWxArticleUserReadHour">
    UPDATE o2o_wx_article_user_read_hour
    SET 
                                                 merchant_id=#{merchantId,jdbcType=BIGINT}
                                     , ref_date=#{refDate,jdbcType=VARCHAR}
                                     , ref_hour=#{refHour,jdbcType=INTEGER}
                                     , user_source=#{userSource,jdbcType=INTEGER}
                                     , int_page_read_user=#{intPageReadUser,jdbcType=BIGINT}
                                     , int_page_read_count=#{intPageReadCount,jdbcType=BIGINT}
                                     , ori_page_read_user=#{oriPageReadUser,jdbcType=BIGINT}
                                     , ori_page_read_count=#{oriPageReadCount,jdbcType=BIGINT}
                                     , share_user=#{shareUser,jdbcType=BIGINT}
                                     , share_count=#{shareCount,jdbcType=BIGINT}
                                     , add_to_fav_user=#{addToFavUser,jdbcType=BIGINT}
                                     , add_to_fav_count=#{addToFavCount,jdbcType=BIGINT}
                                     , update_time=#{updateTime,jdbcType=TIMESTAMP}
                     WHERE id = #{id,jdbcType=BIGINT}
    </update>

    <update id="updateByPrimaryKeySelective" parameterType="com.weimob.o2oreport.mgr.domain.O2oWxArticleUserReadHour" >
        UPDATE o2o_wx_article_user_read_hour
        <set>
            set                                                             <if test="merchant_id !=null">
                    merchant_id=#{merchantId,jdbcType=BIGINT}
                </if>
                                                            <if test="ref_date !=null">
                    ref_date=#{refDate,jdbcType=VARCHAR}
                </if>
                                                            <if test="ref_hour !=null">
                    ref_hour=#{refHour,jdbcType=INTEGER}
                </if>
                                                            <if test="user_source !=null">
                    user_source=#{userSource,jdbcType=INTEGER}
                </if>
                                                            <if test="int_page_read_user !=null">
                    int_page_read_user=#{intPageReadUser,jdbcType=BIGINT}
                </if>
                                                            <if test="int_page_read_count !=null">
                    int_page_read_count=#{intPageReadCount,jdbcType=BIGINT}
                </if>
                                                            <if test="ori_page_read_user !=null">
                    ori_page_read_user=#{oriPageReadUser,jdbcType=BIGINT}
                </if>
                                                            <if test="ori_page_read_count !=null">
                    ori_page_read_count=#{oriPageReadCount,jdbcType=BIGINT}
                </if>
                                                            <if test="share_user !=null">
                    share_user=#{shareUser,jdbcType=BIGINT}
                </if>
                                                            <if test="share_count !=null">
                    share_count=#{shareCount,jdbcType=BIGINT}
                </if>
                                                            <if test="add_to_fav_user !=null">
                    add_to_fav_user=#{addToFavUser,jdbcType=BIGINT}
                </if>
                                                            <if test="add_to_fav_count !=null">
                    add_to_fav_count=#{addToFavCount,jdbcType=BIGINT}
                </if>
                                                            <if test="update_time !=null">
                    update_time=#{updateTime,jdbcType=TIMESTAMP}
                </if>
                                    </set>
        where id = #{id,jdbcType=BIGINT}
    </update>

    <select id="get" resultMap="queryResultMap" parameterType="com.weimob.o2oreport.mgr.domain.O2oWxArticleUserReadHour">
        SELECT t.*
        FROM o2o_wx_article_user_read_hour t
        WHERE id = #{id,jdbcType=BIGINT}
    </select>
    
    <delete id="del" parameterType="com.weimob.o2oreport.mgr.domain.O2oWxArticleUserReadHour">
        DELETE FROM o2o_wx_article_user_read_hour
        WHERE id = #{id,jdbcType=BIGINT}
    </delete>

</mapper>