<?xml version="1.0" encoding="UTF-8" ?>
<!DOCTYPE  mapper PUBLIC "-//mybatis.org//DTD Mapper 3.0//EN" "http://mybatis.org/dtd/mybatis-3-mapper.dtd" >
<mapper namespace="com.weimob.o2o.mgr.application.dao.O2oApplicationDao">
    <resultMap id="queryResultMap" type="com.weimob.o2o.mgr.application.domain.O2oApplication">
                <result column="id" property="id" jdbcType="BIGINT" />
                <result column="type" property="type" jdbcType="INTEGER" />
                <result column="name" property="name" jdbcType="VARCHAR" />
                <result column="description" property="description" jdbcType="VARCHAR" />
                <result column="logo_url" property="logoUrl" jdbcType="VARCHAR" />
                <result column="link" property="link" jdbcType="VARCHAR" />
                <result column="update_time" property="updateTime" jdbcType="TIMESTAMP" />
                <result column="create_time" property="createTime" jdbcType="TIMESTAMP" />
            </resultMap>

    <select id="find" parameterType="org.durcframework.core.expression.ExpressionQuery"
        resultMap="queryResultMap">
        SELECT t.*
        FROM o2o_application t
        <include refid="expressionBlock.where" />
        <choose>
            <when test="sortname == null">
                ORDER BY t.id desc
            </when>
            <otherwise>
                ORDER BY ${order}
            </otherwise>
        </choose>
        <if test="!isQueryAll">
            LIMIT
            #{start,jdbcType=INTEGER},#{limit,jdbcType=INTEGER}
        </if>
    </select>


    <select id="findTotalCount" parameterType="org.durcframework.core.expression.ExpressionQuery"
        resultType="java.lang.Integer">
        SELECT count(*) FROM o2o_application t
        <include refid="expressionBlock.where" />
    </select>

    <insert id="save" parameterType="com.weimob.o2o.mgr.application.domain.O2oApplication"
    keyProperty="id" keyColumn="id" useGeneratedKeys="true"
    >
    INSERT INTO o2o_application
         (
                                                  `type`
                                        , `name`
                                        , `description`
                                        , `logo_url`
                                        , `link`
                                        , `update_time`
                                        , `create_time`
                              )
    VALUES (
                                                  #{type,jdbcType=INTEGER}
                                        , #{name,jdbcType=VARCHAR}
                                        , #{description,jdbcType=VARCHAR}
                                        , #{logoUrl,jdbcType=VARCHAR}
                                        , #{link,jdbcType=VARCHAR}
                                        , #{updateTime,jdbcType=TIMESTAMP}
                                        , #{createTime,jdbcType=TIMESTAMP}
                     
        )
    </insert>

<insert id="insertBatch" parameterType="java.util.List">
    INSERT INTO o2o_application
        (
                                                                                         `type`
                                                                                    , `name`
                                                                                    , `description`
                                                                                    , `logo_url`
                                                                                    , `link`
                                                                                    , `update_time`
                                                                                    , `create_time`
                                                        )
    VALUES 
        <foreach collection="records" index="index" item="record" separator=",">
            (
                                                                                                                 #{record.type,jdbcType=INTEGER}
                                                                                                        , #{record.name,jdbcType=VARCHAR}
                                                                                                        , #{record.description,jdbcType=VARCHAR}
                                                                                                        , #{record.logoUrl,jdbcType=VARCHAR}
                                                                                                        , #{record.link,jdbcType=VARCHAR}
                                                                                                        , #{record.updateTime,jdbcType=TIMESTAMP}
                                                                                                        , #{record.createTime,jdbcType=TIMESTAMP}
                                                                        )
        </foreach> 
</insert>

    <update id="update" parameterType="com.weimob.o2o.mgr.application.domain.O2oApplication">
    UPDATE o2o_application
    SET 
                                                 type=#{type,jdbcType=INTEGER}
                                     , name=#{name,jdbcType=VARCHAR}
                                     , description=#{description,jdbcType=VARCHAR}
                                     , logo_url=#{logoUrl,jdbcType=VARCHAR}
                                     , link=#{link,jdbcType=VARCHAR}
                                     , update_time=#{updateTime,jdbcType=TIMESTAMP}
                                     , create_time=#{createTime,jdbcType=TIMESTAMP}
                     WHERE id = #{id,jdbcType=BIGINT}
    </update>

    <update id="updateByPrimaryKeySelective" parameterType="com.weimob.o2o.mgr.application.domain.O2oApplication" >
        UPDATE o2o_application
        <set>
            set                                                             <if test="type !=null">
                    type=#{type,jdbcType=INTEGER}
                </if>
                                                            <if test="name !=null">
                    name=#{name,jdbcType=VARCHAR}
                </if>
                                                            <if test="description !=null">
                    description=#{description,jdbcType=VARCHAR}
                </if>
                                                            <if test="logo_url !=null">
                    logo_url=#{logoUrl,jdbcType=VARCHAR}
                </if>
                                                            <if test="link !=null">
                    link=#{link,jdbcType=VARCHAR}
                </if>
                                                            <if test="update_time !=null">
                    update_time=#{updateTime,jdbcType=TIMESTAMP}
                </if>
                                                            <if test="create_time !=null">
                    create_time=#{createTime,jdbcType=TIMESTAMP}
                </if>
                                    </set>
        where id = #{id,jdbcType=BIGINT}
    </update>

    <select id="get" resultMap="queryResultMap" parameterType="com.weimob.o2o.mgr.application.domain.O2oApplication">
        SELECT t.*
        FROM o2o_application t
        WHERE id = #{id,jdbcType=BIGINT}
    </select>
    
    <delete id="del" parameterType="com.weimob.o2o.mgr.application.domain.O2oApplication">
        DELETE FROM o2o_application
        WHERE id = #{id,jdbcType=BIGINT}
    </delete>

</mapper>