<?xml version="1.0" encoding="UTF-8" ?>
<!DOCTYPE  mapper PUBLIC "-//mybatis.org//DTD Mapper 3.0//EN" "http://mybatis.org/dtd/mybatis-3-mapper.dtd" >
<mapper namespace="com.ayuan.blog.dao.WxMessageDao">
    <resultMap id="queryResultMap" type="com.ayuan.blog.domain.WxMessage">
                <result column="id" property="id" jdbcType="BIGINT" />
                <result column="user_id" property="userId" jdbcType="BIGINT" />
                <result column="open_id" property="openId" jdbcType="VARCHAR" />
                <result column="msg_type" property="msgType" jdbcType="VARCHAR" />
                <result column="content" property="content" jdbcType="VARCHAR" />
                <result column="msg_id" property="msgId" jdbcType="VARCHAR" />
                <result column="create_time" property="createTime" jdbcType="TIMESTAMP" />
            </resultMap>

    <select id="find" parameterType="org.durcframework.core.expression.ExpressionQuery"
        resultMap="queryResultMap">
        SELECT t.*
        FROM wx_message t
        <include refid="expressionBlock.where" />
        <choose>
            <when test="sortname == null">
                ORDER BY t.id desc
            </when>
            <otherwise>
                ORDER BY ${order}
            </otherwise>
        </choose>
        <if test="!isQueryAll">
            LIMIT
            #{start,jdbcType=INTEGER},#{limit,jdbcType=INTEGER}
        </if>
    </select>


    <select id="findTotalCount" parameterType="org.durcframework.core.expression.ExpressionQuery"
        resultType="java.lang.Integer">
        SELECT count(*) FROM wx_message t
        <include refid="expressionBlock.where" />
    </select>

    <insert id="save" parameterType="com.ayuan.blog.domain.WxMessage"
    keyProperty="id" keyColumn="id" useGeneratedKeys="true"
    >
    INSERT INTO wx_message
         (
                                                  `user_id`
                                        , `open_id`
                                        , `msg_type`
                                        , `content`
                                        , `msg_id`
                                        , `create_time`
                              )
    VALUES (
                                                  #{userId,jdbcType=BIGINT}
                                        , #{openId,jdbcType=VARCHAR}
                                        , #{msgType,jdbcType=VARCHAR}
                                        , #{content,jdbcType=VARCHAR}
                                        , #{msgId,jdbcType=VARCHAR}
                                        , #{createTime,jdbcType=TIMESTAMP}
                     
        )
    </insert>

<insert id="insertBatch" parameterType="java.util.List">
    INSERT INTO wx_message
        (
                                                                                         `user_id`
                                                                                    , `open_id`
                                                                                    , `msg_type`
                                                                                    , `content`
                                                                                    , `msg_id`
                                                                                    , `create_time`
                                                        )
    VALUES 
        <foreach collection="records" index="index" item="record" separator=",">
            (
                                                                                                                 record.#{userId,jdbcType=BIGINT}
                                                                                                        , record.#{openId,jdbcType=VARCHAR}
                                                                                                        , record.#{msgType,jdbcType=VARCHAR}
                                                                                                        , record.#{content,jdbcType=VARCHAR}
                                                                                                        , record.#{msgId,jdbcType=VARCHAR}
                                                                                                        , record.#{createTime,jdbcType=TIMESTAMP}
                                                                        )
        </foreach> 
</insert>

    <update id="update" parameterType="com.ayuan.blog.domain.WxMessage">
    UPDATE wx_message
    SET 
                                                 user_id=#{userId,jdbcType=BIGINT}
                                     , open_id=#{openId,jdbcType=VARCHAR}
                                     , msg_type=#{msgType,jdbcType=VARCHAR}
                                     , content=#{content,jdbcType=VARCHAR}
                                     , msg_id=#{msgId,jdbcType=VARCHAR}
                                     , create_time=#{createTime,jdbcType=TIMESTAMP}
                     WHERE id = #{id,jdbcType=BIGINT}
    </update>

    <update id="updateByPrimaryKeySelective" parameterType="com.ayuan.blog.domain.WxMessage" >
        UPDATE wx_message
        <set>
            set                                                             <if test="user_id !=null">
                    user_id=#{userId,jdbcType=BIGINT}
                </if>
                                                            <if test="open_id !=null">
                    open_id=#{openId,jdbcType=VARCHAR}
                </if>
                                                            <if test="msg_type !=null">
                    msg_type=#{msgType,jdbcType=VARCHAR}
                </if>
                                                            <if test="content !=null">
                    content=#{content,jdbcType=VARCHAR}
                </if>
                                                            <if test="msg_id !=null">
                    msg_id=#{msgId,jdbcType=VARCHAR}
                </if>
                                                            <if test="create_time !=null">
                    create_time=#{createTime,jdbcType=TIMESTAMP}
                </if>
                                    </set>
        where id = #{id,jdbcType=BIGINT}
    </update>

    <select id="get" resultMap="queryResultMap" parameterType="com.ayuan.blog.domain.WxMessage">
        SELECT t.*
        FROM wx_message t
        WHERE id = #{id,jdbcType=BIGINT}
    </select>
    
    <delete id="del" parameterType="com.ayuan.blog.domain.WxMessage">
        DELETE FROM wx_message
        WHERE id = #{id,jdbcType=BIGINT}
    </delete>

</mapper>