<?xml version="1.0" encoding="UTF-8" ?>
<!DOCTYPE  mapper PUBLIC "-//mybatis.org//DTD Mapper 3.0//EN" "http://mybatis.org/dtd/mybatis-3-mapper.dtd" >
<mapper namespace="com.ayuan.blog.dao.FocusDao">
    <resultMap id="queryResultMap" type="com.ayuan.blog.domain.Focus">
                <result column="id" property="id" jdbcType="BIGINT" />
                <result column="user_id" property="userId" jdbcType="BIGINT" />
                <result column="focused_user_id" property="focusedUserId" jdbcType="BIGINT" />
                <result column="update_time" property="updateTime" jdbcType="TIMESTAMP" />
                <result column="create_time" property="createTime" jdbcType="TIMESTAMP" />
            </resultMap>

    <select id="find" parameterType="org.durcframework.core.expression.ExpressionQuery"
        resultMap="queryResultMap">
        SELECT t.*
        FROM focus t
        <include refid="expressionBlock.where" />
        <choose>
            <when test="sortname == null">
                ORDER BY t.id desc
            </when>
            <otherwise>
                ORDER BY ${order}
            </otherwise>
        </choose>
        <if test="!isQueryAll">
            LIMIT
            #{start,jdbcType=INTEGER},#{limit,jdbcType=INTEGER}
        </if>
    </select>


    <select id="findTotalCount" parameterType="org.durcframework.core.expression.ExpressionQuery"
        resultType="java.lang.Integer">
        SELECT count(*) FROM focus t
        <include refid="expressionBlock.where" />
    </select>

    <insert id="save" parameterType="com.ayuan.blog.domain.Focus"
    keyProperty="id" keyColumn="id" useGeneratedKeys="true"
    >
    INSERT INTO focus
         (
                                                  `user_id`
                                        , `focused_user_id`
                                        , `update_time`
                                        , `create_time`
                              )
    VALUES (
                                                  #{userId,jdbcType=BIGINT}
                                        , #{focusedUserId,jdbcType=BIGINT}
                                        , #{updateTime,jdbcType=TIMESTAMP}
                                        , #{createTime,jdbcType=TIMESTAMP}
                     
        )
    </insert>

<insert id="insertBatch" parameterType="java.util.List">
    INSERT INTO focus
        (
                                                                                         `user_id`
                                                                                    , `focused_user_id`
                                                                                    , `update_time`
                                                                                    , `create_time`
                                                        )
    VALUES 
        <foreach collection="records" index="index" item="record" separator=",">
            (
                                                                                                                 record.#{userId,jdbcType=BIGINT}
                                                                                                        , record.#{focusedUserId,jdbcType=BIGINT}
                                                                                                        , record.#{updateTime,jdbcType=TIMESTAMP}
                                                                                                        , record.#{createTime,jdbcType=TIMESTAMP}
                                                                        )
        </foreach> 
</insert>

    <update id="update" parameterType="com.ayuan.blog.domain.Focus">
    UPDATE focus
    SET 
                                                 user_id=#{userId,jdbcType=BIGINT}
                                     , focused_user_id=#{focusedUserId,jdbcType=BIGINT}
                                     , update_time=#{updateTime,jdbcType=TIMESTAMP}
                                     , create_time=#{createTime,jdbcType=TIMESTAMP}
                     WHERE id = #{id,jdbcType=BIGINT}
    </update>

    <update id="updateByPrimaryKeySelective" parameterType="com.ayuan.blog.domain.Focus" >
        UPDATE focus
        <set>
            set                                                             <if test="user_id !=null">
                    user_id=#{userId,jdbcType=BIGINT}
                </if>
                                                            <if test="focused_user_id !=null">
                    focused_user_id=#{focusedUserId,jdbcType=BIGINT}
                </if>
                                                            <if test="update_time !=null">
                    update_time=#{updateTime,jdbcType=TIMESTAMP}
                </if>
                                                            <if test="create_time !=null">
                    create_time=#{createTime,jdbcType=TIMESTAMP}
                </if>
                                    </set>
        where id = #{id,jdbcType=BIGINT}
    </update>

    <select id="get" resultMap="queryResultMap" parameterType="com.ayuan.blog.domain.Focus">
        SELECT t.*
        FROM focus t
        WHERE id = #{id,jdbcType=BIGINT}
    </select>
    
    <delete id="del" parameterType="com.ayuan.blog.domain.Focus">
        DELETE FROM focus
        WHERE id = #{id,jdbcType=BIGINT}
    </delete>

</mapper>