<?xml version="1.0" encoding="UTF-8" ?>
<!DOCTYPE  mapper PUBLIC "-//mybatis.org//DTD Mapper 3.0//EN" "http://mybatis.org/dtd/mybatis-3-mapper.dtd" >
<mapper namespace="com.weimob.o2o.mgr.application.dao.O2oApplicationConfigDao">
    <resultMap id="queryResultMap" type="com.weimob.o2o.mgr.application.domain.O2oApplicationConfig">
                <result column="id" property="id" jdbcType="BIGINT" />
                <result column="merchant_id" property="merchantId" jdbcType="BIGINT" />
                <result column="application_id" property="applicationId" jdbcType="BIGINT" />
                <result column="type" property="type" jdbcType="INTEGER" />
                <result column="status" property="status" jdbcType="TINYINT" />
                <result column="update_time" property="updateTime" jdbcType="TIMESTAMP" />
                <result column="create_time" property="createTime" jdbcType="TIMESTAMP" />
            </resultMap>

    <select id="find" parameterType="org.durcframework.core.expression.ExpressionQuery"
        resultMap="queryResultMap">
        SELECT t.*
        FROM o2o_application_config t
        <include refid="expressionBlock.where" />
        <choose>
            <when test="sortname == null">
                ORDER BY t.id desc
            </when>
            <otherwise>
                ORDER BY ${order}
            </otherwise>
        </choose>
        <if test="!isQueryAll">
            LIMIT
            #{start,jdbcType=INTEGER},#{limit,jdbcType=INTEGER}
        </if>
    </select>


    <select id="findTotalCount" parameterType="org.durcframework.core.expression.ExpressionQuery"
        resultType="java.lang.Integer">
        SELECT count(*) FROM o2o_application_config t
        <include refid="expressionBlock.where" />
    </select>

    <insert id="save" parameterType="com.weimob.o2o.mgr.application.domain.O2oApplicationConfig"
    keyProperty="id" keyColumn="id" useGeneratedKeys="true"
    >
    INSERT INTO o2o_application_config
         (
                                                  `merchant_id`
                                        , `application_id`
                                        , `type`
                                        , `status`
                                        , `update_time`
                                        , `create_time`
                              )
    VALUES (
                                                  #{merchantId,jdbcType=BIGINT}
                                        , #{applicationId,jdbcType=BIGINT}
                                        , #{type,jdbcType=INTEGER}
                                        , #{status,jdbcType=TINYINT}
                                        , #{updateTime,jdbcType=TIMESTAMP}
                                        , #{createTime,jdbcType=TIMESTAMP}
                     
        )
    </insert>

<insert id="insertBatch" parameterType="java.util.List">
    INSERT INTO o2o_application_config
        (
                                                                                         `merchant_id`
                                                                                    , `application_id`
                                                                                    , `type`
                                                                                    , `status`
                                                                                    , `update_time`
                                                                                    , `create_time`
                                                        )
    VALUES 
        <foreach collection="records" index="index" item="record" separator=",">
            (
                                                                                                                 #{record.merchantId,jdbcType=BIGINT}
                                                                                                        , #{record.applicationId,jdbcType=BIGINT}
                                                                                                        , #{record.type,jdbcType=INTEGER}
                                                                                                        , #{record.status,jdbcType=TINYINT}
                                                                                                        , #{record.updateTime,jdbcType=TIMESTAMP}
                                                                                                        , #{record.createTime,jdbcType=TIMESTAMP}
                                                                        )
        </foreach> 
</insert>

    <update id="update" parameterType="com.weimob.o2o.mgr.application.domain.O2oApplicationConfig">
    UPDATE o2o_application_config
    SET 
                                                 merchant_id=#{merchantId,jdbcType=BIGINT}
                                     , application_id=#{applicationId,jdbcType=BIGINT}
                                     , type=#{type,jdbcType=INTEGER}
                                     , status=#{status,jdbcType=TINYINT}
                                     , update_time=#{updateTime,jdbcType=TIMESTAMP}
                                     , create_time=#{createTime,jdbcType=TIMESTAMP}
                     WHERE id = #{id,jdbcType=BIGINT}
    </update>

    <update id="updateByPrimaryKeySelective" parameterType="com.weimob.o2o.mgr.application.domain.O2oApplicationConfig" >
        UPDATE o2o_application_config
        <set>
            set                                                             <if test="merchant_id !=null">
                    merchant_id=#{merchantId,jdbcType=BIGINT}
                </if>
                                                            <if test="application_id !=null">
                    application_id=#{applicationId,jdbcType=BIGINT}
                </if>
                                                            <if test="type !=null">
                    type=#{type,jdbcType=INTEGER}
                </if>
                                                            <if test="status !=null">
                    status=#{status,jdbcType=TINYINT}
                </if>
                                                            <if test="update_time !=null">
                    update_time=#{updateTime,jdbcType=TIMESTAMP}
                </if>
                                                            <if test="create_time !=null">
                    create_time=#{createTime,jdbcType=TIMESTAMP}
                </if>
                                    </set>
        where id = #{id,jdbcType=BIGINT}
    </update>

    <select id="get" resultMap="queryResultMap" parameterType="com.weimob.o2o.mgr.application.domain.O2oApplicationConfig">
        SELECT t.*
        FROM o2o_application_config t
        WHERE id = #{id,jdbcType=BIGINT}
    </select>
    
    <delete id="del" parameterType="com.weimob.o2o.mgr.application.domain.O2oApplicationConfig">
        DELETE FROM o2o_application_config
        WHERE id = #{id,jdbcType=BIGINT}
    </delete>

</mapper>