<?xml version="1.0" encoding="UTF-8" ?>
<!DOCTYPE  mapper PUBLIC "-//mybatis.org//DTD Mapper 3.0//EN" "http://mybatis.org/dtd/mybatis-3-mapper.dtd" >
<mapper namespace="com.pnote.mgr.note.dao.NoteDirectoryDao">
    <resultMap id="queryResultMap" type="com.pnote.mgr.note.domain.NoteDirectory">
                <result column="directory_id" property="directoryId" jdbcType="BIGINT" />
                <result column="name" property="name" jdbcType="VARCHAR" />
                <result column="level" property="level" jdbcType="INTEGER" />
                <result column="order" property="order" jdbcType="INTEGER" />
                <result column="book_id" property="bookId" jdbcType="BIGINT" />
                <result column="parent_id" property="parentId" jdbcType="BIGINT" />
                <result column="delete_flag" property="deleteFlag" jdbcType="INTEGER" />
                <result column="creator_id" property="creatorId" jdbcType="BIGINT" />
                <result column="create_time" property="createTime" jdbcType="TIMESTAMP" />
                <result column="update_time" property="updateTime" jdbcType="TIMESTAMP" />
            </resultMap>

    <select id="find" parameterType="org.durcframework.core.expression.ExpressionQuery"
        resultMap="queryResultMap">
        SELECT t.*
        FROM note_directory t
        <include refid="expressionBlock.where" />
        <choose>
            <when test="sortname == null">
                ORDER BY t.directory_id desc
            </when>
            <otherwise>
                ORDER BY ${order}
            </otherwise>
        </choose>
        <if test="!isQueryAll">
            LIMIT
            #{start,jdbcType=INTEGER},#{limit,jdbcType=INTEGER}
        </if>
    </select>


    <select id="findTotalCount" parameterType="org.durcframework.core.expression.ExpressionQuery"
        resultType="java.lang.Integer">
        SELECT count(*) FROM note_directory t
        <include refid="expressionBlock.where" />
    </select>

    <insert id="save" parameterType="com.pnote.mgr.note.domain.NoteDirectory"
    keyProperty="directoryId" keyColumn="directory_id" useGeneratedKeys="true"
    >
    INSERT INTO note_directory
         (
                                                  `name`
                                        , `level`
                                        , `order`
                                        , `book_id`
                                        , `parent_id`
                                        , `delete_flag`
                                        , `creator_id`
                                        , `create_time`
                                        , `update_time`
                              )
    VALUES (
                                                  #{name,jdbcType=VARCHAR}
                                        , #{level,jdbcType=INTEGER}
                                        , #{order,jdbcType=INTEGER}
                                        , #{bookId,jdbcType=BIGINT}
                                        , #{parentId,jdbcType=BIGINT}
                                        , #{deleteFlag,jdbcType=INTEGER}
                                        , #{creatorId,jdbcType=BIGINT}
                                        , #{createTime,jdbcType=TIMESTAMP}
                                        , #{updateTime,jdbcType=TIMESTAMP}
                     
        )
    </insert>


    <update id="update" parameterType="com.pnote.mgr.note.domain.NoteDirectory">
    UPDATE note_directory
    SET 
                                                 name=#{name,jdbcType=VARCHAR}
                                     , level=#{level,jdbcType=INTEGER}
                                     , order=#{order,jdbcType=INTEGER}
                                     , book_id=#{bookId,jdbcType=BIGINT}
                                     , parent_id=#{parentId,jdbcType=BIGINT}
                                     , delete_flag=#{deleteFlag,jdbcType=INTEGER}
                                     , creator_id=#{creatorId,jdbcType=BIGINT}
                                     , create_time=#{createTime,jdbcType=TIMESTAMP}
                                     , update_time=#{updateTime,jdbcType=TIMESTAMP}
                     WHERE directory_id = #{directoryId,jdbcType=BIGINT}
    </update>

    <update id="updateByPrimaryKeySelective" parameterType="com.pnote.mgr.note.domain.NoteDirectory" >
        UPDATE note_directory
        <set>
            set                                                             <if test="name !=null">
                    name=#{name,jdbcType=VARCHAR}
                </if>
                                                            <if test="level !=null">
                    level=#{level,jdbcType=INTEGER}
                </if>
                                                            <if test="order !=null">
                    order=#{order,jdbcType=INTEGER}
                </if>
                                                            <if test="book_id !=null">
                    book_id=#{bookId,jdbcType=BIGINT}
                </if>
                                                            <if test="parent_id !=null">
                    parent_id=#{parentId,jdbcType=BIGINT}
                </if>
                                                            <if test="delete_flag !=null">
                    delete_flag=#{deleteFlag,jdbcType=INTEGER}
                </if>
                                                            <if test="creator_id !=null">
                    creator_id=#{creatorId,jdbcType=BIGINT}
                </if>
                                                            <if test="create_time !=null">
                    create_time=#{createTime,jdbcType=TIMESTAMP}
                </if>
                                                            <if test="update_time !=null">
                    update_time=#{updateTime,jdbcType=TIMESTAMP}
                </if>
                                    </set>
        where directory_id = #{directoryId,jdbcType=BIGINT}
    </update>

    <select id="get" resultMap="queryResultMap" parameterType="com.pnote.mgr.note.domain.NoteDirectory">
        SELECT t.*
        FROM note_directory t
        WHERE directory_id = #{directoryId,jdbcType=BIGINT}
    </select>
    
    <delete id="del" parameterType="com.pnote.mgr.note.domain.NoteDirectory">
        DELETE FROM note_directory
        WHERE directory_id = #{directoryId,jdbcType=BIGINT}
    </delete>

</mapper>