<?xml version="1.0" encoding="UTF-8" ?>
<!DOCTYPE  mapper PUBLIC "-//mybatis.org//DTD Mapper 3.0//EN" "http://mybatis.org/dtd/mybatis-3-mapper.dtd" >
<mapper namespace="com.weimob.o2o.activity.mgr.dao.MarketDiscountRuleDao">
    <resultMap id="queryResultMap" type="com.weimob.o2o.activity.mgr.domain.MarketDiscountRule">
                <result column="id" property="id" jdbcType="BIGINT" />
                <result column="merchant_id" property="merchantId" jdbcType="BIGINT" />
                <result column="activity_id" property="activityId" jdbcType="BIGINT" />
                <result column="status" property="status" jdbcType="TINYINT" />
                <result column="type" property="type" jdbcType="TINYINT" />
                <result column="max_amount" property="maxAmount" jdbcType="BIGINT" />
                <result column="over_amount" property="overAmount" jdbcType="BIGINT" />
                <result column="free_amount" property="freeAmount" jdbcType="BIGINT" />
                <result column="start_time_each_day" property="startTimeEachDay" jdbcType="TIMESTAMP" />
                <result column="end_time_each_day" property="endTimeEachDay" jdbcType="TIMESTAMP" />
                <result column="update_time" property="updateTime" jdbcType="TIMESTAMP" />
                <result column="create_time" property="createTime" jdbcType="TIMESTAMP" />
            </resultMap>

    <select id="find" parameterType="org.durcframework.core.expression.ExpressionQuery"
        resultMap="queryResultMap">
        SELECT t.*
        FROM market_discount_rule t
        <include refid="expressionBlock.where" />
        <choose>
            <when test="sortname == null">
                ORDER BY t.id desc
            </when>
            <otherwise>
                ORDER BY ${order}
            </otherwise>
        </choose>
        <if test="!isQueryAll">
            LIMIT
            #{start,jdbcType=INTEGER},#{limit,jdbcType=INTEGER}
        </if>
    </select>


    <select id="findTotalCount" parameterType="org.durcframework.core.expression.ExpressionQuery"
        resultType="java.lang.Integer">
        SELECT count(*) FROM market_discount_rule t
        <include refid="expressionBlock.where" />
    </select>

    <insert id="save" parameterType="com.weimob.o2o.activity.mgr.domain.MarketDiscountRule"
    keyProperty="id" keyColumn="id" useGeneratedKeys="true"
    >
    INSERT INTO market_discount_rule
         (
                                                  `merchant_id`
                                        , `activity_id`
                                        , `status`
                                        , `type`
                                        , `max_amount`
                                        , `over_amount`
                                        , `free_amount`
                                        , `start_time_each_day`
                                        , `end_time_each_day`
                                        , `update_time`
                                        , `create_time`
                              )
    VALUES (
                                                  #{merchantId,jdbcType=BIGINT}
                                        , #{activityId,jdbcType=BIGINT}
                                        , #{status,jdbcType=TINYINT}
                                        , #{type,jdbcType=TINYINT}
                                        , #{maxAmount,jdbcType=BIGINT}
                                        , #{overAmount,jdbcType=BIGINT}
                                        , #{freeAmount,jdbcType=BIGINT}
                                        , #{startTimeEachDay,jdbcType=TIMESTAMP}
                                        , #{endTimeEachDay,jdbcType=TIMESTAMP}
                                        , #{updateTime,jdbcType=TIMESTAMP}
                                        , #{createTime,jdbcType=TIMESTAMP}
                     
        )
    </insert>

<insert id="insertBatch" parameterType="java.util.List">
    INSERT INTO market_discount_rule
        (
                                                                                         `merchant_id`
                                                                                    , `activity_id`
                                                                                    , `status`
                                                                                    , `type`
                                                                                    , `max_amount`
                                                                                    , `over_amount`
                                                                                    , `free_amount`
                                                                                    , `start_time_each_day`
                                                                                    , `end_time_each_day`
                                                                                    , `update_time`
                                                                                    , `create_time`
                                                        )
    VALUES 
        <foreach collection="records" index="index" item="record" separator=",">
            (
                                                                                                                 record.#{merchantId,jdbcType=BIGINT}
                                                                                                        , record.#{activityId,jdbcType=BIGINT}
                                                                                                        , record.#{status,jdbcType=TINYINT}
                                                                                                        , record.#{type,jdbcType=TINYINT}
                                                                                                        , record.#{maxAmount,jdbcType=BIGINT}
                                                                                                        , record.#{overAmount,jdbcType=BIGINT}
                                                                                                        , record.#{freeAmount,jdbcType=BIGINT}
                                                                                                        , record.#{startTimeEachDay,jdbcType=TIMESTAMP}
                                                                                                        , record.#{endTimeEachDay,jdbcType=TIMESTAMP}
                                                                                                        , record.#{updateTime,jdbcType=TIMESTAMP}
                                                                                                        , record.#{createTime,jdbcType=TIMESTAMP}
                                                                        )
        </foreach> 
</insert>

    <update id="update" parameterType="com.weimob.o2o.activity.mgr.domain.MarketDiscountRule">
    UPDATE market_discount_rule
    SET 
                                                 merchant_id=#{merchantId,jdbcType=BIGINT}
                                     , activity_id=#{activityId,jdbcType=BIGINT}
                                     , status=#{status,jdbcType=TINYINT}
                                     , type=#{type,jdbcType=TINYINT}
                                     , max_amount=#{maxAmount,jdbcType=BIGINT}
                                     , over_amount=#{overAmount,jdbcType=BIGINT}
                                     , free_amount=#{freeAmount,jdbcType=BIGINT}
                                     , start_time_each_day=#{startTimeEachDay,jdbcType=TIMESTAMP}
                                     , end_time_each_day=#{endTimeEachDay,jdbcType=TIMESTAMP}
                                     , update_time=#{updateTime,jdbcType=TIMESTAMP}
                                     , create_time=#{createTime,jdbcType=TIMESTAMP}
                     WHERE id = #{id,jdbcType=BIGINT}
    </update>

    <update id="updateByPrimaryKeySelective" parameterType="com.weimob.o2o.activity.mgr.domain.MarketDiscountRule" >
        UPDATE market_discount_rule
        <set>
            set                                                             <if test="merchant_id !=null">
                    merchant_id=#{merchantId,jdbcType=BIGINT}
                </if>
                                                            <if test="activity_id !=null">
                    activity_id=#{activityId,jdbcType=BIGINT}
                </if>
                                                            <if test="status !=null">
                    status=#{status,jdbcType=TINYINT}
                </if>
                                                            <if test="type !=null">
                    type=#{type,jdbcType=TINYINT}
                </if>
                                                            <if test="max_amount !=null">
                    max_amount=#{maxAmount,jdbcType=BIGINT}
                </if>
                                                            <if test="over_amount !=null">
                    over_amount=#{overAmount,jdbcType=BIGINT}
                </if>
                                                            <if test="free_amount !=null">
                    free_amount=#{freeAmount,jdbcType=BIGINT}
                </if>
                                                            <if test="start_time_each_day !=null">
                    start_time_each_day=#{startTimeEachDay,jdbcType=TIMESTAMP}
                </if>
                                                            <if test="end_time_each_day !=null">
                    end_time_each_day=#{endTimeEachDay,jdbcType=TIMESTAMP}
                </if>
                                                            <if test="update_time !=null">
                    update_time=#{updateTime,jdbcType=TIMESTAMP}
                </if>
                                                            <if test="create_time !=null">
                    create_time=#{createTime,jdbcType=TIMESTAMP}
                </if>
                                    </set>
        where id = #{id,jdbcType=BIGINT}
    </update>

    <select id="get" resultMap="queryResultMap" parameterType="com.weimob.o2o.activity.mgr.domain.MarketDiscountRule">
        SELECT t.*
        FROM market_discount_rule t
        WHERE id = #{id,jdbcType=BIGINT}
    </select>
    
    <delete id="del" parameterType="com.weimob.o2o.activity.mgr.domain.MarketDiscountRule">
        DELETE FROM market_discount_rule
        WHERE id = #{id,jdbcType=BIGINT}
    </delete>

</mapper>