<?xml version="1.0" encoding="UTF-8" ?>
<!DOCTYPE  mapper PUBLIC "-//mybatis.org//DTD Mapper 3.0//EN" "http://mybatis.org/dtd/mybatis-3-mapper.dtd" >
<mapper namespace="com.weimob.o2o.activity.mgr.dao.PayRightsConfigDao">
    <resultMap id="queryResultMap" type="com.weimob.o2o.activity.mgr.domain.PayRightsConfig">
                <result column="id" property="id" jdbcType="BIGINT" />
                <result column="merchant_id" property="merchantId" jdbcType="BIGINT" />
                <result column="activity_id" property="activityId" jdbcType="BIGINT" />
                <result column="card_opened" property="cardOpened" jdbcType="TINYINT" />
                <result column="member_level_opened" property="memberLevelOpened" jdbcType="TINYINT" />
                <result column="member_point_opened" property="memberPointOpened" jdbcType="TINYINT" />
                <result column="member_balance_opened" property="memberBalanceOpened" jdbcType="TINYINT" />
                <result column="update_time" property="updateTime" jdbcType="TIMESTAMP" />
                <result column="create_time" property="createTime" jdbcType="TIMESTAMP" />
            </resultMap>

    <select id="find" parameterType="org.durcframework.core.expression.ExpressionQuery"
        resultMap="queryResultMap">
        SELECT t.*
        FROM pay_rights_config t
        <include refid="expressionBlock.where" />
        <choose>
            <when test="sortname == null">
                ORDER BY t.id desc
            </when>
            <otherwise>
                ORDER BY ${order}
            </otherwise>
        </choose>
        <if test="!isQueryAll">
            LIMIT
            #{start,jdbcType=INTEGER},#{limit,jdbcType=INTEGER}
        </if>
    </select>


    <select id="findTotalCount" parameterType="org.durcframework.core.expression.ExpressionQuery"
        resultType="java.lang.Integer">
        SELECT count(*) FROM pay_rights_config t
        <include refid="expressionBlock.where" />
    </select>

    <insert id="save" parameterType="com.weimob.o2o.activity.mgr.domain.PayRightsConfig"
    keyProperty="id" keyColumn="id" useGeneratedKeys="true"
    >
    INSERT INTO pay_rights_config
         (
                                                  `merchant_id`
                                        , `activity_id`
                                        , `card_opened`
                                        , `member_level_opened`
                                        , `member_point_opened`
                                        , `member_balance_opened`
                                        , `update_time`
                                        , `create_time`
                              )
    VALUES (
                                                  #{merchantId,jdbcType=BIGINT}
                                        , #{activityId,jdbcType=BIGINT}
                                        , #{cardOpened,jdbcType=TINYINT}
                                        , #{memberLevelOpened,jdbcType=TINYINT}
                                        , #{memberPointOpened,jdbcType=TINYINT}
                                        , #{memberBalanceOpened,jdbcType=TINYINT}
                                        , #{updateTime,jdbcType=TIMESTAMP}
                                        , #{createTime,jdbcType=TIMESTAMP}
                     
        )
    </insert>

<insert id="insertBatch" parameterType="java.util.List">
    INSERT INTO pay_rights_config
        (
                                                                                         `merchant_id`
                                                                                    , `activity_id`
                                                                                    , `card_opened`
                                                                                    , `member_level_opened`
                                                                                    , `member_point_opened`
                                                                                    , `member_balance_opened`
                                                                                    , `update_time`
                                                                                    , `create_time`
                                                        )
    VALUES 
        <foreach collection="records" index="index" item="record" separator=",">
            (
                                                                                                                 record.#{merchantId,jdbcType=BIGINT}
                                                                                                        , record.#{activityId,jdbcType=BIGINT}
                                                                                                        , record.#{cardOpened,jdbcType=TINYINT}
                                                                                                        , record.#{memberLevelOpened,jdbcType=TINYINT}
                                                                                                        , record.#{memberPointOpened,jdbcType=TINYINT}
                                                                                                        , record.#{memberBalanceOpened,jdbcType=TINYINT}
                                                                                                        , record.#{updateTime,jdbcType=TIMESTAMP}
                                                                                                        , record.#{createTime,jdbcType=TIMESTAMP}
                                                                        )
        </foreach> 
</insert>

    <update id="update" parameterType="com.weimob.o2o.activity.mgr.domain.PayRightsConfig">
    UPDATE pay_rights_config
    SET 
                                                 merchant_id=#{merchantId,jdbcType=BIGINT}
                                     , activity_id=#{activityId,jdbcType=BIGINT}
                                     , card_opened=#{cardOpened,jdbcType=TINYINT}
                                     , member_level_opened=#{memberLevelOpened,jdbcType=TINYINT}
                                     , member_point_opened=#{memberPointOpened,jdbcType=TINYINT}
                                     , member_balance_opened=#{memberBalanceOpened,jdbcType=TINYINT}
                                     , update_time=#{updateTime,jdbcType=TIMESTAMP}
                                     , create_time=#{createTime,jdbcType=TIMESTAMP}
                     WHERE id = #{id,jdbcType=BIGINT}
    </update>

    <update id="updateByPrimaryKeySelective" parameterType="com.weimob.o2o.activity.mgr.domain.PayRightsConfig" >
        UPDATE pay_rights_config
        <set>
            set                                                             <if test="merchant_id !=null">
                    merchant_id=#{merchantId,jdbcType=BIGINT}
                </if>
                                                            <if test="activity_id !=null">
                    activity_id=#{activityId,jdbcType=BIGINT}
                </if>
                                                            <if test="card_opened !=null">
                    card_opened=#{cardOpened,jdbcType=TINYINT}
                </if>
                                                            <if test="member_level_opened !=null">
                    member_level_opened=#{memberLevelOpened,jdbcType=TINYINT}
                </if>
                                                            <if test="member_point_opened !=null">
                    member_point_opened=#{memberPointOpened,jdbcType=TINYINT}
                </if>
                                                            <if test="member_balance_opened !=null">
                    member_balance_opened=#{memberBalanceOpened,jdbcType=TINYINT}
                </if>
                                                            <if test="update_time !=null">
                    update_time=#{updateTime,jdbcType=TIMESTAMP}
                </if>
                                                            <if test="create_time !=null">
                    create_time=#{createTime,jdbcType=TIMESTAMP}
                </if>
                                    </set>
        where id = #{id,jdbcType=BIGINT}
    </update>

    <select id="get" resultMap="queryResultMap" parameterType="com.weimob.o2o.activity.mgr.domain.PayRightsConfig">
        SELECT t.*
        FROM pay_rights_config t
        WHERE id = #{id,jdbcType=BIGINT}
    </select>
    
    <delete id="del" parameterType="com.weimob.o2o.activity.mgr.domain.PayRightsConfig">
        DELETE FROM pay_rights_config
        WHERE id = #{id,jdbcType=BIGINT}
    </delete>

</mapper>