<?xml version="1.0" encoding="UTF-8" ?>
<!DOCTYPE  mapper PUBLIC "-//mybatis.org//DTD Mapper 3.0//EN" "http://mybatis.org/dtd/mybatis-3-mapper.dtd" >
<mapper namespace="com.weimob.o2o.mgr.shake.dao.ShakeFocusDao">
    <resultMap id="queryResultMap" type="com.weimob.o2o.mgr.shake.domain.ShakeFocus">
                <result column="shake_focus_id" property="shakeFocusId" jdbcType="BIGINT" />
                <result column="merchant_id" property="merchantId" jdbcType="BIGINT" />
                <result column="title" property="title" jdbcType="VARCHAR" />
                <result column="description" property="description" jdbcType="VARCHAR" />
                <result column="slogan" property="slogan" jdbcType="VARCHAR" />
                <result column="background_url" property="backgroundUrl" jdbcType="VARCHAR" />
                <result column="shake_page_id" property="shakePageId" jdbcType="BIGINT" />
                <result column="create_time" property="createTime" jdbcType="VARCHAR" />
                <result column="update_time" property="updateTime" jdbcType="VARCHAR" />
            </resultMap>

    <select id="find" parameterType="org.durcframework.core.expression.ExpressionQuery"
        resultMap="queryResultMap">
        SELECT t.*
        FROM shake_focus t
        <include refid="expressionBlock.where" />
        <choose>
            <when test="sortname == null">
                ORDER BY t.shake_focus_id desc
            </when>
            <otherwise>
                ORDER BY ${order}
            </otherwise>
        </choose>
        <if test="!isQueryAll">
            LIMIT
            #{start,jdbcType=INTEGER},#{limit,jdbcType=INTEGER}
        </if>
    </select>


    <select id="findTotalCount" parameterType="org.durcframework.core.expression.ExpressionQuery"
        resultType="java.lang.Integer">
        SELECT count(*) FROM shake_focus t
        <include refid="expressionBlock.where" />
    </select>

    <insert id="save" parameterType="com.weimob.o2o.mgr.shake.domain.ShakeFocus"
    keyProperty="shakeFocusId" keyColumn="shake_focus_id" useGeneratedKeys="true"
    >
    INSERT INTO shake_focus
         (
                                                  `merchant_id`
                                        , `title`
                                        , `description`
                                        , `slogan`
                                        , `background_url`
                                        , `shake_page_id`
                                        , `create_time`
                                        , `update_time`
                              )
    VALUES (
                                                  #{merchantId,jdbcType=BIGINT}
                                        , #{title,jdbcType=VARCHAR}
                                        , #{description,jdbcType=VARCHAR}
                                        , #{slogan,jdbcType=VARCHAR}
                                        , #{backgroundUrl,jdbcType=VARCHAR}
                                        , #{shakePageId,jdbcType=BIGINT}
                                        , #{createTime,jdbcType=VARCHAR}
                                        , #{updateTime,jdbcType=VARCHAR}
                     
        )
    </insert>


    <update id="update" parameterType="com.weimob.o2o.mgr.shake.domain.ShakeFocus">
    UPDATE shake_focus
    SET 
                                                 merchant_id=#{merchantId,jdbcType=BIGINT}
                                     , title=#{title,jdbcType=VARCHAR}
                                     , description=#{description,jdbcType=VARCHAR}
                                     , slogan=#{slogan,jdbcType=VARCHAR}
                                     , background_url=#{backgroundUrl,jdbcType=VARCHAR}
                                     , shake_page_id=#{shakePageId,jdbcType=BIGINT}
                                     , create_time=#{createTime,jdbcType=VARCHAR}
                                     , update_time=#{updateTime,jdbcType=VARCHAR}
                     WHERE shake_focus_id = #{shakeFocusId,jdbcType=BIGINT}
    </update>

    <update id="updateByPrimaryKeySelective" parameterType="com.weimob.o2o.mgr.shake.domain.ShakeFocus" >
        UPDATE shake_focus
        <set>
            set                                                             <if test="merchant_id !=null">
                    merchant_id=#{merchantId,jdbcType=BIGINT}
                </if>
                                                            <if test="title !=null">
                    title=#{title,jdbcType=VARCHAR}
                </if>
                                                            <if test="description !=null">
                    description=#{description,jdbcType=VARCHAR}
                </if>
                                                            <if test="slogan !=null">
                    slogan=#{slogan,jdbcType=VARCHAR}
                </if>
                                                            <if test="background_url !=null">
                    background_url=#{backgroundUrl,jdbcType=VARCHAR}
                </if>
                                                            <if test="shake_page_id !=null">
                    shake_page_id=#{shakePageId,jdbcType=BIGINT}
                </if>
                                                            <if test="create_time !=null">
                    create_time=#{createTime,jdbcType=VARCHAR}
                </if>
                                                            <if test="update_time !=null">
                    update_time=#{updateTime,jdbcType=VARCHAR}
                </if>
                                    </set>
        where shake_focus_id = #{shakeFocusId,jdbcType=BIGINT}
    </update>

    <select id="get" resultMap="queryResultMap" parameterType="com.weimob.o2o.mgr.shake.domain.ShakeFocus">
        SELECT t.*
        FROM shake_focus t
        WHERE shake_focus_id = #{shakeFocusId,jdbcType=BIGINT}
    </select>
    
    <delete id="del" parameterType="com.weimob.o2o.mgr.shake.domain.ShakeFocus">
        DELETE FROM shake_focus
        WHERE shake_focus_id = #{shakeFocusId,jdbcType=BIGINT}
    </delete>

</mapper>