<?xml version="1.0" encoding="UTF-8" ?>
<!DOCTYPE  mapper PUBLIC "-//mybatis.org//DTD Mapper 3.0//EN" "http://mybatis.org/dtd/mybatis-3-mapper.dtd" >
<mapper namespace="com.example.dao.UserDao">
    <resultMap id="queryResultMap" type="com.example.domain.User">
        <result column="id" property="id" jdbcType="INTEGER" />
        <result column="account_id" property="accountId" jdbcType="INTEGER" />
        <result column="user_nickname" property="userNickname" jdbcType="VARCHAR" />
        <result column="user_mail" property="userMail" jdbcType="VARCHAR" />
        <result column="user_logo" property="userLogo" jdbcType="VARCHAR" />
    </resultMap>

    <select id="find" parameterType="com.example.domain.User"
        resultMap="queryResultMap">
        SELECT t.*
        FROM user t
        <choose>
            <when test="sortname == null">
                ORDER BY t.id desc
            </when>
            <otherwise>
                ORDER BY ${order}
            </otherwise>
        </choose>
        <if test="!isQueryAll">
            LIMIT
            #{start,jdbcType=INTEGER},#{limit,jdbcType=INTEGER}
        </if>
    </select>


    <select id="findTotalCount" parameterType="com.example.domain.User"
        resultType="java.lang.Integer">
        SELECT count(*) FROM user t
        <include refid="expressionBlock.where" />
    </select>

    <insert id="save" parameterType="com.example.domain.User" keyProperty="id" keyColumn="id" useGeneratedKeys="true" >
        INSERT INTO user (
            `account_id`
,            `user_nickname`
,            `user_mail`
,            `user_logo`
 )
        VALUES (
  #{accountId,jdbcType=INTEGER}
, #{userNickname,jdbcType=VARCHAR}
, #{userMail,jdbcType=VARCHAR}
, #{userLogo,jdbcType=VARCHAR}
 
        )
    </insert>

    <insert id="insertBatch" parameterType="java.util.List">
        INSERT INTO user (
            `account_id`
,            `user_nickname`
,            `user_mail`
,            `user_logo`
 )
        VALUES 
        <foreach collection="records" index="index" item="record" separator=",">
            (
                #{record.accountId,jdbcType=INTEGER}
,                #{record.userNickname,jdbcType=VARCHAR}
,                #{record.userMail,jdbcType=VARCHAR}
,                #{record.userLogo,jdbcType=VARCHAR}
            )
        </foreach> 
    </insert>

    <update id="update" parameterType="com.example.domain.User">
        UPDATE user
        SET 
            account_id=#{accountId,jdbcType=INTEGER}
,            user_nickname=#{userNickname,jdbcType=VARCHAR}
,            user_mail=#{userMail,jdbcType=VARCHAR}
,            user_logo=#{userLogo,jdbcType=VARCHAR}
        WHERE id = #{id,jdbcType=INTEGER}
    </update>

    <update id="updateByPrimaryKeySelective" parameterType="com.example.domain.User" >
        UPDATE user
        <set>
            set                 <if test="account_id !=null">
                    account_id=#{accountId,jdbcType=INTEGER}
                </if>
                <if test="user_nickname !=null">
                    user_nickname=#{userNickname,jdbcType=VARCHAR}
                </if>
                <if test="user_mail !=null">
                    user_mail=#{userMail,jdbcType=VARCHAR}
                </if>
                <if test="user_logo !=null">
                    user_logo=#{userLogo,jdbcType=VARCHAR}
                </if>
        </set>
        where id = #{id,jdbcType=INTEGER}
    </update>

    <select id="get" resultMap="queryResultMap" parameterType="com.example.domain.User">
        SELECT t.*
        FROM user t
        WHERE id = #{id,jdbcType=INTEGER}
    </select>
    
    <delete id="del" parameterType="com.example.domain.User">
        DELETE FROM user
        WHERE id = #{id,jdbcType=INTEGER}
    </delete>

</mapper>