<?xml version="1.0" encoding="UTF-8" ?>
<!DOCTYPE  mapper PUBLIC "-//mybatis.org//DTD Mapper 3.0//EN" "http://mybatis.org/dtd/mybatis-3-mapper.dtd" >
<mapper namespace="com.weimob.o2o.mgr.shake.dao.ShakeAnalysisDeviceDao">
    <resultMap id="queryResultMap" type="com.weimob.o2o.mgr.shake.domain.ShakeAnalysisDevice">
                <result column="shake_analysis_device_id" property="shakeAnalysisDeviceId" jdbcType="BIGINT" />
                <result column="shake_device_id" property="shakeDeviceId" jdbcType="BIGINT" />
                <result column="device_id" property="deviceId" jdbcType="VARCHAR" />
                <result column="click_pv" property="clickPv" jdbcType="BIGINT" />
                <result column="click_uv" property="clickUv" jdbcType="BIGINT" />
                <result column="shake_pv" property="shakePv" jdbcType="BIGINT" />
                <result column="shake_uv" property="shakeUv" jdbcType="BIGINT" />
                <result column="create_time" property="createTime" jdbcType="VARCHAR" />
                <result column="update_time" property="updateTime" jdbcType="VARCHAR" />
            </resultMap>

    <select id="find" parameterType="org.durcframework.core.expression.ExpressionQuery"
        resultMap="queryResultMap">
        SELECT t.*
        FROM shake_analysis_device t
        <include refid="expressionBlock.where" />
        <choose>
            <when test="sortname == null">
                ORDER BY t.shake_analysis_device_id desc
            </when>
            <otherwise>
                ORDER BY ${order}
            </otherwise>
        </choose>
        <if test="!isQueryAll">
            LIMIT
            #{start,jdbcType=INTEGER},#{limit,jdbcType=INTEGER}
        </if>
    </select>


    <select id="findTotalCount" parameterType="org.durcframework.core.expression.ExpressionQuery"
        resultType="java.lang.Integer">
        SELECT count(*) FROM shake_analysis_device t
        <include refid="expressionBlock.where" />
    </select>

    <insert id="save" parameterType="com.weimob.o2o.mgr.shake.domain.ShakeAnalysisDevice"
    keyProperty="shakeAnalysisDeviceId" keyColumn="shake_analysis_device_id" useGeneratedKeys="true"
    >
    INSERT INTO shake_analysis_device
         (
                                                  `shake_device_id`
                                        , `device_id`
                                        , `click_pv`
                                        , `click_uv`
                                        , `shake_pv`
                                        , `shake_uv`
                                        , `create_time`
                                        , `update_time`
                              )
    VALUES (
                                                  #{shakeDeviceId,jdbcType=BIGINT}
                                        , #{deviceId,jdbcType=VARCHAR}
                                        , #{clickPv,jdbcType=BIGINT}
                                        , #{clickUv,jdbcType=BIGINT}
                                        , #{shakePv,jdbcType=BIGINT}
                                        , #{shakeUv,jdbcType=BIGINT}
                                        , #{createTime,jdbcType=VARCHAR}
                                        , #{updateTime,jdbcType=VARCHAR}
                     
        )
    </insert>


    <update id="update" parameterType="com.weimob.o2o.mgr.shake.domain.ShakeAnalysisDevice">
    UPDATE shake_analysis_device
    SET 
                                                 shake_device_id=#{shakeDeviceId,jdbcType=BIGINT}
                                     , device_id=#{deviceId,jdbcType=VARCHAR}
                                     , click_pv=#{clickPv,jdbcType=BIGINT}
                                     , click_uv=#{clickUv,jdbcType=BIGINT}
                                     , shake_pv=#{shakePv,jdbcType=BIGINT}
                                     , shake_uv=#{shakeUv,jdbcType=BIGINT}
                                     , create_time=#{createTime,jdbcType=VARCHAR}
                                     , update_time=#{updateTime,jdbcType=VARCHAR}
                     WHERE shake_analysis_device_id = #{shakeAnalysisDeviceId,jdbcType=BIGINT}
    </update>

    <update id="updateByPrimaryKeySelective" parameterType="com.weimob.o2o.mgr.shake.domain.ShakeAnalysisDevice" >
        UPDATE shake_analysis_device
        <set>
            set                                                             <if test="shake_device_id !=null">
                    shake_device_id=#{shakeDeviceId,jdbcType=BIGINT}
                </if>
                                                            <if test="device_id !=null">
                    device_id=#{deviceId,jdbcType=VARCHAR}
                </if>
                                                            <if test="click_pv !=null">
                    click_pv=#{clickPv,jdbcType=BIGINT}
                </if>
                                                            <if test="click_uv !=null">
                    click_uv=#{clickUv,jdbcType=BIGINT}
                </if>
                                                            <if test="shake_pv !=null">
                    shake_pv=#{shakePv,jdbcType=BIGINT}
                </if>
                                                            <if test="shake_uv !=null">
                    shake_uv=#{shakeUv,jdbcType=BIGINT}
                </if>
                                                            <if test="create_time !=null">
                    create_time=#{createTime,jdbcType=VARCHAR}
                </if>
                                                            <if test="update_time !=null">
                    update_time=#{updateTime,jdbcType=VARCHAR}
                </if>
                                    </set>
        where shake_analysis_device_id = #{shakeAnalysisDeviceId,jdbcType=BIGINT}
    </update>

    <select id="get" resultMap="queryResultMap" parameterType="com.weimob.o2o.mgr.shake.domain.ShakeAnalysisDevice">
        SELECT t.*
        FROM shake_analysis_device t
        WHERE shake_analysis_device_id = #{shakeAnalysisDeviceId,jdbcType=BIGINT}
    </select>
    
    <delete id="del" parameterType="com.weimob.o2o.mgr.shake.domain.ShakeAnalysisDevice">
        DELETE FROM shake_analysis_device
        WHERE shake_analysis_device_id = #{shakeAnalysisDeviceId,jdbcType=BIGINT}
    </delete>

</mapper>