<?xml version="1.0" encoding="UTF-8" ?>
<!DOCTYPE  mapper PUBLIC "-//mybatis.org//DTD Mapper 3.0//EN" "http://mybatis.org/dtd/mybatis-3-mapper.dtd" >
<mapper namespace="menu.dao.MenuDao">
    <resultMap id="queryResultMap" type="menu.entity.Menu">
                <result column="id" property="id" jdbcType="LONG" />
                <result column="parentId" property="parentId" jdbcType="LONG" />
                <result column="label" property="label" jdbcType="VARCHAR" />
                <result column="url" property="url" jdbcType="VARCHAR" />
                <result column="type" property="type" jdbcType="LONG" />
                <result column="icons" property="icons" jdbcType="VARCHAR" />
                <result column="bgColor" property="bgColor" jdbcType="VARCHAR" />
                <result column="showOrder" property="showOrder" jdbcType="LONG" />
            </resultMap>

    <select id="find" parameterType="org.durcframework.core.expression.ExpressionQuery"
		resultMap="queryResultMap">
		SELECT t.*
		FROM menu t
		<include refid="expressionBlock.where" />
		<choose>
			<when test="sortname == null">
				ORDER BY t.id desc
			</when>
			<otherwise>
				ORDER BY ${order}
			</otherwise>
		</choose>
		<if test="!isQueryAll">
			LIMIT
			#{start,jdbcType=INTEGER},#{limit,jdbcType=INTEGER}
		</if>
	</select>


    <select id="findTotalCount" parameterType="org.durcframework.core.expression.ExpressionQuery"
		resultType="java.lang.Integer">
		SELECT count(*) FROM menu t
		<include refid="expressionBlock.where" />
    </select>

    <insert id="save" parameterType="menu.entity.Menu"
    keyProperty="id" keyColumn="id" useGeneratedKeys="true"
    >
	INSERT INTO menu
         (
                                                  `parentId`
                                        , `label`
                                        , `url`
                                        , `type`
                                        , `icons`
                                        , `bgColor`
                                        , `showOrder`
                              )
	VALUES (
                                                  #{parentId,jdbcType=LONG}
                                        , #{label,jdbcType=VARCHAR}
                                        , #{url,jdbcType=VARCHAR}
                                        , #{type,jdbcType=LONG}
                                        , #{icons,jdbcType=VARCHAR}
                                        , #{bgColor,jdbcType=VARCHAR}
                                        , #{showOrder,jdbcType=LONG}
                     
        )
	</insert>


    <update id="update" parameterType="menu.entity.Menu">
    UPDATE menu
    SET 
                                                 parentId=#{parentId,jdbcType=LONG}
                                     , label=#{label,jdbcType=VARCHAR}
                                     , url=#{url,jdbcType=VARCHAR}
                                     , type=#{type,jdbcType=LONG}
                                     , icons=#{icons,jdbcType=VARCHAR}
                                     , bgColor=#{bgColor,jdbcType=VARCHAR}
                                     , showOrder=#{showOrder,jdbcType=LONG}
                     WHERE id = #{id,jdbcType=LONG}
    </update>

    <select id="get" resultMap="queryResultMap" parameterType="menu.entity.Menu">
		SELECT t.*
		FROM menu t
		WHERE id = #{id,jdbcType=LONG}
	</select>
	
	<delete id="del" parameterType="menu.entity.Menu">
		DELETE FROM menu
		WHERE id = #{id,jdbcType=LONG}
	</delete>

</mapper>