<?xml version="1.0" encoding="UTF-8" ?>
<!DOCTYPE  mapper PUBLIC "-//mybatis.org//DTD Mapper 3.0//EN" "http://mybatis.org/dtd/mybatis-3-mapper.dtd" >
<mapper namespace="com.weimob.o2o.mgr.shake.dao.ShakeDeviceFocusDao">
    <resultMap id="queryResultMap" type="com.weimob.o2o.mgr.shake.domain.ShakeDeviceFocus">
                <result column="shake_device_focus_id" property="shakeDeviceFocusId" jdbcType="BIGINT" />
                <result column="shake_device_id" property="shakeDeviceId" jdbcType="BIGINT" />
                <result column="shake_focus_id" property="shakeFocusId" jdbcType="BIGINT" />
                <result column="update_time" property="updateTime" jdbcType="VARCHAR" />
                <result column="create_time" property="createTime" jdbcType="VARCHAR" />
            </resultMap>

    <select id="find" parameterType="org.durcframework.core.expression.ExpressionQuery"
        resultMap="queryResultMap">
        SELECT t.*
        FROM shake_device_focus t
        <include refid="expressionBlock.where" />
        <choose>
            <when test="sortname == null">
                ORDER BY t.shake_device_focus_id desc
            </when>
            <otherwise>
                ORDER BY ${order}
            </otherwise>
        </choose>
        <if test="!isQueryAll">
            LIMIT
            #{start,jdbcType=INTEGER},#{limit,jdbcType=INTEGER}
        </if>
    </select>


    <select id="findTotalCount" parameterType="org.durcframework.core.expression.ExpressionQuery"
        resultType="java.lang.Integer">
        SELECT count(*) FROM shake_device_focus t
        <include refid="expressionBlock.where" />
    </select>

    <insert id="save" parameterType="com.weimob.o2o.mgr.shake.domain.ShakeDeviceFocus"
    >
    INSERT INTO shake_device_focus
         (
                              `shake_device_focus_id`
                                        , `shake_device_id`
                                        , `shake_focus_id`
                                        , `update_time`
                                        , `create_time`
                              )
    VALUES (
                              #{shakeDeviceFocusId,jdbcType=BIGINT}
                                        , #{shakeDeviceId,jdbcType=BIGINT}
                                        , #{shakeFocusId,jdbcType=BIGINT}
                                        , #{updateTime,jdbcType=VARCHAR}
                                        , #{createTime,jdbcType=VARCHAR}
                     
        )
    </insert>


    <update id="update" parameterType="com.weimob.o2o.mgr.shake.domain.ShakeDeviceFocus">
    UPDATE shake_device_focus
    SET 
                                                 shake_device_id=#{shakeDeviceId,jdbcType=BIGINT}
                                     , shake_focus_id=#{shakeFocusId,jdbcType=BIGINT}
                                     , update_time=#{updateTime,jdbcType=VARCHAR}
                                     , create_time=#{createTime,jdbcType=VARCHAR}
                     WHERE shake_device_focus_id = #{shakeDeviceFocusId,jdbcType=BIGINT}
    </update>

    <update id="updateByPrimaryKeySelective" parameterType="com.weimob.o2o.mgr.shake.domain.ShakeDeviceFocus" >
        UPDATE shake_device_focus
        <set>
            set                                                             <if test="shake_device_id !=null">
                    shake_device_id=#{shakeDeviceId,jdbcType=BIGINT}
                </if>
                                                            <if test="shake_focus_id !=null">
                    shake_focus_id=#{shakeFocusId,jdbcType=BIGINT}
                </if>
                                                            <if test="update_time !=null">
                    update_time=#{updateTime,jdbcType=VARCHAR}
                </if>
                                                            <if test="create_time !=null">
                    create_time=#{createTime,jdbcType=VARCHAR}
                </if>
                                    </set>
        where shake_device_focus_id = #{shakeDeviceFocusId,jdbcType=BIGINT}
    </update>

    <select id="get" resultMap="queryResultMap" parameterType="com.weimob.o2o.mgr.shake.domain.ShakeDeviceFocus">
        SELECT t.*
        FROM shake_device_focus t
        WHERE shake_device_focus_id = #{shakeDeviceFocusId,jdbcType=BIGINT}
    </select>
    
    <delete id="del" parameterType="com.weimob.o2o.mgr.shake.domain.ShakeDeviceFocus">
        DELETE FROM shake_device_focus
        WHERE shake_device_focus_id = #{shakeDeviceFocusId,jdbcType=BIGINT}
    </delete>

</mapper>