<?xml version="1.0" encoding="UTF-8" ?>
<!DOCTYPE  mapper PUBLIC "-//mybatis.org//DTD Mapper 3.0//EN" "http://mybatis.org/dtd/mybatis-3-mapper.dtd" >
<mapper namespace="com.weimob.o2o.mgr.shake.dao.ShakePageDao">
    <resultMap id="queryResultMap" type="com.weimob.o2o.mgr.shake.domain.ShakePage">
                <result column="shake_page_id" property="shakePageId" jdbcType="BIGINT" />
                <result column="merchant_id" property="merchantId" jdbcType="BIGINT" />
                <result column="page_id" property="pageId" jdbcType="VARCHAR" />
                <result column="title" property="title" jdbcType="VARCHAR" />
                <result column="description" property="description" jdbcType="VARCHAR" />
                <result column="icon_url" property="iconUrl" jdbcType="VARCHAR" />
                <result column="page_url" property="pageUrl" jdbcType="VARCHAR" />
                <result column="comment" property="comment" jdbcType="VARCHAR" />
                <result column="activty_id" property="activtyId" jdbcType="BIGINT" />
                <result column="create_time" property="createTime" jdbcType="VARCHAR" />
                <result column="update_time" property="updateTime" jdbcType="VARCHAR" />
            </resultMap>

    <select id="find" parameterType="org.durcframework.core.expression.ExpressionQuery"
        resultMap="queryResultMap">
        SELECT t.*
        FROM shake_page t
        <include refid="expressionBlock.where" />
        <choose>
            <when test="sortname == null">
                ORDER BY t.shake_page_id desc
            </when>
            <otherwise>
                ORDER BY ${order}
            </otherwise>
        </choose>
        <if test="!isQueryAll">
            LIMIT
            #{start,jdbcType=INTEGER},#{limit,jdbcType=INTEGER}
        </if>
    </select>


    <select id="findTotalCount" parameterType="org.durcframework.core.expression.ExpressionQuery"
        resultType="java.lang.Integer">
        SELECT count(*) FROM shake_page t
        <include refid="expressionBlock.where" />
    </select>

    <insert id="save" parameterType="com.weimob.o2o.mgr.shake.domain.ShakePage"
    keyProperty="shakePageId" keyColumn="shake_page_id" useGeneratedKeys="true"
    >
    INSERT INTO shake_page
         (
                                                  `merchant_id`
                                        , `page_id`
                                        , `title`
                                        , `description`
                                        , `icon_url`
                                        , `page_url`
                                        , `comment`
                                        , `activty_id`
                                        , `create_time`
                                        , `update_time`
                              )
    VALUES (
                                                  #{merchantId,jdbcType=BIGINT}
                                        , #{pageId,jdbcType=VARCHAR}
                                        , #{title,jdbcType=VARCHAR}
                                        , #{description,jdbcType=VARCHAR}
                                        , #{iconUrl,jdbcType=VARCHAR}
                                        , #{pageUrl,jdbcType=VARCHAR}
                                        , #{comment,jdbcType=VARCHAR}
                                        , #{activtyId,jdbcType=BIGINT}
                                        , #{createTime,jdbcType=VARCHAR}
                                        , #{updateTime,jdbcType=VARCHAR}
                     
        )
    </insert>


    <update id="update" parameterType="com.weimob.o2o.mgr.shake.domain.ShakePage">
    UPDATE shake_page
    SET 
                                                 merchant_id=#{merchantId,jdbcType=BIGINT}
                                     , page_id=#{pageId,jdbcType=VARCHAR}
                                     , title=#{title,jdbcType=VARCHAR}
                                     , description=#{description,jdbcType=VARCHAR}
                                     , icon_url=#{iconUrl,jdbcType=VARCHAR}
                                     , page_url=#{pageUrl,jdbcType=VARCHAR}
                                     , comment=#{comment,jdbcType=VARCHAR}
                                     , activty_id=#{activtyId,jdbcType=BIGINT}
                                     , create_time=#{createTime,jdbcType=VARCHAR}
                                     , update_time=#{updateTime,jdbcType=VARCHAR}
                     WHERE shake_page_id = #{shakePageId,jdbcType=BIGINT}
    </update>

    <update id="updateByPrimaryKeySelective" parameterType="com.weimob.o2o.mgr.shake.domain.ShakePage" >
        UPDATE shake_page
        <set>
            set                                                             <if test="merchant_id !=null">
                    merchant_id=#{merchantId,jdbcType=BIGINT}
                </if>
                                                            <if test="page_id !=null">
                    page_id=#{pageId,jdbcType=VARCHAR}
                </if>
                                                            <if test="title !=null">
                    title=#{title,jdbcType=VARCHAR}
                </if>
                                                            <if test="description !=null">
                    description=#{description,jdbcType=VARCHAR}
                </if>
                                                            <if test="icon_url !=null">
                    icon_url=#{iconUrl,jdbcType=VARCHAR}
                </if>
                                                            <if test="page_url !=null">
                    page_url=#{pageUrl,jdbcType=VARCHAR}
                </if>
                                                            <if test="comment !=null">
                    comment=#{comment,jdbcType=VARCHAR}
                </if>
                                                            <if test="activty_id !=null">
                    activty_id=#{activtyId,jdbcType=BIGINT}
                </if>
                                                            <if test="create_time !=null">
                    create_time=#{createTime,jdbcType=VARCHAR}
                </if>
                                                            <if test="update_time !=null">
                    update_time=#{updateTime,jdbcType=VARCHAR}
                </if>
                                    </set>
        where shake_page_id = #{shakePageId,jdbcType=BIGINT}
    </update>

    <select id="get" resultMap="queryResultMap" parameterType="com.weimob.o2o.mgr.shake.domain.ShakePage">
        SELECT t.*
        FROM shake_page t
        WHERE shake_page_id = #{shakePageId,jdbcType=BIGINT}
    </select>
    
    <delete id="del" parameterType="com.weimob.o2o.mgr.shake.domain.ShakePage">
        DELETE FROM shake_page
        WHERE shake_page_id = #{shakePageId,jdbcType=BIGINT}
    </delete>

</mapper>