<?xml version="1.0" encoding="UTF-8" ?>
<!DOCTYPE  mapper PUBLIC "-//mybatis.org//DTD Mapper 3.0//EN" "http://mybatis.org/dtd/mybatis-3-mapper.dtd" >
<mapper namespace="com.weimob.o2o.mgr.shake.dao.ShakeAnalysisPageDao">
    <resultMap id="queryResultMap" type="com.weimob.o2o.mgr.shake.domain.ShakeAnalysisPage">
                <result column="shake_analysis_page" property="shakeAnalysisPage" jdbcType="BIGINT" />
                <result column="shake_page_id" property="shakePageId" jdbcType="BIGINT" />
                <result column="page_id" property="pageId" jdbcType="VARCHAR" />
                <result column="date" property="date" jdbcType="TIMESTAMP" />
                <result column="click_pv" property="clickPv" jdbcType="BIGINT" />
                <result column="click_uv" property="clickUv" jdbcType="BIGINT" />
                <result column="shake_pv" property="shakePv" jdbcType="BIGINT" />
                <result column="shake_uv" property="shakeUv" jdbcType="BIGINT" />
                <result column="create_time" property="createTime" jdbcType="VARCHAR" />
                <result column="update_time" property="updateTime" jdbcType="VARCHAR" />
            </resultMap>

    <select id="find" parameterType="org.durcframework.core.expression.ExpressionQuery"
        resultMap="queryResultMap">
        SELECT t.*
        FROM shake_analysis_page t
        <include refid="expressionBlock.where" />
        <choose>
            <when test="sortname == null">
                ORDER BY t.shake_analysis_page desc
            </when>
            <otherwise>
                ORDER BY ${order}
            </otherwise>
        </choose>
        <if test="!isQueryAll">
            LIMIT
            #{start,jdbcType=INTEGER},#{limit,jdbcType=INTEGER}
        </if>
    </select>


    <select id="findTotalCount" parameterType="org.durcframework.core.expression.ExpressionQuery"
        resultType="java.lang.Integer">
        SELECT count(*) FROM shake_analysis_page t
        <include refid="expressionBlock.where" />
    </select>

    <insert id="save" parameterType="com.weimob.o2o.mgr.shake.domain.ShakeAnalysisPage"
    >
    INSERT INTO shake_analysis_page
         (
                              `shake_analysis_page`
                                        , `shake_page_id`
                                        , `page_id`
                                        , `date`
                                        , `click_pv`
                                        , `click_uv`
                                        , `shake_pv`
                                        , `shake_uv`
                                        , `create_time`
                                        , `update_time`
                              )
    VALUES (
                              #{shakeAnalysisPage,jdbcType=BIGINT}
                                        , #{shakePageId,jdbcType=BIGINT}
                                        , #{pageId,jdbcType=VARCHAR}
                                        , #{date,jdbcType=TIMESTAMP}
                                        , #{clickPv,jdbcType=BIGINT}
                                        , #{clickUv,jdbcType=BIGINT}
                                        , #{shakePv,jdbcType=BIGINT}
                                        , #{shakeUv,jdbcType=BIGINT}
                                        , #{createTime,jdbcType=VARCHAR}
                                        , #{updateTime,jdbcType=VARCHAR}
                     
        )
    </insert>


    <update id="update" parameterType="com.weimob.o2o.mgr.shake.domain.ShakeAnalysisPage">
    UPDATE shake_analysis_page
    SET 
                                                 shake_page_id=#{shakePageId,jdbcType=BIGINT}
                                     , page_id=#{pageId,jdbcType=VARCHAR}
                                     , date=#{date,jdbcType=TIMESTAMP}
                                     , click_pv=#{clickPv,jdbcType=BIGINT}
                                     , click_uv=#{clickUv,jdbcType=BIGINT}
                                     , shake_pv=#{shakePv,jdbcType=BIGINT}
                                     , shake_uv=#{shakeUv,jdbcType=BIGINT}
                                     , create_time=#{createTime,jdbcType=VARCHAR}
                                     , update_time=#{updateTime,jdbcType=VARCHAR}
                     WHERE shake_analysis_page = #{shakeAnalysisPage,jdbcType=BIGINT}
    </update>

    <update id="updateByPrimaryKeySelective" parameterType="com.weimob.o2o.mgr.shake.domain.ShakeAnalysisPage" >
        UPDATE shake_analysis_page
        <set>
            set                                                             <if test="shake_page_id !=null">
                    shake_page_id=#{shakePageId,jdbcType=BIGINT}
                </if>
                                                            <if test="page_id !=null">
                    page_id=#{pageId,jdbcType=VARCHAR}
                </if>
                                                            <if test="date !=null">
                    date=#{date,jdbcType=TIMESTAMP}
                </if>
                                                            <if test="click_pv !=null">
                    click_pv=#{clickPv,jdbcType=BIGINT}
                </if>
                                                            <if test="click_uv !=null">
                    click_uv=#{clickUv,jdbcType=BIGINT}
                </if>
                                                            <if test="shake_pv !=null">
                    shake_pv=#{shakePv,jdbcType=BIGINT}
                </if>
                                                            <if test="shake_uv !=null">
                    shake_uv=#{shakeUv,jdbcType=BIGINT}
                </if>
                                                            <if test="create_time !=null">
                    create_time=#{createTime,jdbcType=VARCHAR}
                </if>
                                                            <if test="update_time !=null">
                    update_time=#{updateTime,jdbcType=VARCHAR}
                </if>
                                    </set>
        where shake_analysis_page = #{shakeAnalysisPage,jdbcType=BIGINT}
    </update>

    <select id="get" resultMap="queryResultMap" parameterType="com.weimob.o2o.mgr.shake.domain.ShakeAnalysisPage">
        SELECT t.*
        FROM shake_analysis_page t
        WHERE shake_analysis_page = #{shakeAnalysisPage,jdbcType=BIGINT}
    </select>
    
    <delete id="del" parameterType="com.weimob.o2o.mgr.shake.domain.ShakeAnalysisPage">
        DELETE FROM shake_analysis_page
        WHERE shake_analysis_page = #{shakeAnalysisPage,jdbcType=BIGINT}
    </delete>

</mapper>