<?xml version="1.0" encoding="UTF-8" ?>
<!DOCTYPE  mapper PUBLIC "-//mybatis.org//DTD Mapper 3.0//EN" "http://mybatis.org/dtd/mybatis-3-mapper.dtd" >
<mapper namespace="com.ayuan.blog.dao.AccountDao">
    <resultMap id="queryResultMap" type="com.ayuan.blog.domain.Account">
                <result column="id" property="id" jdbcType="INTEGER" />
                <result column="account" property="account" jdbcType="VARCHAR" />
                <result column="password" property="password" jdbcType="VARCHAR" />
                <result column="type" property="type" jdbcType="INTEGER" />
            </resultMap>

    <select id="find" parameterType="org.durcframework.core.expression.ExpressionQuery"
        resultMap="queryResultMap">
        SELECT t.*
        FROM account t
        <include refid="expressionBlock.where" />
        <choose>
            <when test="sortname == null">
                ORDER BY t.id desc
            </when>
            <otherwise>
                ORDER BY ${order}
            </otherwise>
        </choose>
        <if test="!isQueryAll">
            LIMIT
            #{start,jdbcType=INTEGER},#{limit,jdbcType=INTEGER}
        </if>
    </select>


    <select id="findTotalCount" parameterType="org.durcframework.core.expression.ExpressionQuery"
        resultType="java.lang.Integer">
        SELECT count(*) FROM account t
        <include refid="expressionBlock.where" />
    </select>

    <insert id="save" parameterType="com.ayuan.blog.domain.Account"
    keyProperty="id" keyColumn="id" useGeneratedKeys="true"
    >
    INSERT INTO account
         (
                                                  `account`
                                        , `password`
                                        , `type`
                              )
    VALUES (
                                                  #{account,jdbcType=VARCHAR}
                                        , #{password,jdbcType=VARCHAR}
                                        , #{type,jdbcType=INTEGER}
                     
        )
    </insert>


    <update id="update" parameterType="com.ayuan.blog.domain.Account">
    UPDATE account
    SET 
                                                 account=#{account,jdbcType=VARCHAR}
                                     , password=#{password,jdbcType=VARCHAR}
                                     , type=#{type,jdbcType=INTEGER}
                     WHERE id = #{id,jdbcType=INTEGER}
    </update>

    <update id="updateByPrimaryKeySelective" parameterType="com.ayuan.blog.domain.Account" >
        UPDATE account
        <set>
            set                                                             <if test="account !=null">
                    account=#{account,jdbcType=VARCHAR}
                </if>
                                                            <if test="password !=null">
                    password=#{password,jdbcType=VARCHAR}
                </if>
                                                            <if test="type !=null">
                    type=#{type,jdbcType=INTEGER}
                </if>
                                    </set>
        where id = #{id,jdbcType=INTEGER}
    </update>

    <select id="get" resultMap="queryResultMap" parameterType="com.ayuan.blog.domain.Account">
        SELECT t.*
        FROM account t
        WHERE id = #{id,jdbcType=INTEGER}
    </select>
    
    <delete id="del" parameterType="com.ayuan.blog.domain.Account">
        DELETE FROM account
        WHERE id = #{id,jdbcType=INTEGER}
    </delete>

</mapper>