<?xml version="1.0" encoding="UTF-8" ?>
<!DOCTYPE  mapper PUBLIC "-//mybatis.org//DTD Mapper 3.0//EN" "http://mybatis.org/dtd/mybatis-3-mapper.dtd" >
<mapper namespace="com.ayuan.blog.dao.ClassificationDao">
    <resultMap id="queryResultMap" type="com.ayuan.blog.domain.Classification">
                <result column="id" property="id" jdbcType="INTEGER" />
                <result column="clasf_name" property="clasfName" jdbcType="VARCHAR" />
                <result column="create_date" property="createDate" jdbcType="TIMESTAMP" />
                <result column="update_date" property="updateDate" jdbcType="TIMESTAMP" />
                <result column="delete_flag" property="deleteFlag" jdbcType="INTEGER" />
            </resultMap>

    <select id="find" parameterType="org.durcframework.core.expression.ExpressionQuery"
        resultMap="queryResultMap">
        SELECT t.*
        FROM classification t
        <include refid="expressionBlock.where" />
        <choose>
            <when test="sortname == null">
                ORDER BY t.id desc
            </when>
            <otherwise>
                ORDER BY ${order}
            </otherwise>
        </choose>
        <if test="!isQueryAll">
            LIMIT
            #{start,jdbcType=INTEGER},#{limit,jdbcType=INTEGER}
        </if>
    </select>


    <select id="findTotalCount" parameterType="org.durcframework.core.expression.ExpressionQuery"
        resultType="java.lang.Integer">
        SELECT count(*) FROM classification t
        <include refid="expressionBlock.where" />
    </select>

    <insert id="save" parameterType="com.ayuan.blog.domain.Classification"
    keyProperty="id" keyColumn="id" useGeneratedKeys="true"
    >
    INSERT INTO classification
         (
                                                  `clasf_name`
                                        , `create_date`
                                        , `update_date`
                                        , `delete_flag`
                              )
    VALUES (
                                                  #{clasfName,jdbcType=VARCHAR}
                                        , #{createDate,jdbcType=TIMESTAMP}
                                        , #{updateDate,jdbcType=TIMESTAMP}
                                        , #{deleteFlag,jdbcType=INTEGER}
                     
        )
    </insert>


    <update id="update" parameterType="com.ayuan.blog.domain.Classification">
    UPDATE classification
    SET 
                                                 clasf_name=#{clasfName,jdbcType=VARCHAR}
                                     , create_date=#{createDate,jdbcType=TIMESTAMP}
                                     , update_date=#{updateDate,jdbcType=TIMESTAMP}
                                     , delete_flag=#{deleteFlag,jdbcType=INTEGER}
                     WHERE id = #{id,jdbcType=INTEGER}
    </update>

    <update id="updateByPrimaryKeySelective" parameterType="com.ayuan.blog.domain.Classification" >
        UPDATE classification
        <set>
            set                                                             <if test="clasf_name !=null">
                    clasf_name=#{clasfName,jdbcType=VARCHAR}
                </if>
                                                            <if test="create_date !=null">
                    create_date=#{createDate,jdbcType=TIMESTAMP}
                </if>
                                                            <if test="update_date !=null">
                    update_date=#{updateDate,jdbcType=TIMESTAMP}
                </if>
                                                            <if test="delete_flag !=null">
                    delete_flag=#{deleteFlag,jdbcType=INTEGER}
                </if>
                                    </set>
        where id = #{id,jdbcType=INTEGER}
    </update>

    <select id="get" resultMap="queryResultMap" parameterType="com.ayuan.blog.domain.Classification">
        SELECT t.*
        FROM classification t
        WHERE id = #{id,jdbcType=INTEGER}
    </select>
    
    <delete id="del" parameterType="com.ayuan.blog.domain.Classification">
        DELETE FROM classification
        WHERE id = #{id,jdbcType=INTEGER}
    </delete>

</mapper>