<?xml version="1.0" encoding="UTF-8" ?>
<!DOCTYPE  mapper PUBLIC "-//mybatis.org//DTD Mapper 3.0//EN" "http://mybatis.org/dtd/mybatis-3-mapper.dtd" >
<mapper namespace="com.ayuan.blog.dao.DiaryDao">
    <resultMap id="queryResultMap" type="com.ayuan.blog.domain.Diary">
                <result column="id" property="id" jdbcType="INTEGER" />
                <result column="content" property="content" jdbcType="VARCHAR" />
                <result column="create_date" property="createDate" jdbcType="TIMESTAMP" />
                <result column="update_date" property="updateDate" jdbcType="TIMESTAMP" />
                <result column="del_flag" property="delFlag" jdbcType="INTEGER" />
            </resultMap>

    <select id="find" parameterType="org.durcframework.core.expression.ExpressionQuery"
        resultMap="queryResultMap">
        SELECT t.*
        FROM diary t
        <include refid="expressionBlock.where" />
        <choose>
            <when test="sortname == null">
                ORDER BY t.id desc
            </when>
            <otherwise>
                ORDER BY ${order}
            </otherwise>
        </choose>
        <if test="!isQueryAll">
            LIMIT
            #{start,jdbcType=INTEGER},#{limit,jdbcType=INTEGER}
        </if>
    </select>


    <select id="findTotalCount" parameterType="org.durcframework.core.expression.ExpressionQuery"
        resultType="java.lang.Integer">
        SELECT count(*) FROM diary t
        <include refid="expressionBlock.where" />
    </select>

    <insert id="save" parameterType="com.ayuan.blog.domain.Diary"
    keyProperty="id" keyColumn="id" useGeneratedKeys="true"
    >
    INSERT INTO diary
         (
                                                  `content`
                                        , `create_date`
                                        , `update_date`
                                        , `del_flag`
                              )
    VALUES (
                                                  #{content,jdbcType=VARCHAR}
                                        , #{createDate,jdbcType=TIMESTAMP}
                                        , #{updateDate,jdbcType=TIMESTAMP}
                                        , #{delFlag,jdbcType=INTEGER}
                     
        )
    </insert>


    <update id="update" parameterType="com.ayuan.blog.domain.Diary">
    UPDATE diary
    SET 
                                                 content=#{content,jdbcType=VARCHAR}
                                     , create_date=#{createDate,jdbcType=TIMESTAMP}
                                     , update_date=#{updateDate,jdbcType=TIMESTAMP}
                                     , del_flag=#{delFlag,jdbcType=INTEGER}
                     WHERE id = #{id,jdbcType=INTEGER}
    </update>

    <update id="updateByPrimaryKeySelective" parameterType="com.ayuan.blog.domain.Diary" >
        UPDATE diary
        <set>
            set                                                             <if test="content !=null">
                    content=#{content,jdbcType=VARCHAR}
                </if>
                                                            <if test="create_date !=null">
                    create_date=#{createDate,jdbcType=TIMESTAMP}
                </if>
                                                            <if test="update_date !=null">
                    update_date=#{updateDate,jdbcType=TIMESTAMP}
                </if>
                                                            <if test="del_flag !=null">
                    del_flag=#{delFlag,jdbcType=INTEGER}
                </if>
                                    </set>
        where id = #{id,jdbcType=INTEGER}
    </update>

    <select id="get" resultMap="queryResultMap" parameterType="com.ayuan.blog.domain.Diary">
        SELECT t.*
        FROM diary t
        WHERE id = #{id,jdbcType=INTEGER}
    </select>
    
    <delete id="del" parameterType="com.ayuan.blog.domain.Diary">
        DELETE FROM diary
        WHERE id = #{id,jdbcType=INTEGER}
    </delete>

</mapper>