<?xml version="1.0" encoding="UTF-8" ?>
<!DOCTYPE  mapper PUBLIC "-//mybatis.org//DTD Mapper 3.0//EN" "http://mybatis.org/dtd/mybatis-3-mapper.dtd" >
<mapper namespace="com.ayuan.blog.dao.UserDao">
    <resultMap id="queryResultMap" type="com.ayuan.blog.domain.User">
                <result column="id" property="id" jdbcType="INTEGER" />
                <result column="account_id" property="accountId" jdbcType="INTEGER" />
                <result column="user_nickname" property="userNickname" jdbcType="VARCHAR" />
                <result column="user_mail" property="userMail" jdbcType="VARCHAR" />
            </resultMap>

    <select id="find" parameterType="org.durcframework.core.expression.ExpressionQuery"
        resultMap="queryResultMap">
        SELECT t.*
        FROM user t
        <include refid="expressionBlock.where" />
        <choose>
            <when test="sortname == null">
                ORDER BY t.id desc
            </when>
            <otherwise>
                ORDER BY ${order}
            </otherwise>
        </choose>
        <if test="!isQueryAll">
            LIMIT
            #{start,jdbcType=INTEGER},#{limit,jdbcType=INTEGER}
        </if>
    </select>


    <select id="findTotalCount" parameterType="org.durcframework.core.expression.ExpressionQuery"
        resultType="java.lang.Integer">
        SELECT count(*) FROM user t
        <include refid="expressionBlock.where" />
    </select>

    <insert id="save" parameterType="com.ayuan.blog.domain.User"
    keyProperty="id" keyColumn="id" useGeneratedKeys="true"
    >
    INSERT INTO user
         (
                                                  `account_id`
                                        , `user_nickname`
                                        , `user_mail`
                              )
    VALUES (
                                                  #{accountId,jdbcType=INTEGER}
                                        , #{userNickname,jdbcType=VARCHAR}
                                        , #{userMail,jdbcType=VARCHAR}
                     
        )
    </insert>


    <update id="update" parameterType="com.ayuan.blog.domain.User">
    UPDATE user
    SET 
                                                 account_id=#{accountId,jdbcType=INTEGER}
                                     , user_nickname=#{userNickname,jdbcType=VARCHAR}
                                     , user_mail=#{userMail,jdbcType=VARCHAR}
                     WHERE id = #{id,jdbcType=INTEGER}
    </update>

    <update id="updateByPrimaryKeySelective" parameterType="com.ayuan.blog.domain.User" >
        UPDATE user
        <set>
            set                                                             <if test="account_id !=null">
                    account_id=#{accountId,jdbcType=INTEGER}
                </if>
                                                            <if test="user_nickname !=null">
                    user_nickname=#{userNickname,jdbcType=VARCHAR}
                </if>
                                                            <if test="user_mail !=null">
                    user_mail=#{userMail,jdbcType=VARCHAR}
                </if>
                                    </set>
        where id = #{id,jdbcType=INTEGER}
    </update>

    <select id="get" resultMap="queryResultMap" parameterType="com.ayuan.blog.domain.User">
        SELECT t.*
        FROM user t
        WHERE id = #{id,jdbcType=INTEGER}
    </select>
    
    <delete id="del" parameterType="com.ayuan.blog.domain.User">
        DELETE FROM user
        WHERE id = #{id,jdbcType=INTEGER}
    </delete>

</mapper>