<?xml version="1.0" encoding="UTF-8" ?>
<!DOCTYPE  mapper PUBLIC "-//mybatis.org//DTD Mapper 3.0//EN" "http://mybatis.org/dtd/mybatis-3-mapper.dtd" >
<mapper namespace="com.weimob.o2o.mgr.dao.ShakeDeviceApplyDao">
    <resultMap id="queryResultMap" type="com.weimob.o2o.mgr.entity.ShakeDeviceApply">
                <result column="shake_device_apply_id" property="shakeDeviceApplyId" jdbcType="INTEGER" />
                <result column="quanttity" property="quanttity" jdbcType="INTEGER" />
                <result column="apply_reason" property="applyReason" jdbcType="VARCHAR" />
                <result column="comment" property="comment" jdbcType="VARCHAR" />
                <result column="poi_id" property="poiId" jdbcType="VARCHAR" />
                <result column="apply_id" property="applyId" jdbcType="VARCHAR" />
                <result column="audit_status" property="auditStatus" jdbcType="INTEGER" />
                <result column="audit_comment" property="auditComment" jdbcType="VARCHAR" />
                <result column="apply_time" property="applyTime" jdbcType="TIMESTAMP" />
                <result column="audit_time" property="auditTime" jdbcType="TIMESTAMP" />
                <result column="merchant_id" property="merchantId" jdbcType="INTEGER" />
            </resultMap>

    <select id="find" parameterType="org.durcframework.core.expression.ExpressionQuery"
		resultMap="queryResultMap">
		SELECT t.*
		FROM shake_device_apply t
		<include refid="expressionBlock.where" />
		<choose>
			<when test="sortname == null">
				ORDER BY t.shake_device_apply_id desc
			</when>
			<otherwise>
				ORDER BY ${order}
			</otherwise>
		</choose>
		<if test="!isQueryAll">
			LIMIT
			#{start,jdbcType=INTEGER},#{limit,jdbcType=INTEGER}
		</if>
	</select>


    <select id="findTotalCount" parameterType="org.durcframework.core.expression.ExpressionQuery"
		resultType="java.lang.Integer">
		SELECT count(*) FROM shake_device_apply t
		<include refid="expressionBlock.where" />
    </select>

    <insert id="save" parameterType="com.weimob.o2o.mgr.entity.ShakeDeviceApply"
    >
	INSERT INTO shake_device_apply
         (
                              `shake_device_apply_id`
                                        , `quanttity`
                                        , `apply_reason`
                                        , `comment`
                                        , `poi_id`
                                        , `apply_id`
                                        , `audit_status`
                                        , `audit_comment`
                                        , `apply_time`
                                        , `audit_time`
                                        , `merchant_id`
                              )
	VALUES (
                              #{shakeDeviceApplyId,jdbcType=INTEGER}
                                        , #{quanttity,jdbcType=INTEGER}
                                        , #{applyReason,jdbcType=VARCHAR}
                                        , #{comment,jdbcType=VARCHAR}
                                        , #{poiId,jdbcType=VARCHAR}
                                        , #{applyId,jdbcType=VARCHAR}
                                        , #{auditStatus,jdbcType=INTEGER}
                                        , #{auditComment,jdbcType=VARCHAR}
                                        , #{applyTime,jdbcType=TIMESTAMP}
                                        , #{auditTime,jdbcType=TIMESTAMP}
                                        , #{merchantId,jdbcType=INTEGER}
                     
        )
	</insert>


    <update id="update" parameterType="com.weimob.o2o.mgr.entity.ShakeDeviceApply">
    UPDATE shake_device_apply
    SET 
                                                 quanttity=#{quanttity,jdbcType=INTEGER}
                                     , apply_reason=#{applyReason,jdbcType=VARCHAR}
                                     , comment=#{comment,jdbcType=VARCHAR}
                                     , poi_id=#{poiId,jdbcType=VARCHAR}
                                     , apply_id=#{applyId,jdbcType=VARCHAR}
                                     , audit_status=#{auditStatus,jdbcType=INTEGER}
                                     , audit_comment=#{auditComment,jdbcType=VARCHAR}
                                     , apply_time=#{applyTime,jdbcType=TIMESTAMP}
                                     , audit_time=#{auditTime,jdbcType=TIMESTAMP}
                                     , merchant_id=#{merchantId,jdbcType=INTEGER}
                     WHERE shake_device_apply_id = #{shakeDeviceApplyId,jdbcType=INTEGER}
    </update>

    <select id="get" resultMap="queryResultMap" parameterType="com.weimob.o2o.mgr.entity.ShakeDeviceApply">
		SELECT t.*
		FROM shake_device_apply t
		WHERE shake_device_apply_id = #{shakeDeviceApplyId,jdbcType=INTEGER}
	</select>
	
	<delete id="del" parameterType="com.weimob.o2o.mgr.entity.ShakeDeviceApply">
		DELETE FROM shake_device_apply
		WHERE shake_device_apply_id = #{shakeDeviceApplyId,jdbcType=INTEGER}
	</delete>

</mapper>