<?xml version="1.0" encoding="UTF-8" ?>
<!DOCTYPE  mapper PUBLIC "-//mybatis.org//DTD Mapper 3.0//EN" "http://mybatis.org/dtd/mybatis-3-mapper.dtd" >
<mapper namespace="com.weimob.o2o.mgr.dao.ShakeDevicePageDao">
    <resultMap id="queryResultMap" type="com.weimob.o2o.mgr.entity.ShakeDevicePage">
                <result column="shake_device_page_id" property="shakeDevicePageId" jdbcType="INTEGER" />
                <result column="shake_device_id" property="shakeDeviceId" jdbcType="INTEGER" />
                <result column="shake_page_id" property="shakePageId" jdbcType="INTEGER" />
            </resultMap>

    <select id="find" parameterType="org.durcframework.core.expression.ExpressionQuery"
		resultMap="queryResultMap">
		SELECT t.*
		FROM shake_device_page t
		<include refid="expressionBlock.where" />
		<choose>
			<when test="sortname == null">
				ORDER BY t.shake_device_page_id desc
			</when>
			<otherwise>
				ORDER BY ${order}
			</otherwise>
		</choose>
		<if test="!isQueryAll">
			LIMIT
			#{start,jdbcType=INTEGER},#{limit,jdbcType=INTEGER}
		</if>
	</select>


    <select id="findTotalCount" parameterType="org.durcframework.core.expression.ExpressionQuery"
		resultType="java.lang.Integer">
		SELECT count(*) FROM shake_device_page t
		<include refid="expressionBlock.where" />
    </select>

    <insert id="save" parameterType="com.weimob.o2o.mgr.entity.ShakeDevicePage"
    >
	INSERT INTO shake_device_page
         (
                              `shake_device_page_id`
                                        , `shake_device_id`
                                        , `shake_page_id`
                              )
	VALUES (
                              #{shakeDevicePageId,jdbcType=INTEGER}
                                        , #{shakeDeviceId,jdbcType=INTEGER}
                                        , #{shakePageId,jdbcType=INTEGER}
                     
        )
	</insert>


    <update id="update" parameterType="com.weimob.o2o.mgr.entity.ShakeDevicePage">
    UPDATE shake_device_page
    SET 
                                                 shake_device_id=#{shakeDeviceId,jdbcType=INTEGER}
                                     , shake_page_id=#{shakePageId,jdbcType=INTEGER}
                     WHERE shake_device_page_id = #{shakeDevicePageId,jdbcType=INTEGER}
    </update>

    <select id="get" resultMap="queryResultMap" parameterType="com.weimob.o2o.mgr.entity.ShakeDevicePage">
		SELECT t.*
		FROM shake_device_page t
		WHERE shake_device_page_id = #{shakeDevicePageId,jdbcType=INTEGER}
	</select>
	
	<delete id="del" parameterType="com.weimob.o2o.mgr.entity.ShakeDevicePage">
		DELETE FROM shake_device_page
		WHERE shake_device_page_id = #{shakeDevicePageId,jdbcType=INTEGER}
	</delete>

</mapper>