<?xml version="1.0" encoding="UTF-8" ?>
<!DOCTYPE  mapper PUBLIC "-//mybatis.org//DTD Mapper 3.0//EN" "http://mybatis.org/dtd/mybatis-3-mapper.dtd" >
<mapper namespace="com.example.dao.ArticleDao">
    <resultMap id="queryResultMap" type="com.example.domain.Article">
                <result column="id" property="id" jdbcType="INTEGER" />
                <result column="title" property="title" jdbcType="VARCHAR" />
                <result column="pic_url" property="picUrl" jdbcType="VARCHAR" />
                <result column="content" property="content" jdbcType="VARCHAR" />
                <result column="clasf_id" property="clasfId" jdbcType="INTEGER" />
                <result column="delete_flag" property="deleteFlag" jdbcType="INTEGER" />
                <result column="user_id" property="userId" jdbcType="INTEGER" />
                <result column="user_name" property="userName" jdbcType="VARCHAR" />
                <result column="create_date" property="createDate" jdbcType="TIMESTAMP" />
                <result column="update_date" property="updateDate" jdbcType="TIMESTAMP" />
                <result column="view_number" property="viewNumber" jdbcType="INTEGER" />
                <result column="up_number" property="upNumber" jdbcType="INTEGER" />
            </resultMap>

    <select id="find" parameterType="org.durcframework.core.expression.ExpressionQuery"
        resultMap="queryResultMap">
        SELECT t.*
        FROM article t
        <include refid="expressionBlock.where" />
        <choose>
            <when test="sortname == null">
                ORDER BY t.id desc
            </when>
            <otherwise>
                ORDER BY ${order}
            </otherwise>
        </choose>
        <if test="!isQueryAll">
            LIMIT
            #{start,jdbcType=INTEGER},#{limit,jdbcType=INTEGER}
        </if>
    </select>


    <select id="findTotalCount" parameterType="org.durcframework.core.expression.ExpressionQuery"
        resultType="java.lang.Integer">
        SELECT count(*) FROM article t
        <include refid="expressionBlock.where" />
    </select>

    <insert id="save" parameterType="com.example.domain.Article"
    keyProperty="id" keyColumn="id" useGeneratedKeys="true"
    >
    INSERT INTO article
         (
                                                  `title`
                                        , `pic_url`
                                        , `content`
                                        , `clasf_id`
                                        , `delete_flag`
                                        , `user_id`
                                        , `user_name`
                                        , `create_date`
                                        , `update_date`
                                        , `view_number`
                                        , `up_number`
                              )
    VALUES (
                                                  #{title,jdbcType=VARCHAR}
                                        , #{picUrl,jdbcType=VARCHAR}
                                        , #{content,jdbcType=VARCHAR}
                                        , #{clasfId,jdbcType=INTEGER}
                                        , #{deleteFlag,jdbcType=INTEGER}
                                        , #{userId,jdbcType=INTEGER}
                                        , #{userName,jdbcType=VARCHAR}
                                        , #{createDate,jdbcType=TIMESTAMP}
                                        , #{updateDate,jdbcType=TIMESTAMP}
                                        , #{viewNumber,jdbcType=INTEGER}
                                        , #{upNumber,jdbcType=INTEGER}
                     
        )
    </insert>

<insert id="insertBatch" parameterType="java.util.List">
    INSERT INTO article
        (
                                                                                         `title`
                                                                                    , `pic_url`
                                                                                    , `content`
                                                                                    , `clasf_id`
                                                                                    , `delete_flag`
                                                                                    , `user_id`
                                                                                    , `user_name`
                                                                                    , `create_date`
                                                                                    , `update_date`
                                                                                    , `view_number`
                                                                                    , `up_number`
                                                        )
    VALUES 
        <foreach collection="records" index="index" item="record" separator=",">
            (
                                                                                                                 #{record.title,jdbcType=VARCHAR}
                                                                                                        , #{record.picUrl,jdbcType=VARCHAR}
                                                                                                        , #{record.content,jdbcType=VARCHAR}
                                                                                                        , #{record.clasfId,jdbcType=INTEGER}
                                                                                                        , #{record.deleteFlag,jdbcType=INTEGER}
                                                                                                        , #{record.userId,jdbcType=INTEGER}
                                                                                                        , #{record.userName,jdbcType=VARCHAR}
                                                                                                        , #{record.createDate,jdbcType=TIMESTAMP}
                                                                                                        , #{record.updateDate,jdbcType=TIMESTAMP}
                                                                                                        , #{record.viewNumber,jdbcType=INTEGER}
                                                                                                        , #{record.upNumber,jdbcType=INTEGER}
                                                                        )
        </foreach> 
</insert>

    <update id="update" parameterType="com.example.domain.Article">
    UPDATE article
    SET 
                                                 title=#{title,jdbcType=VARCHAR}
                                     , pic_url=#{picUrl,jdbcType=VARCHAR}
                                     , content=#{content,jdbcType=VARCHAR}
                                     , clasf_id=#{clasfId,jdbcType=INTEGER}
                                     , delete_flag=#{deleteFlag,jdbcType=INTEGER}
                                     , user_id=#{userId,jdbcType=INTEGER}
                                     , user_name=#{userName,jdbcType=VARCHAR}
                                     , create_date=#{createDate,jdbcType=TIMESTAMP}
                                     , update_date=#{updateDate,jdbcType=TIMESTAMP}
                                     , view_number=#{viewNumber,jdbcType=INTEGER}
                                     , up_number=#{upNumber,jdbcType=INTEGER}
                     WHERE id = #{id,jdbcType=INTEGER}
    </update>

    <update id="updateByPrimaryKeySelective" parameterType="com.example.domain.Article" >
        UPDATE article
        <set>
            set                                                             <if test="title !=null">
                    title=#{title,jdbcType=VARCHAR}
                </if>
                                                            <if test="pic_url !=null">
                    pic_url=#{picUrl,jdbcType=VARCHAR}
                </if>
                                                            <if test="content !=null">
                    content=#{content,jdbcType=VARCHAR}
                </if>
                                                            <if test="clasf_id !=null">
                    clasf_id=#{clasfId,jdbcType=INTEGER}
                </if>
                                                            <if test="delete_flag !=null">
                    delete_flag=#{deleteFlag,jdbcType=INTEGER}
                </if>
                                                            <if test="user_id !=null">
                    user_id=#{userId,jdbcType=INTEGER}
                </if>
                                                            <if test="user_name !=null">
                    user_name=#{userName,jdbcType=VARCHAR}
                </if>
                                                            <if test="create_date !=null">
                    create_date=#{createDate,jdbcType=TIMESTAMP}
                </if>
                                                            <if test="update_date !=null">
                    update_date=#{updateDate,jdbcType=TIMESTAMP}
                </if>
                                                            <if test="view_number !=null">
                    view_number=#{viewNumber,jdbcType=INTEGER}
                </if>
                                                            <if test="up_number !=null">
                    up_number=#{upNumber,jdbcType=INTEGER}
                </if>
                                    </set>
        where id = #{id,jdbcType=INTEGER}
    </update>

    <select id="get" resultMap="queryResultMap" parameterType="com.example.domain.Article">
        SELECT t.*
        FROM article t
        WHERE id = #{id,jdbcType=INTEGER}
    </select>
    
    <delete id="del" parameterType="com.example.domain.Article">
        DELETE FROM article
        WHERE id = #{id,jdbcType=INTEGER}
    </delete>

</mapper>