<?xml version="1.0" encoding="UTF-8" ?>
<!DOCTYPE  mapper PUBLIC "-//mybatis.org//DTD Mapper 3.0//EN" "http://mybatis.org/dtd/mybatis-3-mapper.dtd" >
<mapper namespace="com.example.dao.CommentDao">
    <resultMap id="queryResultMap" type="com.example.domain.Comment">
                <result column="comment_Id" property="commentId" jdbcType="INTEGER" />
                <result column="article_id" property="articleId" jdbcType="INTEGER" />
                <result column="comment_user_id" property="commentUserId" jdbcType="INTEGER" />
                <result column="comment_user_name" property="commentUserName" jdbcType="VARCHAR" />
                <result column="content" property="content" jdbcType="VARCHAR" />
                <result column="delete_flag" property="deleteFlag" jdbcType="TINYINT" />
                <result column="update_time" property="updateTime" jdbcType="TIMESTAMP" />
                <result column="create_time" property="createTime" jdbcType="TIMESTAMP" />
            </resultMap>

    <select id="find" parameterType="org.durcframework.core.expression.ExpressionQuery"
        resultMap="queryResultMap">
        SELECT t.*
        FROM comment t
        <include refid="expressionBlock.where" />
        <choose>
            <when test="sortname == null">
                ORDER BY t.comment_Id desc
            </when>
            <otherwise>
                ORDER BY ${order}
            </otherwise>
        </choose>
        <if test="!isQueryAll">
            LIMIT
            #{start,jdbcType=INTEGER},#{limit,jdbcType=INTEGER}
        </if>
    </select>


    <select id="findTotalCount" parameterType="org.durcframework.core.expression.ExpressionQuery"
        resultType="java.lang.Integer">
        SELECT count(*) FROM comment t
        <include refid="expressionBlock.where" />
    </select>

    <insert id="save" parameterType="com.example.domain.Comment"
    keyProperty="commentId" keyColumn="comment_Id" useGeneratedKeys="true"
    >
    INSERT INTO comment
         (
                                                  `article_id`
                                        , `comment_user_id`
                                        , `comment_user_name`
                                        , `content`
                                        , `delete_flag`
                                        , `update_time`
                                        , `create_time`
                              )
    VALUES (
                                                  #{articleId,jdbcType=INTEGER}
                                        , #{commentUserId,jdbcType=INTEGER}
                                        , #{commentUserName,jdbcType=VARCHAR}
                                        , #{content,jdbcType=VARCHAR}
                                        , #{deleteFlag,jdbcType=TINYINT}
                                        , #{updateTime,jdbcType=TIMESTAMP}
                                        , #{createTime,jdbcType=TIMESTAMP}
                     
        )
    </insert>

<insert id="insertBatch" parameterType="java.util.List">
    INSERT INTO comment
        (
                                                                                         `article_id`
                                                                                    , `comment_user_id`
                                                                                    , `comment_user_name`
                                                                                    , `content`
                                                                                    , `delete_flag`
                                                                                    , `update_time`
                                                                                    , `create_time`
                                                        )
    VALUES 
        <foreach collection="records" index="index" item="record" separator=",">
            (
                                                                                                                 #{record.articleId,jdbcType=INTEGER}
                                                                                                        , #{record.commentUserId,jdbcType=INTEGER}
                                                                                                        , #{record.commentUserName,jdbcType=VARCHAR}
                                                                                                        , #{record.content,jdbcType=VARCHAR}
                                                                                                        , #{record.deleteFlag,jdbcType=TINYINT}
                                                                                                        , #{record.updateTime,jdbcType=TIMESTAMP}
                                                                                                        , #{record.createTime,jdbcType=TIMESTAMP}
                                                                        )
        </foreach> 
</insert>

    <update id="update" parameterType="com.example.domain.Comment">
    UPDATE comment
    SET 
                                                 article_id=#{articleId,jdbcType=INTEGER}
                                     , comment_user_id=#{commentUserId,jdbcType=INTEGER}
                                     , comment_user_name=#{commentUserName,jdbcType=VARCHAR}
                                     , content=#{content,jdbcType=VARCHAR}
                                     , delete_flag=#{deleteFlag,jdbcType=TINYINT}
                                     , update_time=#{updateTime,jdbcType=TIMESTAMP}
                                     , create_time=#{createTime,jdbcType=TIMESTAMP}
                     WHERE comment_Id = #{commentId,jdbcType=INTEGER}
    </update>

    <update id="updateByPrimaryKeySelective" parameterType="com.example.domain.Comment" >
        UPDATE comment
        <set>
            set                                                             <if test="article_id !=null">
                    article_id=#{articleId,jdbcType=INTEGER}
                </if>
                                                            <if test="comment_user_id !=null">
                    comment_user_id=#{commentUserId,jdbcType=INTEGER}
                </if>
                                                            <if test="comment_user_name !=null">
                    comment_user_name=#{commentUserName,jdbcType=VARCHAR}
                </if>
                                                            <if test="content !=null">
                    content=#{content,jdbcType=VARCHAR}
                </if>
                                                            <if test="delete_flag !=null">
                    delete_flag=#{deleteFlag,jdbcType=TINYINT}
                </if>
                                                            <if test="update_time !=null">
                    update_time=#{updateTime,jdbcType=TIMESTAMP}
                </if>
                                                            <if test="create_time !=null">
                    create_time=#{createTime,jdbcType=TIMESTAMP}
                </if>
                                    </set>
        where comment_Id = #{commentId,jdbcType=INTEGER}
    </update>

    <select id="get" resultMap="queryResultMap" parameterType="com.example.domain.Comment">
        SELECT t.*
        FROM comment t
        WHERE comment_Id = #{commentId,jdbcType=INTEGER}
    </select>
    
    <delete id="del" parameterType="com.example.domain.Comment">
        DELETE FROM comment
        WHERE comment_Id = #{commentId,jdbcType=INTEGER}
    </delete>

</mapper>