<?xml version="1.0" encoding="UTF-8" ?>
<!DOCTYPE  mapper PUBLIC "-//mybatis.org//DTD Mapper 3.0//EN" "http://mybatis.org/dtd/mybatis-3-mapper.dtd" >
<mapper namespace="com.example.dao.UpLogDao">
    <resultMap id="queryResultMap" type="com.example.domain.UpLog">
                <result column="up_log_id" property="upLogId" jdbcType="INTEGER" />
                <result column="user_id" property="userId" jdbcType="INTEGER" />
                <result column="article_Id" property="articleId" jdbcType="INTEGER" />
                <result column="delete_flag" property="deleteFlag" jdbcType="TINYINT" />
                <result column="create_time" property="createTime" jdbcType="TIMESTAMP" />
                <result column="update_time" property="updateTime" jdbcType="TIMESTAMP" />
            </resultMap>

    <select id="find" parameterType="org.durcframework.core.expression.ExpressionQuery"
        resultMap="queryResultMap">
        SELECT t.*
        FROM up_log t
        <include refid="expressionBlock.where" />
        <choose>
            <when test="sortname == null">
                ORDER BY t.up_log_id desc
            </when>
            <otherwise>
                ORDER BY ${order}
            </otherwise>
        </choose>
        <if test="!isQueryAll">
            LIMIT
            #{start,jdbcType=INTEGER},#{limit,jdbcType=INTEGER}
        </if>
    </select>


    <select id="findTotalCount" parameterType="org.durcframework.core.expression.ExpressionQuery"
        resultType="java.lang.Integer">
        SELECT count(*) FROM up_log t
        <include refid="expressionBlock.where" />
    </select>

    <insert id="save" parameterType="com.example.domain.UpLog"
    keyProperty="upLogId" keyColumn="up_log_id" useGeneratedKeys="true"
    >
    INSERT INTO up_log
         (
                                                  `user_id`
                                        , `article_Id`
                                        , `delete_flag`
                                        , `create_time`
                                        , `update_time`
                              )
    VALUES (
                                                  #{userId,jdbcType=INTEGER}
                                        , #{articleId,jdbcType=INTEGER}
                                        , #{deleteFlag,jdbcType=TINYINT}
                                        , #{createTime,jdbcType=TIMESTAMP}
                                        , #{updateTime,jdbcType=TIMESTAMP}
                     
        )
    </insert>

<insert id="insertBatch" parameterType="java.util.List">
    INSERT INTO up_log
        (
                                                                                         `user_id`
                                                                                    , `article_Id`
                                                                                    , `delete_flag`
                                                                                    , `create_time`
                                                                                    , `update_time`
                                                        )
    VALUES 
        <foreach collection="records" index="index" item="record" separator=",">
            (
                                                                                                                 #{record.userId,jdbcType=INTEGER}
                                                                                                        , #{record.articleId,jdbcType=INTEGER}
                                                                                                        , #{record.deleteFlag,jdbcType=TINYINT}
                                                                                                        , #{record.createTime,jdbcType=TIMESTAMP}
                                                                                                        , #{record.updateTime,jdbcType=TIMESTAMP}
                                                                        )
        </foreach> 
</insert>

    <update id="update" parameterType="com.example.domain.UpLog">
    UPDATE up_log
    SET 
                                                 user_id=#{userId,jdbcType=INTEGER}
                                     , article_Id=#{articleId,jdbcType=INTEGER}
                                     , delete_flag=#{deleteFlag,jdbcType=TINYINT}
                                     , create_time=#{createTime,jdbcType=TIMESTAMP}
                                     , update_time=#{updateTime,jdbcType=TIMESTAMP}
                     WHERE up_log_id = #{upLogId,jdbcType=INTEGER}
    </update>

    <update id="updateByPrimaryKeySelective" parameterType="com.example.domain.UpLog" >
        UPDATE up_log
        <set>
            set                                                             <if test="user_id !=null">
                    user_id=#{userId,jdbcType=INTEGER}
                </if>
                                                            <if test="article_Id !=null">
                    article_Id=#{articleId,jdbcType=INTEGER}
                </if>
                                                            <if test="delete_flag !=null">
                    delete_flag=#{deleteFlag,jdbcType=TINYINT}
                </if>
                                                            <if test="create_time !=null">
                    create_time=#{createTime,jdbcType=TIMESTAMP}
                </if>
                                                            <if test="update_time !=null">
                    update_time=#{updateTime,jdbcType=TIMESTAMP}
                </if>
                                    </set>
        where up_log_id = #{upLogId,jdbcType=INTEGER}
    </update>

    <select id="get" resultMap="queryResultMap" parameterType="com.example.domain.UpLog">
        SELECT t.*
        FROM up_log t
        WHERE up_log_id = #{upLogId,jdbcType=INTEGER}
    </select>
    
    <delete id="del" parameterType="com.example.domain.UpLog">
        DELETE FROM up_log
        WHERE up_log_id = #{upLogId,jdbcType=INTEGER}
    </delete>

</mapper>