<?xml version="1.0" encoding="UTF-8" ?>
<!DOCTYPE  mapper PUBLIC "-//mybatis.org//DTD Mapper 3.0//EN" "http://mybatis.org/dtd/mybatis-3-mapper.dtd" >
<mapper namespace="com.weimob.o2o.mgr.wifi.dao.WifiStoreTopBarDao">
    <resultMap id="queryResultMap" type="com.weimob.o2o.mgr.wifi.domain.WifiStoreTopBar">
                <result column="wifi_store_top_bar_id" property="wifiStoreTopBarId" jdbcType="BIGINT" />
                <result column="aid" property="aid" jdbcType="BIGINT" />
                <result column="merchant_id" property="merchantId" jdbcType="BIGINT" />
                <result column="store_id" property="storeId" jdbcType="BIGINT" />
                <result column="wechat_bar_type" property="wechatBarType" jdbcType="INTEGER" />
                <result column="create_time" property="createTime" jdbcType="TIMESTAMP" />
                <result column="update_time" property="updateTime" jdbcType="TIMESTAMP" />
                <result column="create_account_id" property="createAccountId" jdbcType="BIGINT" />
                <result column="update_account_id" property="updateAccountId" jdbcType="BIGINT" />
            </resultMap>

    <select id="find" parameterType="org.durcframework.core.expression.ExpressionQuery"
        resultMap="queryResultMap">
        SELECT t.*
        FROM wifi_store_top_bar t
        <include refid="expressionBlock.where" />
        <choose>
            <when test="sortname == null">
                ORDER BY t.wifi_store_top_bar_id desc
            </when>
            <otherwise>
                ORDER BY ${order}
            </otherwise>
        </choose>
        <if test="!isQueryAll">
            LIMIT
            #{start,jdbcType=INTEGER},#{limit,jdbcType=INTEGER}
        </if>
    </select>


    <select id="findTotalCount" parameterType="org.durcframework.core.expression.ExpressionQuery"
        resultType="java.lang.Integer">
        SELECT count(*) FROM wifi_store_top_bar t
        <include refid="expressionBlock.where" />
    </select>

    <insert id="save" parameterType="com.weimob.o2o.mgr.wifi.domain.WifiStoreTopBar"
    keyProperty="wifiStoreTopBarId" keyColumn="wifi_store_top_bar_id" useGeneratedKeys="true"
    >
    INSERT INTO wifi_store_top_bar
         (
                                                  `aid`
                                        , `merchant_id`
                                        , `store_id`
                                        , `wechat_bar_type`
                                        , `create_time`
                                        , `update_time`
                                        , `create_account_id`
                                        , `update_account_id`
                              )
    VALUES (
                                                  #{aid,jdbcType=BIGINT}
                                        , #{merchantId,jdbcType=BIGINT}
                                        , #{storeId,jdbcType=BIGINT}
                                        , #{wechatBarType,jdbcType=INTEGER}
                                        , #{createTime,jdbcType=TIMESTAMP}
                                        , #{updateTime,jdbcType=TIMESTAMP}
                                        , #{createAccountId,jdbcType=BIGINT}
                                        , #{updateAccountId,jdbcType=BIGINT}
                     
        )
    </insert>


    <update id="update" parameterType="com.weimob.o2o.mgr.wifi.domain.WifiStoreTopBar">
    UPDATE wifi_store_top_bar
    SET 
                                                 aid=#{aid,jdbcType=BIGINT}
                                     , merchant_id=#{merchantId,jdbcType=BIGINT}
                                     , store_id=#{storeId,jdbcType=BIGINT}
                                     , wechat_bar_type=#{wechatBarType,jdbcType=INTEGER}
                                     , create_time=#{createTime,jdbcType=TIMESTAMP}
                                     , update_time=#{updateTime,jdbcType=TIMESTAMP}
                                     , create_account_id=#{createAccountId,jdbcType=BIGINT}
                                     , update_account_id=#{updateAccountId,jdbcType=BIGINT}
                     WHERE wifi_store_top_bar_id = #{wifiStoreTopBarId,jdbcType=BIGINT}
    </update>

    <update id="updateByPrimaryKeySelective" parameterType="com.weimob.o2o.mgr.wifi.domain.WifiStoreTopBar" >
        UPDATE wifi_store_top_bar
        <set>
            set                                                             <if test="aid !=null">
                    aid=#{aid,jdbcType=BIGINT}
                </if>
                                                            <if test="merchant_id !=null">
                    merchant_id=#{merchantId,jdbcType=BIGINT}
                </if>
                                                            <if test="store_id !=null">
                    store_id=#{storeId,jdbcType=BIGINT}
                </if>
                                                            <if test="wechat_bar_type !=null">
                    wechat_bar_type=#{wechatBarType,jdbcType=INTEGER}
                </if>
                                                            <if test="create_time !=null">
                    create_time=#{createTime,jdbcType=TIMESTAMP}
                </if>
                                                            <if test="update_time !=null">
                    update_time=#{updateTime,jdbcType=TIMESTAMP}
                </if>
                                                            <if test="create_account_id !=null">
                    create_account_id=#{createAccountId,jdbcType=BIGINT}
                </if>
                                                            <if test="update_account_id !=null">
                    update_account_id=#{updateAccountId,jdbcType=BIGINT}
                </if>
                                    </set>
        where wifi_store_top_bar_id = #{wifiStoreTopBarId,jdbcType=BIGINT}
    </update>

    <select id="get" resultMap="queryResultMap" parameterType="com.weimob.o2o.mgr.wifi.domain.WifiStoreTopBar">
        SELECT t.*
        FROM wifi_store_top_bar t
        WHERE wifi_store_top_bar_id = #{wifiStoreTopBarId,jdbcType=BIGINT}
    </select>
    
    <delete id="del" parameterType="com.weimob.o2o.mgr.wifi.domain.WifiStoreTopBar">
        DELETE FROM wifi_store_top_bar
        WHERE wifi_store_top_bar_id = #{wifiStoreTopBarId,jdbcType=BIGINT}
    </delete>

</mapper>