<?xml version="1.0" encoding="UTF-8" ?>
<!DOCTYPE  mapper PUBLIC "-//mybatis.org//DTD Mapper 3.0//EN" "http://mybatis.org/dtd/mybatis-3-mapper.dtd" >
<mapper namespace="com.weimob.o2oreport.mgr.dao.O2oWxFriendCardDailySummaryDao">
    <resultMap id="queryResultMap" type="com.weimob.o2oreport.mgr.domain.O2oWxFriendCardDailySummary">
                <result column="id" property="id" jdbcType="BIGINT" />
                <result column="merchant_id" property="merchantId" jdbcType="BIGINT" />
                <result column="ref_date" property="refDate" jdbcType="VARCHAR" />
                <result column="view_cnt" property="viewCnt" jdbcType="BIGINT" />
                <result column="view_user" property="viewUser" jdbcType="BIGINT" />
                <result column="receive_cnt" property="receiveCnt" jdbcType="BIGINT" />
                <result column="receive_user" property="receiveUser" jdbcType="BIGINT" />
                <result column="verify_cnt" property="verifyCnt" jdbcType="BIGINT" />
                <result column="verify_user" property="verifyUser" jdbcType="BIGINT" />
                <result column="given_cnt" property="givenCnt" jdbcType="BIGINT" />
                <result column="given_user" property="givenUser" jdbcType="BIGINT" />
                <result column="expire_cnt" property="expireCnt" jdbcType="BIGINT" />
                <result column="expire_user" property="expireUser" jdbcType="BIGINT" />
                <result column="update_time" property="updateTime" jdbcType="TIMESTAMP" />
            </resultMap>

    <select id="find" parameterType="org.durcframework.core.expression.ExpressionQuery"
        resultMap="queryResultMap">
        SELECT t.*
        FROM o2o_wx_friend_card_daily_summary t
        <include refid="expressionBlock.where" />
        <choose>
            <when test="sortname == null">
                ORDER BY t.id desc
            </when>
            <otherwise>
                ORDER BY ${order}
            </otherwise>
        </choose>
        <if test="!isQueryAll">
            LIMIT
            #{start,jdbcType=INTEGER},#{limit,jdbcType=INTEGER}
        </if>
    </select>


    <select id="findTotalCount" parameterType="org.durcframework.core.expression.ExpressionQuery"
        resultType="java.lang.Integer">
        SELECT count(*) FROM o2o_wx_friend_card_daily_summary t
        <include refid="expressionBlock.where" />
    </select>

    <insert id="save" parameterType="com.weimob.o2oreport.mgr.domain.O2oWxFriendCardDailySummary"
    keyProperty="id" keyColumn="id" useGeneratedKeys="true"
    >
    INSERT INTO o2o_wx_friend_card_daily_summary
         (
                                                  `merchant_id`
                                        , `ref_date`
                                        , `view_cnt`
                                        , `view_user`
                                        , `receive_cnt`
                                        , `receive_user`
                                        , `verify_cnt`
                                        , `verify_user`
                                        , `given_cnt`
                                        , `given_user`
                                        , `expire_cnt`
                                        , `expire_user`
                                        , `update_time`
                              )
    VALUES (
                                                  #{merchantId,jdbcType=BIGINT}
                                        , #{refDate,jdbcType=VARCHAR}
                                        , #{viewCnt,jdbcType=BIGINT}
                                        , #{viewUser,jdbcType=BIGINT}
                                        , #{receiveCnt,jdbcType=BIGINT}
                                        , #{receiveUser,jdbcType=BIGINT}
                                        , #{verifyCnt,jdbcType=BIGINT}
                                        , #{verifyUser,jdbcType=BIGINT}
                                        , #{givenCnt,jdbcType=BIGINT}
                                        , #{givenUser,jdbcType=BIGINT}
                                        , #{expireCnt,jdbcType=BIGINT}
                                        , #{expireUser,jdbcType=BIGINT}
                                        , #{updateTime,jdbcType=TIMESTAMP}
                     
        )
    </insert>

<insert id="insertBatch" parameterType="java.util.List">
    INSERT INTO o2o_wx_friend_card_daily_summary
        (
                                                                                         `merchant_id`
                                                                                    , `ref_date`
                                                                                    , `view_cnt`
                                                                                    , `view_user`
                                                                                    , `receive_cnt`
                                                                                    , `receive_user`
                                                                                    , `verify_cnt`
                                                                                    , `verify_user`
                                                                                    , `given_cnt`
                                                                                    , `given_user`
                                                                                    , `expire_cnt`
                                                                                    , `expire_user`
                                                                                    , `update_time`
                                                        )
    VALUES 
        <foreach collection="records" index="index" item="record" separator=",">
            (
                                                                                                                 #{record.merchantId,jdbcType=BIGINT}
                                                                                                        , #{record.refDate,jdbcType=VARCHAR}
                                                                                                        , #{record.viewCnt,jdbcType=BIGINT}
                                                                                                        , #{record.viewUser,jdbcType=BIGINT}
                                                                                                        , #{record.receiveCnt,jdbcType=BIGINT}
                                                                                                        , #{record.receiveUser,jdbcType=BIGINT}
                                                                                                        , #{record.verifyCnt,jdbcType=BIGINT}
                                                                                                        , #{record.verifyUser,jdbcType=BIGINT}
                                                                                                        , #{record.givenCnt,jdbcType=BIGINT}
                                                                                                        , #{record.givenUser,jdbcType=BIGINT}
                                                                                                        , #{record.expireCnt,jdbcType=BIGINT}
                                                                                                        , #{record.expireUser,jdbcType=BIGINT}
                                                                                                        , #{record.updateTime,jdbcType=TIMESTAMP}
                                                                        )
        </foreach> 
</insert>

    <update id="update" parameterType="com.weimob.o2oreport.mgr.domain.O2oWxFriendCardDailySummary">
    UPDATE o2o_wx_friend_card_daily_summary
    SET 
                                                 merchant_id=#{merchantId,jdbcType=BIGINT}
                                     , ref_date=#{refDate,jdbcType=VARCHAR}
                                     , view_cnt=#{viewCnt,jdbcType=BIGINT}
                                     , view_user=#{viewUser,jdbcType=BIGINT}
                                     , receive_cnt=#{receiveCnt,jdbcType=BIGINT}
                                     , receive_user=#{receiveUser,jdbcType=BIGINT}
                                     , verify_cnt=#{verifyCnt,jdbcType=BIGINT}
                                     , verify_user=#{verifyUser,jdbcType=BIGINT}
                                     , given_cnt=#{givenCnt,jdbcType=BIGINT}
                                     , given_user=#{givenUser,jdbcType=BIGINT}
                                     , expire_cnt=#{expireCnt,jdbcType=BIGINT}
                                     , expire_user=#{expireUser,jdbcType=BIGINT}
                                     , update_time=#{updateTime,jdbcType=TIMESTAMP}
                     WHERE id = #{id,jdbcType=BIGINT}
    </update>

    <update id="updateByPrimaryKeySelective" parameterType="com.weimob.o2oreport.mgr.domain.O2oWxFriendCardDailySummary" >
        UPDATE o2o_wx_friend_card_daily_summary
        <set>
            set                                                             <if test="merchant_id !=null">
                    merchant_id=#{merchantId,jdbcType=BIGINT}
                </if>
                                                            <if test="ref_date !=null">
                    ref_date=#{refDate,jdbcType=VARCHAR}
                </if>
                                                            <if test="view_cnt !=null">
                    view_cnt=#{viewCnt,jdbcType=BIGINT}
                </if>
                                                            <if test="view_user !=null">
                    view_user=#{viewUser,jdbcType=BIGINT}
                </if>
                                                            <if test="receive_cnt !=null">
                    receive_cnt=#{receiveCnt,jdbcType=BIGINT}
                </if>
                                                            <if test="receive_user !=null">
                    receive_user=#{receiveUser,jdbcType=BIGINT}
                </if>
                                                            <if test="verify_cnt !=null">
                    verify_cnt=#{verifyCnt,jdbcType=BIGINT}
                </if>
                                                            <if test="verify_user !=null">
                    verify_user=#{verifyUser,jdbcType=BIGINT}
                </if>
                                                            <if test="given_cnt !=null">
                    given_cnt=#{givenCnt,jdbcType=BIGINT}
                </if>
                                                            <if test="given_user !=null">
                    given_user=#{givenUser,jdbcType=BIGINT}
                </if>
                                                            <if test="expire_cnt !=null">
                    expire_cnt=#{expireCnt,jdbcType=BIGINT}
                </if>
                                                            <if test="expire_user !=null">
                    expire_user=#{expireUser,jdbcType=BIGINT}
                </if>
                                                            <if test="update_time !=null">
                    update_time=#{updateTime,jdbcType=TIMESTAMP}
                </if>
                                    </set>
        where id = #{id,jdbcType=BIGINT}
    </update>

    <select id="get" resultMap="queryResultMap" parameterType="com.weimob.o2oreport.mgr.domain.O2oWxFriendCardDailySummary">
        SELECT t.*
        FROM o2o_wx_friend_card_daily_summary t
        WHERE id = #{id,jdbcType=BIGINT}
    </select>
    
    <delete id="del" parameterType="com.weimob.o2oreport.mgr.domain.O2oWxFriendCardDailySummary">
        DELETE FROM o2o_wx_friend_card_daily_summary
        WHERE id = #{id,jdbcType=BIGINT}
    </delete>

</mapper>