<?xml version="1.0" encoding="UTF-8" ?>
<!DOCTYPE  mapper PUBLIC "-//mybatis.org//DTD Mapper 3.0//EN" "http://mybatis.org/dtd/mybatis-3-mapper.dtd" >
<mapper namespace="com.pnote.mgr.account.dao.AccountDao">
    <resultMap id="queryResultMap" type="com.pnote.mgr.account.domain.Account">
                <result column="id" property="id" jdbcType="BIGINT" />
                <result column="account" property="account" jdbcType="VARCHAR" />
                <result column="password" property="password" jdbcType="VARCHAR" />
                <result column="name" property="name" jdbcType="VARCHAR" />
                <result column="tel" property="tel" jdbcType="VARCHAR" />
                <result column="mail" property="mail" jdbcType="VARCHAR" />
                <result column="create_time" property="createTime" jdbcType="TIMESTAMP" />
                <result column="update_time" property="updateTime" jdbcType="TIMESTAMP" />
            </resultMap>

    <select id="find" parameterType="org.durcframework.core.expression.ExpressionQuery"
        resultMap="queryResultMap">
        SELECT t.*
        FROM account t
        <include refid="expressionBlock.where" />
        <choose>
            <when test="sortname == null">
                ORDER BY t.id desc
            </when>
            <otherwise>
                ORDER BY ${order}
            </otherwise>
        </choose>
        <if test="!isQueryAll">
            LIMIT
            #{start,jdbcType=INTEGER},#{limit,jdbcType=INTEGER}
        </if>
    </select>


    <select id="findTotalCount" parameterType="org.durcframework.core.expression.ExpressionQuery"
        resultType="java.lang.Integer">
        SELECT count(*) FROM account t
        <include refid="expressionBlock.where" />
    </select>

    <insert id="save" parameterType="com.pnote.mgr.account.domain.Account"
    keyProperty="id" keyColumn="id" useGeneratedKeys="true"
    >
    INSERT INTO account
         (
                                                  `account`
                                        , `password`
                                        , `name`
                                        , `tel`
                                        , `mail`
                                        , `create_time`
                                        , `update_time`
                              )
    VALUES (
                                                  #{account,jdbcType=VARCHAR}
                                        , #{password,jdbcType=VARCHAR}
                                        , #{name,jdbcType=VARCHAR}
                                        , #{tel,jdbcType=VARCHAR}
                                        , #{mail,jdbcType=VARCHAR}
                                        , #{createTime,jdbcType=TIMESTAMP}
                                        , #{updateTime,jdbcType=TIMESTAMP}
                     
        )
    </insert>


    <update id="update" parameterType="com.pnote.mgr.account.domain.Account">
    UPDATE account
    SET 
                                                 account=#{account,jdbcType=VARCHAR}
                                     , password=#{password,jdbcType=VARCHAR}
                                     , name=#{name,jdbcType=VARCHAR}
                                     , tel=#{tel,jdbcType=VARCHAR}
                                     , mail=#{mail,jdbcType=VARCHAR}
                                     , create_time=#{createTime,jdbcType=TIMESTAMP}
                                     , update_time=#{updateTime,jdbcType=TIMESTAMP}
                     WHERE id = #{id,jdbcType=BIGINT}
    </update>

    <update id="updateByPrimaryKeySelective" parameterType="com.pnote.mgr.account.domain.Account" >
        UPDATE account
        <set>
            set                                                             <if test="account !=null">
                    account=#{account,jdbcType=VARCHAR}
                </if>
                                                            <if test="password !=null">
                    password=#{password,jdbcType=VARCHAR}
                </if>
                                                            <if test="name !=null">
                    name=#{name,jdbcType=VARCHAR}
                </if>
                                                            <if test="tel !=null">
                    tel=#{tel,jdbcType=VARCHAR}
                </if>
                                                            <if test="mail !=null">
                    mail=#{mail,jdbcType=VARCHAR}
                </if>
                                                            <if test="create_time !=null">
                    create_time=#{createTime,jdbcType=TIMESTAMP}
                </if>
                                                            <if test="update_time !=null">
                    update_time=#{updateTime,jdbcType=TIMESTAMP}
                </if>
                                    </set>
        where id = #{id,jdbcType=BIGINT}
    </update>

    <select id="get" resultMap="queryResultMap" parameterType="com.pnote.mgr.account.domain.Account">
        SELECT t.*
        FROM account t
        WHERE id = #{id,jdbcType=BIGINT}
    </select>
    
    <delete id="del" parameterType="com.pnote.mgr.account.domain.Account">
        DELETE FROM account
        WHERE id = #{id,jdbcType=BIGINT}
    </delete>

</mapper>