<?xml version="1.0" encoding="UTF-8" ?>
<!DOCTYPE  mapper PUBLIC "-//mybatis.org//DTD Mapper 3.0//EN" "http://mybatis.org/dtd/mybatis-3-mapper.dtd" >
<mapper namespace="package com.weimob.o2o.mgr.message.dao.MessageGroupDao">
    <resultMap id="queryResultMap" type="package com.weimob.o2o.mgr.message.domain.MessageGroup">
                <result column="message_group_id" property="messageGroupId" jdbcType="BIGINT" />
                <result column="merchant_id" property="merchantId" jdbcType="BIGINT" />
                <result column="user_conditions" property="userConditions" jdbcType="VARCHAR" />
                <result column="msg_type" property="msgType" jdbcType="INTEGER" />
                <result column="media_id" property="mediaId" jdbcType="BIGINT" />
                <result column="wx_media_id" property="wxMediaId" jdbcType="VARCHAR" />
                <result column="text_content" property="textContent" jdbcType="VARCHAR" />
                <result column="video_title" property="videoTitle" jdbcType="VARCHAR" />
                <result column="video_description" property="videoDescription" jdbcType="VARCHAR" />
                <result column="wxcard_card_id" property="wxcardCardId" jdbcType="VARCHAR" />
                <result column="msg_id" property="msgId" jdbcType="VARCHAR" />
                <result column="msg_data_id" property="msgDataId" jdbcType="VARCHAR" />
                <result column="msg_status" property="msgStatus" jdbcType="VARCHAR" />
                <result column="wx_create_time" property="wxCreateTime" jdbcType="BIGINT" />
                <result column="total_count" property="totalCount" jdbcType="BIGINT" />
                <result column="filter_count" property="filterCount" jdbcType="BIGINT" />
                <result column="sent_count" property="sentCount" jdbcType="BIGINT" />
                <result column="error_count" property="errorCount" jdbcType="BIGINT" />
                <result column="create_time" property="createTime" jdbcType="TIMESTAMP" />
                <result column="update_time" property="updateTime" jdbcType="TIMESTAMP" />
                <result column="creata_user_id" property="creataUserId" jdbcType="BIGINT" />
                <result column="update_user_id" property="updateUserId" jdbcType="BIGINT" />
            </resultMap>

    <select id="find" parameterType="org.durcframework.core.expression.ExpressionQuery"
        resultMap="queryResultMap">
        SELECT t.*
        FROM message_group t
        <include refid="expressionBlock.where" />
        <choose>
            <when test="sortname == null">
                ORDER BY t.message_group_id desc
            </when>
            <otherwise>
                ORDER BY ${order}
            </otherwise>
        </choose>
        <if test="!isQueryAll">
            LIMIT
            #{start,jdbcType=INTEGER},#{limit,jdbcType=INTEGER}
        </if>
    </select>


    <select id="findTotalCount" parameterType="org.durcframework.core.expression.ExpressionQuery"
        resultType="java.lang.Integer">
        SELECT count(*) FROM message_group t
        <include refid="expressionBlock.where" />
    </select>

    <insert id="save" parameterType="package com.weimob.o2o.mgr.message.domain.MessageGroup"
    keyProperty="messageGroupId" keyColumn="message_group_id" useGeneratedKeys="true"
    >
    INSERT INTO message_group
         (
                                                  `merchant_id`
                                        , `user_conditions`
                                        , `msg_type`
                                        , `media_id`
                                        , `wx_media_id`
                                        , `text_content`
                                        , `video_title`
                                        , `video_description`
                                        , `wxcard_card_id`
                                        , `msg_id`
                                        , `msg_data_id`
                                        , `msg_status`
                                        , `wx_create_time`
                                        , `total_count`
                                        , `filter_count`
                                        , `sent_count`
                                        , `error_count`
                                        , `create_time`
                                        , `update_time`
                                        , `creata_user_id`
                                        , `update_user_id`
                              )
    VALUES (
                                                  #{merchantId,jdbcType=BIGINT}
                                        , #{userConditions,jdbcType=VARCHAR}
                                        , #{msgType,jdbcType=INTEGER}
                                        , #{mediaId,jdbcType=BIGINT}
                                        , #{wxMediaId,jdbcType=VARCHAR}
                                        , #{textContent,jdbcType=VARCHAR}
                                        , #{videoTitle,jdbcType=VARCHAR}
                                        , #{videoDescription,jdbcType=VARCHAR}
                                        , #{wxcardCardId,jdbcType=VARCHAR}
                                        , #{msgId,jdbcType=VARCHAR}
                                        , #{msgDataId,jdbcType=VARCHAR}
                                        , #{msgStatus,jdbcType=VARCHAR}
                                        , #{wxCreateTime,jdbcType=BIGINT}
                                        , #{totalCount,jdbcType=BIGINT}
                                        , #{filterCount,jdbcType=BIGINT}
                                        , #{sentCount,jdbcType=BIGINT}
                                        , #{errorCount,jdbcType=BIGINT}
                                        , #{createTime,jdbcType=TIMESTAMP}
                                        , #{updateTime,jdbcType=TIMESTAMP}
                                        , #{creataUserId,jdbcType=BIGINT}
                                        , #{updateUserId,jdbcType=BIGINT}
                     
        )
    </insert>


    <update id="update" parameterType="package com.weimob.o2o.mgr.message.domain.MessageGroup">
    UPDATE message_group
    SET 
                                                 merchant_id=#{merchantId,jdbcType=BIGINT}
                                     , user_conditions=#{userConditions,jdbcType=VARCHAR}
                                     , msg_type=#{msgType,jdbcType=INTEGER}
                                     , media_id=#{mediaId,jdbcType=BIGINT}
                                     , wx_media_id=#{wxMediaId,jdbcType=VARCHAR}
                                     , text_content=#{textContent,jdbcType=VARCHAR}
                                     , video_title=#{videoTitle,jdbcType=VARCHAR}
                                     , video_description=#{videoDescription,jdbcType=VARCHAR}
                                     , wxcard_card_id=#{wxcardCardId,jdbcType=VARCHAR}
                                     , msg_id=#{msgId,jdbcType=VARCHAR}
                                     , msg_data_id=#{msgDataId,jdbcType=VARCHAR}
                                     , msg_status=#{msgStatus,jdbcType=VARCHAR}
                                     , wx_create_time=#{wxCreateTime,jdbcType=BIGINT}
                                     , total_count=#{totalCount,jdbcType=BIGINT}
                                     , filter_count=#{filterCount,jdbcType=BIGINT}
                                     , sent_count=#{sentCount,jdbcType=BIGINT}
                                     , error_count=#{errorCount,jdbcType=BIGINT}
                                     , create_time=#{createTime,jdbcType=TIMESTAMP}
                                     , update_time=#{updateTime,jdbcType=TIMESTAMP}
                                     , creata_user_id=#{creataUserId,jdbcType=BIGINT}
                                     , update_user_id=#{updateUserId,jdbcType=BIGINT}
                     WHERE message_group_id = #{messageGroupId,jdbcType=BIGINT}
    </update>

    <update id="updateByPrimaryKeySelective" parameterType="package com.weimob.o2o.mgr.message.domain.MessageGroup" >
        UPDATE message_group
        <set>
            set                                                             <if test="merchant_id !=null">
                    merchant_id=#{merchantId,jdbcType=BIGINT}
                </if>
                                                            <if test="user_conditions !=null">
                    user_conditions=#{userConditions,jdbcType=VARCHAR}
                </if>
                                                            <if test="msg_type !=null">
                    msg_type=#{msgType,jdbcType=INTEGER}
                </if>
                                                            <if test="media_id !=null">
                    media_id=#{mediaId,jdbcType=BIGINT}
                </if>
                                                            <if test="wx_media_id !=null">
                    wx_media_id=#{wxMediaId,jdbcType=VARCHAR}
                </if>
                                                            <if test="text_content !=null">
                    text_content=#{textContent,jdbcType=VARCHAR}
                </if>
                                                            <if test="video_title !=null">
                    video_title=#{videoTitle,jdbcType=VARCHAR}
                </if>
                                                            <if test="video_description !=null">
                    video_description=#{videoDescription,jdbcType=VARCHAR}
                </if>
                                                            <if test="wxcard_card_id !=null">
                    wxcard_card_id=#{wxcardCardId,jdbcType=VARCHAR}
                </if>
                                                            <if test="msg_id !=null">
                    msg_id=#{msgId,jdbcType=VARCHAR}
                </if>
                                                            <if test="msg_data_id !=null">
                    msg_data_id=#{msgDataId,jdbcType=VARCHAR}
                </if>
                                                            <if test="msg_status !=null">
                    msg_status=#{msgStatus,jdbcType=VARCHAR}
                </if>
                                                            <if test="wx_create_time !=null">
                    wx_create_time=#{wxCreateTime,jdbcType=BIGINT}
                </if>
                                                            <if test="total_count !=null">
                    total_count=#{totalCount,jdbcType=BIGINT}
                </if>
                                                            <if test="filter_count !=null">
                    filter_count=#{filterCount,jdbcType=BIGINT}
                </if>
                                                            <if test="sent_count !=null">
                    sent_count=#{sentCount,jdbcType=BIGINT}
                </if>
                                                            <if test="error_count !=null">
                    error_count=#{errorCount,jdbcType=BIGINT}
                </if>
                                                            <if test="create_time !=null">
                    create_time=#{createTime,jdbcType=TIMESTAMP}
                </if>
                                                            <if test="update_time !=null">
                    update_time=#{updateTime,jdbcType=TIMESTAMP}
                </if>
                                                            <if test="creata_user_id !=null">
                    creata_user_id=#{creataUserId,jdbcType=BIGINT}
                </if>
                                                            <if test="update_user_id !=null">
                    update_user_id=#{updateUserId,jdbcType=BIGINT}
                </if>
                                    </set>
        where message_group_id = #{messageGroupId,jdbcType=BIGINT}
    </update>

    <select id="get" resultMap="queryResultMap" parameterType="package com.weimob.o2o.mgr.message.domain.MessageGroup">
        SELECT t.*
        FROM message_group t
        WHERE message_group_id = #{messageGroupId,jdbcType=BIGINT}
    </select>
    
    <delete id="del" parameterType="package com.weimob.o2o.mgr.message.domain.MessageGroup">
        DELETE FROM message_group
        WHERE message_group_id = #{messageGroupId,jdbcType=BIGINT}
    </delete>

</mapper>