<?xml version="1.0" encoding="UTF-8" ?>
<!DOCTYPE  mapper PUBLIC "-//mybatis.org//DTD Mapper 3.0//EN" "http://mybatis.org/dtd/mybatis-3-mapper.dtd" >
<mapper namespace="com.weimob.o2o.mgr.employee.dao.EmployeeIndexSettingDao">
    <resultMap id="queryResultMap" type="com.weimob.o2o.mgr.employee.domain.EmployeeIndexSetting">
                <result column="employee_index_setting_id" property="employeeIndexSettingId" jdbcType="BIGINT" />
                <result column="merchant_id" property="merchantId" jdbcType="BIGINT" />
                <result column="reward_status" property="rewardStatus" jdbcType="INTEGER" />
                <result column="reward_left" property="rewardLeft" jdbcType="INTEGER" />
                <result column="reward_type" property="rewardType" jdbcType="INTEGER" />
                <result column="reward_value" property="rewardValue" jdbcType="Decimal" />
                <result column="type" property="type" jdbcType="INTEGER" />
                <result column="status" property="status" jdbcType="INTEGER" />
                <result column="create_time" property="createTime" jdbcType="TIMESTAMP" />
                <result column="update_time" property="updateTime" jdbcType="TIMESTAMP" />
            </resultMap>

    <select id="find" parameterType="org.durcframework.core.expression.ExpressionQuery"
        resultMap="queryResultMap">
        SELECT t.*
        FROM employee_index_setting t
        <include refid="expressionBlock.where" />
        <choose>
            <when test="sortname == null">
                ORDER BY t.employee_index_setting_id desc
            </when>
            <otherwise>
                ORDER BY ${order}
            </otherwise>
        </choose>
        <if test="!isQueryAll">
            LIMIT
            #{start,jdbcType=INTEGER},#{limit,jdbcType=INTEGER}
        </if>
    </select>


    <select id="findTotalCount" parameterType="org.durcframework.core.expression.ExpressionQuery"
        resultType="java.lang.Integer">
        SELECT count(*) FROM employee_index_setting t
        <include refid="expressionBlock.where" />
    </select>

    <insert id="save" parameterType="com.weimob.o2o.mgr.employee.domain.EmployeeIndexSetting"
    keyProperty="employeeIndexSettingId" keyColumn="employee_index_setting_id" useGeneratedKeys="true"
    >
    INSERT INTO employee_index_setting
         (
                                                  `merchant_id`
                                        , `reward_status`
                                        , `reward_left`
                                        , `reward_type`
                                        , `reward_value`
                                        , `type`
                                        , `status`
                                        , `create_time`
                                        , `update_time`
                              )
    VALUES (
                                                  #{merchantId,jdbcType=BIGINT}
                                        , #{rewardStatus,jdbcType=INTEGER}
                                        , #{rewardLeft,jdbcType=INTEGER}
                                        , #{rewardType,jdbcType=INTEGER}
                                        , #{rewardValue,jdbcType=Decimal}
                                        , #{type,jdbcType=INTEGER}
                                        , #{status,jdbcType=INTEGER}
                                        , #{createTime,jdbcType=TIMESTAMP}
                                        , #{updateTime,jdbcType=TIMESTAMP}
                     
        )
    </insert>

<insert id="insertBatch" parameterType="java.util.List">
    INSERT INTO employee_index_setting
        (
                                                                                         `merchant_id`
                                                                                    , `reward_status`
                                                                                    , `reward_left`
                                                                                    , `reward_type`
                                                                                    , `reward_value`
                                                                                    , `type`
                                                                                    , `status`
                                                                                    , `create_time`
                                                                                    , `update_time`
                                                        )
    VALUES 
        <foreach collection="records" index="index" item="record" separator=",">
            (
                                                                                                                 #{record.merchantId,jdbcType=BIGINT}
                                                                                                        , #{record.rewardStatus,jdbcType=INTEGER}
                                                                                                        , #{record.rewardLeft,jdbcType=INTEGER}
                                                                                                        , #{record.rewardType,jdbcType=INTEGER}
                                                                                                        , #{record.rewardValue,jdbcType=Decimal}
                                                                                                        , #{record.type,jdbcType=INTEGER}
                                                                                                        , #{record.status,jdbcType=INTEGER}
                                                                                                        , #{record.createTime,jdbcType=TIMESTAMP}
                                                                                                        , #{record.updateTime,jdbcType=TIMESTAMP}
                                                                        )
        </foreach> 
</insert>

    <update id="update" parameterType="com.weimob.o2o.mgr.employee.domain.EmployeeIndexSetting">
    UPDATE employee_index_setting
    SET 
                                                 merchant_id=#{merchantId,jdbcType=BIGINT}
                                     , reward_status=#{rewardStatus,jdbcType=INTEGER}
                                     , reward_left=#{rewardLeft,jdbcType=INTEGER}
                                     , reward_type=#{rewardType,jdbcType=INTEGER}
                                     , reward_value=#{rewardValue,jdbcType=Decimal}
                                     , type=#{type,jdbcType=INTEGER}
                                     , status=#{status,jdbcType=INTEGER}
                                     , create_time=#{createTime,jdbcType=TIMESTAMP}
                                     , update_time=#{updateTime,jdbcType=TIMESTAMP}
                     WHERE employee_index_setting_id = #{employeeIndexSettingId,jdbcType=BIGINT}
    </update>

    <update id="updateByPrimaryKeySelective" parameterType="com.weimob.o2o.mgr.employee.domain.EmployeeIndexSetting" >
        UPDATE employee_index_setting
        <set>
            set                                                             <if test="merchantId !=null">
                    merchant_id=#{merchantId,jdbcType=BIGINT}
                </if>
                                                            <if test="rewardStatus !=null">
                    reward_status=#{rewardStatus,jdbcType=INTEGER}
                </if>
                                                            <if test="rewardLeft !=null">
                    reward_left=#{rewardLeft,jdbcType=INTEGER}
                </if>
                                                            <if test="rewardType !=null">
                    reward_type=#{rewardType,jdbcType=INTEGER}
                </if>
                                                            <if test="rewardValue !=null">
                    reward_value=#{rewardValue,jdbcType=Decimal}
                </if>
                                                            <if test="type !=null">
                    type=#{type,jdbcType=INTEGER}
                </if>
                                                            <if test="status !=null">
                    status=#{status,jdbcType=INTEGER}
                </if>
                                                            <if test="createTime !=null">
                    create_time=#{createTime,jdbcType=TIMESTAMP}
                </if>
                                                            <if test="updateTime !=null">
                    update_time=#{updateTime,jdbcType=TIMESTAMP}
                </if>
                                    </set>
        where employee_index_setting_id = #{employeeIndexSettingId,jdbcType=BIGINT}
    </update>

    <select id="get" resultMap="queryResultMap" parameterType="com.weimob.o2o.mgr.employee.domain.EmployeeIndexSetting">
        SELECT t.*
        FROM employee_index_setting t
        WHERE employee_index_setting_id = #{employeeIndexSettingId,jdbcType=BIGINT}
    </select>
    
    <delete id="del" parameterType="com.weimob.o2o.mgr.employee.domain.EmployeeIndexSetting">
        DELETE FROM employee_index_setting
        WHERE employee_index_setting_id = #{employeeIndexSettingId,jdbcType=BIGINT}
    </delete>

</mapper>