<?xml version="1.0" encoding="UTF-8" ?>
<!DOCTYPE  mapper PUBLIC "-//mybatis.org//DTD Mapper 3.0//EN" "http://mybatis.org/dtd/mybatis-3-mapper.dtd" >
<mapper namespace="com.weimob.o2o.activity.mgr.dao.MarketTimeDao">
    <resultMap id="queryResultMap" type="com.weimob.o2o.activity.mgr.domain.MarketTime">
                <result column="id" property="id" jdbcType="BIGINT" />
                <result column="merchant_id" property="merchantId" jdbcType="BIGINT" />
                <result column="activity_id" property="activityId" jdbcType="BIGINT" />
                <result column="index" property="index" jdbcType="TINYINT" />
                <result column="weekdays" property="weekdays" jdbcType="VARCHAR" />
                <result column="start_time_each_day" property="startTimeEachDay" jdbcType="VARCHAR" />
                <result column="end_time_each_day" property="endTimeEachDay" jdbcType="VARCHAR" />
                <result column="update_time" property="updateTime" jdbcType="TIMESTAMP" />
                <result column="create_time" property="createTime" jdbcType="TIMESTAMP" />
            </resultMap>

    <select id="find" parameterType="org.durcframework.core.expression.ExpressionQuery"
        resultMap="queryResultMap">
        SELECT t.*
        FROM market_time t
        <include refid="expressionBlock.where" />
        <choose>
            <when test="sortname == null">
                ORDER BY t.id desc
            </when>
            <otherwise>
                ORDER BY ${order}
            </otherwise>
        </choose>
        <if test="!isQueryAll">
            LIMIT
            #{start,jdbcType=INTEGER},#{limit,jdbcType=INTEGER}
        </if>
    </select>


    <select id="findTotalCount" parameterType="org.durcframework.core.expression.ExpressionQuery"
        resultType="java.lang.Integer">
        SELECT count(*) FROM market_time t
        <include refid="expressionBlock.where" />
    </select>

    <insert id="save" parameterType="com.weimob.o2o.activity.mgr.domain.MarketTime"
    keyProperty="id" keyColumn="id" useGeneratedKeys="true"
    >
    INSERT INTO market_time
         (
                                                  `merchant_id`
                                        , `activity_id`
                                        , `index`
                                        , `weekdays`
                                        , `start_time_each_day`
                                        , `end_time_each_day`
                                        , `update_time`
                                        , `create_time`
                              )
    VALUES (
                                                  #{merchantId,jdbcType=BIGINT}
                                        , #{activityId,jdbcType=BIGINT}
                                        , #{index,jdbcType=TINYINT}
                                        , #{weekdays,jdbcType=VARCHAR}
                                        , #{startTimeEachDay,jdbcType=VARCHAR}
                                        , #{endTimeEachDay,jdbcType=VARCHAR}
                                        , #{updateTime,jdbcType=TIMESTAMP}
                                        , #{createTime,jdbcType=TIMESTAMP}
                     
        )
    </insert>

<insert id="insertBatch" parameterType="java.util.List">
    INSERT INTO market_time
        (
                                                                                         `merchant_id`
                                                                                    , `activity_id`
                                                                                    , `index`
                                                                                    , `weekdays`
                                                                                    , `start_time_each_day`
                                                                                    , `end_time_each_day`
                                                                                    , `update_time`
                                                                                    , `create_time`
                                                        )
    VALUES 
        <foreach collection="records" index="index" item="record" separator=",">
            (
                                                                                                                 #{record.merchantId,jdbcType=BIGINT}
                                                                                                        , #{record.activityId,jdbcType=BIGINT}
                                                                                                        , #{record.index,jdbcType=TINYINT}
                                                                                                        , #{record.weekdays,jdbcType=VARCHAR}
                                                                                                        , #{record.startTimeEachDay,jdbcType=VARCHAR}
                                                                                                        , #{record.endTimeEachDay,jdbcType=VARCHAR}
                                                                                                        , #{record.updateTime,jdbcType=TIMESTAMP}
                                                                                                        , #{record.createTime,jdbcType=TIMESTAMP}
                                                                        )
        </foreach> 
</insert>

    <update id="update" parameterType="com.weimob.o2o.activity.mgr.domain.MarketTime">
    UPDATE market_time
    SET 
                                                 merchant_id=#{merchantId,jdbcType=BIGINT}
                                     , activity_id=#{activityId,jdbcType=BIGINT}
                                     , index=#{index,jdbcType=TINYINT}
                                     , weekdays=#{weekdays,jdbcType=VARCHAR}
                                     , start_time_each_day=#{startTimeEachDay,jdbcType=VARCHAR}
                                     , end_time_each_day=#{endTimeEachDay,jdbcType=VARCHAR}
                                     , update_time=#{updateTime,jdbcType=TIMESTAMP}
                                     , create_time=#{createTime,jdbcType=TIMESTAMP}
                     WHERE id = #{id,jdbcType=BIGINT}
    </update>

    <update id="updateByPrimaryKeySelective" parameterType="com.weimob.o2o.activity.mgr.domain.MarketTime" >
        UPDATE market_time
        <set>
            set                                                             <if test="merchant_id !=null">
                    merchant_id=#{merchantId,jdbcType=BIGINT}
                </if>
                                                            <if test="activity_id !=null">
                    activity_id=#{activityId,jdbcType=BIGINT}
                </if>
                                                            <if test="index !=null">
                    index=#{index,jdbcType=TINYINT}
                </if>
                                                            <if test="weekdays !=null">
                    weekdays=#{weekdays,jdbcType=VARCHAR}
                </if>
                                                            <if test="start_time_each_day !=null">
                    start_time_each_day=#{startTimeEachDay,jdbcType=VARCHAR}
                </if>
                                                            <if test="end_time_each_day !=null">
                    end_time_each_day=#{endTimeEachDay,jdbcType=VARCHAR}
                </if>
                                                            <if test="update_time !=null">
                    update_time=#{updateTime,jdbcType=TIMESTAMP}
                </if>
                                                            <if test="create_time !=null">
                    create_time=#{createTime,jdbcType=TIMESTAMP}
                </if>
                                    </set>
        where id = #{id,jdbcType=BIGINT}
    </update>

    <select id="get" resultMap="queryResultMap" parameterType="com.weimob.o2o.activity.mgr.domain.MarketTime">
        SELECT t.*
        FROM market_time t
        WHERE id = #{id,jdbcType=BIGINT}
    </select>
    
    <delete id="del" parameterType="com.weimob.o2o.activity.mgr.domain.MarketTime">
        DELETE FROM market_time
        WHERE id = #{id,jdbcType=BIGINT}
    </delete>

</mapper>