<?xml version="1.0" encoding="UTF-8" ?>
<!DOCTYPE  mapper PUBLIC "-//mybatis.org//DTD Mapper 3.0//EN" "http://mybatis.org/dtd/mybatis-3-mapper.dtd" >
<mapper namespace="com.weimob.o2o.mgr.wifi.dao.WifiStoreDeviceDao">
    <resultMap id="queryResultMap" type="com.weimob.o2o.mgr.wifi.domain.WifiStoreDevice">
                <result column="wifi_store_device_id" property="wifiStoreDeviceId" jdbcType="BIGINT" />
                <result column="aid" property="aid" jdbcType="BIGINT" />
                <result column="merchant_id" property="merchantId" jdbcType="BIGINT" />
                <result column="store_id" property="storeId" jdbcType="BIGINT" />
                <result column="mac" property="mac" jdbcType="VARCHAR" />
                <result column="mac_type" property="macType" jdbcType="INTEGER" />
                <result column="mac_status" property="macStatus" jdbcType="INTEGER" />
                <result column="create_time" property="createTime" jdbcType="TIMESTAMP" />
                <result column="update_time" property="updateTime" jdbcType="TIMESTAMP" />
                <result column="create_account_id" property="createAccountId" jdbcType="BIGINT" />
                <result column="udpate_account_id" property="udpateAccountId" jdbcType="BIGINT" />
            </resultMap>

    <select id="find" parameterType="org.durcframework.core.expression.ExpressionQuery"
        resultMap="queryResultMap">
        SELECT t.*
        FROM wifi_store_device t
        <include refid="expressionBlock.where" />
        <choose>
            <when test="sortname == null">
                ORDER BY t.wifi_store_device_id desc
            </when>
            <otherwise>
                ORDER BY ${order}
            </otherwise>
        </choose>
        <if test="!isQueryAll">
            LIMIT
            #{start,jdbcType=INTEGER},#{limit,jdbcType=INTEGER}
        </if>
    </select>


    <select id="findTotalCount" parameterType="org.durcframework.core.expression.ExpressionQuery"
        resultType="java.lang.Integer">
        SELECT count(*) FROM wifi_store_device t
        <include refid="expressionBlock.where" />
    </select>

    <insert id="save" parameterType="com.weimob.o2o.mgr.wifi.domain.WifiStoreDevice"
    keyProperty="wifiStoreDeviceId" keyColumn="wifi_store_device_id" useGeneratedKeys="true"
    >
    INSERT INTO wifi_store_device
         (
                                                  `aid`
                                        , `merchant_id`
                                        , `store_id`
                                        , `mac`
                                        , `mac_type`
                                        , `mac_status`
                                        , `create_time`
                                        , `update_time`
                                        , `create_account_id`
                                        , `udpate_account_id`
                              )
    VALUES (
                                                  #{aid,jdbcType=BIGINT}
                                        , #{merchantId,jdbcType=BIGINT}
                                        , #{storeId,jdbcType=BIGINT}
                                        , #{mac,jdbcType=VARCHAR}
                                        , #{macType,jdbcType=INTEGER}
                                        , #{macStatus,jdbcType=INTEGER}
                                        , #{createTime,jdbcType=TIMESTAMP}
                                        , #{updateTime,jdbcType=TIMESTAMP}
                                        , #{createAccountId,jdbcType=BIGINT}
                                        , #{udpateAccountId,jdbcType=BIGINT}
                     
        )
    </insert>


    <update id="update" parameterType="com.weimob.o2o.mgr.wifi.domain.WifiStoreDevice">
    UPDATE wifi_store_device
    SET 
                                                 aid=#{aid,jdbcType=BIGINT}
                                     , merchant_id=#{merchantId,jdbcType=BIGINT}
                                     , store_id=#{storeId,jdbcType=BIGINT}
                                     , mac=#{mac,jdbcType=VARCHAR}
                                     , mac_type=#{macType,jdbcType=INTEGER}
                                     , mac_status=#{macStatus,jdbcType=INTEGER}
                                     , create_time=#{createTime,jdbcType=TIMESTAMP}
                                     , update_time=#{updateTime,jdbcType=TIMESTAMP}
                                     , create_account_id=#{createAccountId,jdbcType=BIGINT}
                                     , udpate_account_id=#{udpateAccountId,jdbcType=BIGINT}
                     WHERE wifi_store_device_id = #{wifiStoreDeviceId,jdbcType=BIGINT}
    </update>

    <update id="updateByPrimaryKeySelective" parameterType="com.weimob.o2o.mgr.wifi.domain.WifiStoreDevice" >
        UPDATE wifi_store_device
        <set>
            set                                                             <if test="aid !=null">
                    aid=#{aid,jdbcType=BIGINT}
                </if>
                                                            <if test="merchant_id !=null">
                    merchant_id=#{merchantId,jdbcType=BIGINT}
                </if>
                                                            <if test="store_id !=null">
                    store_id=#{storeId,jdbcType=BIGINT}
                </if>
                                                            <if test="mac !=null">
                    mac=#{mac,jdbcType=VARCHAR}
                </if>
                                                            <if test="mac_type !=null">
                    mac_type=#{macType,jdbcType=INTEGER}
                </if>
                                                            <if test="mac_status !=null">
                    mac_status=#{macStatus,jdbcType=INTEGER}
                </if>
                                                            <if test="create_time !=null">
                    create_time=#{createTime,jdbcType=TIMESTAMP}
                </if>
                                                            <if test="update_time !=null">
                    update_time=#{updateTime,jdbcType=TIMESTAMP}
                </if>
                                                            <if test="create_account_id !=null">
                    create_account_id=#{createAccountId,jdbcType=BIGINT}
                </if>
                                                            <if test="udpate_account_id !=null">
                    udpate_account_id=#{udpateAccountId,jdbcType=BIGINT}
                </if>
                                    </set>
        where wifi_store_device_id = #{wifiStoreDeviceId,jdbcType=BIGINT}
    </update>

    <select id="get" resultMap="queryResultMap" parameterType="com.weimob.o2o.mgr.wifi.domain.WifiStoreDevice">
        SELECT t.*
        FROM wifi_store_device t
        WHERE wifi_store_device_id = #{wifiStoreDeviceId,jdbcType=BIGINT}
    </select>
    
    <delete id="del" parameterType="com.weimob.o2o.mgr.wifi.domain.WifiStoreDevice">
        DELETE FROM wifi_store_device
        WHERE wifi_store_device_id = #{wifiStoreDeviceId,jdbcType=BIGINT}
    </delete>

</mapper>