<?xml version="1.0" encoding="UTF-8" ?>
<!DOCTYPE  mapper PUBLIC "-//mybatis.org//DTD Mapper 3.0//EN" "http://mybatis.org/dtd/mybatis-3-mapper.dtd" >
<mapper namespace="com.weimob.o2o.mgr.wifi.dao.WifiStatisticsDao">
    <resultMap id="queryResultMap" type="com.weimob.o2o.mgr.wifi.domain.WifiStatistics">
                <result column="wifi_statistics" property="wifiStatistics" jdbcType="BIGINT" />
                <result column="aid" property="aid" jdbcType="BIGINT" />
                <result column="merchant_id" property="merchantId" jdbcType="BIGINT" />
                <result column="store_id" property="storeId" jdbcType="BIGINT" />
                <result column="statis_date" property="statisDate" jdbcType="TIMESTAMP" />
                <result column="wechat_statis_time" property="wechatStatisTime" jdbcType="BIGINT" />
                <result column="wechat_total_user" property="wechatTotalUser" jdbcType="INTEGER" />
                <result column="wechat_home_page_uv" property="wechatHomePageUv" jdbcType="INTEGER" />
                <result column="wechat_new_fans" property="wechatNewFans" jdbcType="INTEGER" />
                <result column="wechat_total_fans" property="wechatTotalFans" jdbcType="INTEGER" />
                <result column="wechat_wx_connect_user" property="wechatWxConnectUser" jdbcType="INTEGER" />
                <result column="connect_msg_user" property="connectMsgUser" jdbcType="INTEGER" />
                <result column="create_time" property="createTime" jdbcType="TIMESTAMP" />
                <result column="update_time" property="updateTime" jdbcType="TIMESTAMP" />
                <result column="create_account_id" property="createAccountId" jdbcType="BIGINT" />
                <result column="update_account_id" property="updateAccountId" jdbcType="BIGINT" />
            </resultMap>

    <select id="find" parameterType="org.durcframework.core.expression.ExpressionQuery"
        resultMap="queryResultMap">
        SELECT t.*
        FROM wifi_statistics t
        <include refid="expressionBlock.where" />
        <choose>
            <when test="sortname == null">
                ORDER BY t.wifi_statistics desc
            </when>
            <otherwise>
                ORDER BY ${order}
            </otherwise>
        </choose>
        <if test="!isQueryAll">
            LIMIT
            #{start,jdbcType=INTEGER},#{limit,jdbcType=INTEGER}
        </if>
    </select>


    <select id="findTotalCount" parameterType="org.durcframework.core.expression.ExpressionQuery"
        resultType="java.lang.Integer">
        SELECT count(*) FROM wifi_statistics t
        <include refid="expressionBlock.where" />
    </select>

    <insert id="save" parameterType="com.weimob.o2o.mgr.wifi.domain.WifiStatistics"
    keyProperty="wifiStatistics" keyColumn="wifi_statistics" useGeneratedKeys="true"
    >
    INSERT INTO wifi_statistics
         (
                                                  `aid`
                                        , `merchant_id`
                                        , `store_id`
                                        , `statis_date`
                                        , `wechat_statis_time`
                                        , `wechat_total_user`
                                        , `wechat_home_page_uv`
                                        , `wechat_new_fans`
                                        , `wechat_total_fans`
                                        , `wechat_wx_connect_user`
                                        , `connect_msg_user`
                                        , `create_time`
                                        , `update_time`
                                        , `create_account_id`
                                        , `update_account_id`
                              )
    VALUES (
                                                  #{aid,jdbcType=BIGINT}
                                        , #{merchantId,jdbcType=BIGINT}
                                        , #{storeId,jdbcType=BIGINT}
                                        , #{statisDate,jdbcType=TIMESTAMP}
                                        , #{wechatStatisTime,jdbcType=BIGINT}
                                        , #{wechatTotalUser,jdbcType=INTEGER}
                                        , #{wechatHomePageUv,jdbcType=INTEGER}
                                        , #{wechatNewFans,jdbcType=INTEGER}
                                        , #{wechatTotalFans,jdbcType=INTEGER}
                                        , #{wechatWxConnectUser,jdbcType=INTEGER}
                                        , #{connectMsgUser,jdbcType=INTEGER}
                                        , #{createTime,jdbcType=TIMESTAMP}
                                        , #{updateTime,jdbcType=TIMESTAMP}
                                        , #{createAccountId,jdbcType=BIGINT}
                                        , #{updateAccountId,jdbcType=BIGINT}
                     
        )
    </insert>


    <update id="update" parameterType="com.weimob.o2o.mgr.wifi.domain.WifiStatistics">
    UPDATE wifi_statistics
    SET 
                                                 aid=#{aid,jdbcType=BIGINT}
                                     , merchant_id=#{merchantId,jdbcType=BIGINT}
                                     , store_id=#{storeId,jdbcType=BIGINT}
                                     , statis_date=#{statisDate,jdbcType=TIMESTAMP}
                                     , wechat_statis_time=#{wechatStatisTime,jdbcType=BIGINT}
                                     , wechat_total_user=#{wechatTotalUser,jdbcType=INTEGER}
                                     , wechat_home_page_uv=#{wechatHomePageUv,jdbcType=INTEGER}
                                     , wechat_new_fans=#{wechatNewFans,jdbcType=INTEGER}
                                     , wechat_total_fans=#{wechatTotalFans,jdbcType=INTEGER}
                                     , wechat_wx_connect_user=#{wechatWxConnectUser,jdbcType=INTEGER}
                                     , connect_msg_user=#{connectMsgUser,jdbcType=INTEGER}
                                     , create_time=#{createTime,jdbcType=TIMESTAMP}
                                     , update_time=#{updateTime,jdbcType=TIMESTAMP}
                                     , create_account_id=#{createAccountId,jdbcType=BIGINT}
                                     , update_account_id=#{updateAccountId,jdbcType=BIGINT}
                     WHERE wifi_statistics = #{wifiStatistics,jdbcType=BIGINT}
    </update>

    <update id="updateByPrimaryKeySelective" parameterType="com.weimob.o2o.mgr.wifi.domain.WifiStatistics" >
        UPDATE wifi_statistics
        <set>
            set                                                             <if test="aid !=null">
                    aid=#{aid,jdbcType=BIGINT}
                </if>
                                                            <if test="merchant_id !=null">
                    merchant_id=#{merchantId,jdbcType=BIGINT}
                </if>
                                                            <if test="store_id !=null">
                    store_id=#{storeId,jdbcType=BIGINT}
                </if>
                                                            <if test="statis_date !=null">
                    statis_date=#{statisDate,jdbcType=TIMESTAMP}
                </if>
                                                            <if test="wechat_statis_time !=null">
                    wechat_statis_time=#{wechatStatisTime,jdbcType=BIGINT}
                </if>
                                                            <if test="wechat_total_user !=null">
                    wechat_total_user=#{wechatTotalUser,jdbcType=INTEGER}
                </if>
                                                            <if test="wechat_home_page_uv !=null">
                    wechat_home_page_uv=#{wechatHomePageUv,jdbcType=INTEGER}
                </if>
                                                            <if test="wechat_new_fans !=null">
                    wechat_new_fans=#{wechatNewFans,jdbcType=INTEGER}
                </if>
                                                            <if test="wechat_total_fans !=null">
                    wechat_total_fans=#{wechatTotalFans,jdbcType=INTEGER}
                </if>
                                                            <if test="wechat_wx_connect_user !=null">
                    wechat_wx_connect_user=#{wechatWxConnectUser,jdbcType=INTEGER}
                </if>
                                                            <if test="connect_msg_user !=null">
                    connect_msg_user=#{connectMsgUser,jdbcType=INTEGER}
                </if>
                                                            <if test="create_time !=null">
                    create_time=#{createTime,jdbcType=TIMESTAMP}
                </if>
                                                            <if test="update_time !=null">
                    update_time=#{updateTime,jdbcType=TIMESTAMP}
                </if>
                                                            <if test="create_account_id !=null">
                    create_account_id=#{createAccountId,jdbcType=BIGINT}
                </if>
                                                            <if test="update_account_id !=null">
                    update_account_id=#{updateAccountId,jdbcType=BIGINT}
                </if>
                                    </set>
        where wifi_statistics = #{wifiStatistics,jdbcType=BIGINT}
    </update>

    <select id="get" resultMap="queryResultMap" parameterType="com.weimob.o2o.mgr.wifi.domain.WifiStatistics">
        SELECT t.*
        FROM wifi_statistics t
        WHERE wifi_statistics = #{wifiStatistics,jdbcType=BIGINT}
    </select>
    
    <delete id="del" parameterType="com.weimob.o2o.mgr.wifi.domain.WifiStatistics">
        DELETE FROM wifi_statistics
        WHERE wifi_statistics = #{wifiStatistics,jdbcType=BIGINT}
    </delete>

</mapper>