<?xml version="1.0" encoding="UTF-8" ?>
<!DOCTYPE  mapper PUBLIC "-//mybatis.org//DTD Mapper 3.0//EN" "http://mybatis.org/dtd/mybatis-3-mapper.dtd" >
<mapper namespace="com.weimob.cardcenter.mgr.shake.dao.ShakeDeviceDao">
    <resultMap id="queryResultMap" type="com.weimob.cardcenter.mgr.shake.domain.ShakeDevice">
                <result column="shake_device_id" property="shakeDeviceId" jdbcType="BIGINT" />
                <result column="apply_id" property="applyId" jdbcType="VARCHAR" />
                <result column="uuid" property="uuid" jdbcType="VARCHAR" />
                <result column="major" property="major" jdbcType="VARCHAR" />
                <result column="minor" property="minor" jdbcType="VARCHAR" />
                <result column="comment" property="comment" jdbcType="VARCHAR" />
                <result column="wx_poi_id" property="wxPoiId" jdbcType="VARCHAR" />
                <result column="status" property="status" jdbcType="INTEGER" />
                <result column="shake_device_apply_id" property="shakeDeviceApplyId" jdbcType="BIGINT" />
                <result column="merchant_id" property="merchantId" jdbcType="BIGINT" />
                <result column="poi_id" property="poiId" jdbcType="VARCHAR" />
                <result column="create_time" property="createTime" jdbcType="VARCHAR" />
                <result column="update_time" property="updateTime" jdbcType="VARCHAR" />
            </resultMap>

    <select id="find" parameterType="org.durcframework.core.expression.ExpressionQuery"
		resultMap="queryResultMap">
		SELECT t.*
		FROM shake_device t
		<include refid="expressionBlock.where" />
		<choose>
			<when test="sortname == null">
				ORDER BY t.shake_device_id desc
			</when>
			<otherwise>
				ORDER BY ${order}
			</otherwise>
		</choose>
		<if test="!isQueryAll">
			LIMIT
			#{start,jdbcType=INTEGER},#{limit,jdbcType=INTEGER}
		</if>
	</select>


    <select id="findTotalCount" parameterType="org.durcframework.core.expression.ExpressionQuery"
		resultType="java.lang.Integer">
		SELECT count(*) FROM shake_device t
		<include refid="expressionBlock.where" />
    </select>

    <insert id="save" parameterType="com.weimob.cardcenter.mgr.shake.domain.ShakeDevice"
    keyProperty="shakeDeviceId" keyColumn="shake_device_id" useGeneratedKeys="true"
    >
	INSERT INTO shake_device
         (
                                                  `apply_id`
                                        , `uuid`
                                        , `major`
                                        , `minor`
                                        , `comment`
                                        , `wx_poi_id`
                                        , `status`
                                        , `shake_device_apply_id`
                                        , `merchant_id`
                                        , `poi_id`
                                        , `create_time`
                                        , `update_time`
                              )
	VALUES (
                                                  #{applyId,jdbcType=VARCHAR}
                                        , #{uuid,jdbcType=VARCHAR}
                                        , #{major,jdbcType=VARCHAR}
                                        , #{minor,jdbcType=VARCHAR}
                                        , #{comment,jdbcType=VARCHAR}
                                        , #{wxPoiId,jdbcType=VARCHAR}
                                        , #{status,jdbcType=INTEGER}
                                        , #{shakeDeviceApplyId,jdbcType=BIGINT}
                                        , #{merchantId,jdbcType=BIGINT}
                                        , #{poiId,jdbcType=VARCHAR}
                                        , #{createTime,jdbcType=VARCHAR}
                                        , #{updateTime,jdbcType=VARCHAR}
                     
        )
	</insert>


    <update id="update" parameterType="com.weimob.cardcenter.mgr.shake.domain.ShakeDevice">
    UPDATE shake_device
    SET 
                                                 apply_id=#{applyId,jdbcType=VARCHAR}
                                     , uuid=#{uuid,jdbcType=VARCHAR}
                                     , major=#{major,jdbcType=VARCHAR}
                                     , minor=#{minor,jdbcType=VARCHAR}
                                     , comment=#{comment,jdbcType=VARCHAR}
                                     , wx_poi_id=#{wxPoiId,jdbcType=VARCHAR}
                                     , status=#{status,jdbcType=INTEGER}
                                     , shake_device_apply_id=#{shakeDeviceApplyId,jdbcType=BIGINT}
                                     , merchant_id=#{merchantId,jdbcType=BIGINT}
                                     , poi_id=#{poiId,jdbcType=VARCHAR}
                                     , create_time=#{createTime,jdbcType=VARCHAR}
                                     , update_time=#{updateTime,jdbcType=VARCHAR}
                     WHERE shake_device_id = #{shakeDeviceId,jdbcType=BIGINT}
    </update>

    <select id="get" resultMap="queryResultMap" parameterType="com.weimob.cardcenter.mgr.shake.domain.ShakeDevice">
		SELECT t.*
		FROM shake_device t
		WHERE shake_device_id = #{shakeDeviceId,jdbcType=BIGINT}
	</select>
	
	<delete id="del" parameterType="com.weimob.cardcenter.mgr.shake.domain.ShakeDevice">
		DELETE FROM shake_device
		WHERE shake_device_id = #{shakeDeviceId,jdbcType=BIGINT}
	</delete>

</mapper>