<?xml version="1.0" encoding="UTF-8" ?>
<!DOCTYPE  mapper PUBLIC "-//mybatis.org//DTD Mapper 3.0//EN" "http://mybatis.org/dtd/mybatis-3-mapper.dtd" >
<mapper namespace="com.weimob.o2o.mgr.employee.dao.EmployeeContributionDao">
    <resultMap id="queryResultMap" type="com.weimob.o2o.mgr.employee.domain.EmployeeContribution">
                <result column="employee_contribution_id" property="employeeContributionId" jdbcType="BIGINT" />
                <result column="merchant_id" property="merchantId" jdbcType="BIGINT" />
                <result column="store_id" property="storeId" jdbcType="BIGINT" />
                <result column="employee_id" property="employeeId" jdbcType="BIGINT" />
                <result column="business_id" property="businessId" jdbcType="BIGINT" />
                <result column="business_type" property="businessType" jdbcType="INTEGER" />
                <result column="business_value" property="businessValue" jdbcType="BigDecimal" />
                <result column="customer_open_id" property="customerOpenId" jdbcType="VARCHAR" />
                <result column="customer_name" property="customerName" jdbcType="VARCHAR" />
                <result column="employee_index_setting_id" property="employeeIndexSettingId" jdbcType="BIGINT" />
                <result column="plan_reward_value" property="planRewardValue" jdbcType="BigDecimal" />
                <result column="reward_status" property="rewardStatus" jdbcType="INTEGER" />
                <result column="reward_value" property="rewardValue" jdbcType="BigDecimal" />
                <result column="reward_value_type" property="rewardValueType" jdbcType="INTEGER" />
                <result column="status" property="status" jdbcType="INTEGER" />
                <result column="create_time" property="createTime" jdbcType="TIMESTAMP" />
                <result column="update_time" property="updateTime" jdbcType="TIMESTAMP" />
            </resultMap>

    <select id="find" parameterType="org.durcframework.core.expression.ExpressionQuery"
        resultMap="queryResultMap">
        SELECT t.*
        FROM employee_contribution t
        <include refid="expressionBlock.where" />
        <choose>
            <when test="sortname == null">
                ORDER BY t.employee_contribution_id desc
            </when>
            <otherwise>
                ORDER BY ${order}
            </otherwise>
        </choose>
        <if test="!isQueryAll">
            LIMIT
            #{start,jdbcType=INTEGER},#{limit,jdbcType=INTEGER}
        </if>
    </select>


    <select id="findTotalCount" parameterType="org.durcframework.core.expression.ExpressionQuery"
        resultType="java.lang.Integer">
        SELECT count(*) FROM employee_contribution t
        <include refid="expressionBlock.where" />
    </select>

    <insert id="save" parameterType="com.weimob.o2o.mgr.employee.domain.EmployeeContribution"
    keyProperty="employeeContributionId" keyColumn="employee_contribution_id" useGeneratedKeys="true"
    >
    INSERT INTO employee_contribution
         (
                                                  `merchant_id`
                                        , `store_id`
                                        , `employee_id`
                                        , `business_id`
                                        , `business_type`
                                        , `business_value`
                                        , `customer_open_id`
                                        , `customer_name`
                                        , `employee_index_setting_id`
                                        , `plan_reward_value`
                                        , `reward_status`
                                        , `reward_value`
                                        , `reward_value_type`
                                        , `status`
                                        , `create_time`
                                        , `update_time`
                              )
    VALUES (
                                                  #{merchantId,jdbcType=BIGINT}
                                        , #{storeId,jdbcType=BIGINT}
                                        , #{employeeId,jdbcType=BIGINT}
                                        , #{businessId,jdbcType=BIGINT}
                                        , #{businessType,jdbcType=INTEGER}
                                        , #{businessValue,jdbcType=BigDecimal}
                                        , #{customerOpenId,jdbcType=VARCHAR}
                                        , #{customerName,jdbcType=VARCHAR}
                                        , #{employeeIndexSettingId,jdbcType=BIGINT}
                                        , #{planRewardValue,jdbcType=BigDecimal}
                                        , #{rewardStatus,jdbcType=INTEGER}
                                        , #{rewardValue,jdbcType=BigDecimal}
                                        , #{rewardValueType,jdbcType=INTEGER}
                                        , #{status,jdbcType=INTEGER}
                                        , #{createTime,jdbcType=TIMESTAMP}
                                        , #{updateTime,jdbcType=TIMESTAMP}
                     
        )
    </insert>

<insert id="insertBatch" parameterType="java.util.List">
    INSERT INTO employee_contribution
        (
                                                                                         `merchant_id`
                                                                                    , `store_id`
                                                                                    , `employee_id`
                                                                                    , `business_id`
                                                                                    , `business_type`
                                                                                    , `business_value`
                                                                                    , `customer_open_id`
                                                                                    , `customer_name`
                                                                                    , `employee_index_setting_id`
                                                                                    , `plan_reward_value`
                                                                                    , `reward_status`
                                                                                    , `reward_value`
                                                                                    , `reward_value_type`
                                                                                    , `status`
                                                                                    , `create_time`
                                                                                    , `update_time`
                                                        )
    VALUES 
        <foreach collection="records" index="index" item="record" separator=",">
            (
                                                                                                                 #{record.merchantId,jdbcType=BIGINT}
                                                                                                        , #{record.storeId,jdbcType=BIGINT}
                                                                                                        , #{record.employeeId,jdbcType=BIGINT}
                                                                                                        , #{record.businessId,jdbcType=BIGINT}
                                                                                                        , #{record.businessType,jdbcType=INTEGER}
                                                                                                        , #{record.businessValue,jdbcType=BigDecimal}
                                                                                                        , #{record.customerOpenId,jdbcType=VARCHAR}
                                                                                                        , #{record.customerName,jdbcType=VARCHAR}
                                                                                                        , #{record.employeeIndexSettingId,jdbcType=BIGINT}
                                                                                                        , #{record.planRewardValue,jdbcType=BigDecimal}
                                                                                                        , #{record.rewardStatus,jdbcType=INTEGER}
                                                                                                        , #{record.rewardValue,jdbcType=BigDecimal}
                                                                                                        , #{record.rewardValueType,jdbcType=INTEGER}
                                                                                                        , #{record.status,jdbcType=INTEGER}
                                                                                                        , #{record.createTime,jdbcType=TIMESTAMP}
                                                                                                        , #{record.updateTime,jdbcType=TIMESTAMP}
                                                                        )
        </foreach> 
</insert>

    <update id="update" parameterType="com.weimob.o2o.mgr.employee.domain.EmployeeContribution">
    UPDATE employee_contribution
    SET 
                                                 merchant_id=#{merchantId,jdbcType=BIGINT}
                                     , store_id=#{storeId,jdbcType=BIGINT}
                                     , employee_id=#{employeeId,jdbcType=BIGINT}
                                     , business_id=#{businessId,jdbcType=BIGINT}
                                     , business_type=#{businessType,jdbcType=INTEGER}
                                     , business_value=#{businessValue,jdbcType=BigDecimal}
                                     , customer_open_id=#{customerOpenId,jdbcType=VARCHAR}
                                     , customer_name=#{customerName,jdbcType=VARCHAR}
                                     , employee_index_setting_id=#{employeeIndexSettingId,jdbcType=BIGINT}
                                     , plan_reward_value=#{planRewardValue,jdbcType=BigDecimal}
                                     , reward_status=#{rewardStatus,jdbcType=INTEGER}
                                     , reward_value=#{rewardValue,jdbcType=BigDecimal}
                                     , reward_value_type=#{rewardValueType,jdbcType=INTEGER}
                                     , status=#{status,jdbcType=INTEGER}
                                     , create_time=#{createTime,jdbcType=TIMESTAMP}
                                     , update_time=#{updateTime,jdbcType=TIMESTAMP}
                     WHERE employee_contribution_id = #{employeeContributionId,jdbcType=BIGINT}
    </update>

    <update id="updateByPrimaryKeySelective" parameterType="com.weimob.o2o.mgr.employee.domain.EmployeeContribution" >
        UPDATE employee_contribution
        <set>
            set                                                             <if test="merchant_id !=null">
                    merchant_id=#{merchantId,jdbcType=BIGINT}
                </if>
                                                            <if test="store_id !=null">
                    store_id=#{storeId,jdbcType=BIGINT}
                </if>
                                                            <if test="employee_id !=null">
                    employee_id=#{employeeId,jdbcType=BIGINT}
                </if>
                                                            <if test="business_id !=null">
                    business_id=#{businessId,jdbcType=BIGINT}
                </if>
                                                            <if test="business_type !=null">
                    business_type=#{businessType,jdbcType=INTEGER}
                </if>
                                                            <if test="business_value !=null">
                    business_value=#{businessValue,jdbcType=BigDecimal}
                </if>
                                                            <if test="customer_open_id !=null">
                    customer_open_id=#{customerOpenId,jdbcType=VARCHAR}
                </if>
                                                            <if test="customer_name !=null">
                    customer_name=#{customerName,jdbcType=VARCHAR}
                </if>
                                                            <if test="employee_index_setting_id !=null">
                    employee_index_setting_id=#{employeeIndexSettingId,jdbcType=BIGINT}
                </if>
                                                            <if test="plan_reward_value !=null">
                    plan_reward_value=#{planRewardValue,jdbcType=BigDecimal}
                </if>
                                                            <if test="reward_status !=null">
                    reward_status=#{rewardStatus,jdbcType=INTEGER}
                </if>
                                                            <if test="reward_value !=null">
                    reward_value=#{rewardValue,jdbcType=BigDecimal}
                </if>
                                                            <if test="reward_value_type !=null">
                    reward_value_type=#{rewardValueType,jdbcType=INTEGER}
                </if>
                                                            <if test="status !=null">
                    status=#{status,jdbcType=INTEGER}
                </if>
                                                            <if test="create_time !=null">
                    create_time=#{createTime,jdbcType=TIMESTAMP}
                </if>
                                                            <if test="update_time !=null">
                    update_time=#{updateTime,jdbcType=TIMESTAMP}
                </if>
                                    </set>
        where employee_contribution_id = #{employeeContributionId,jdbcType=BIGINT}
    </update>

    <select id="get" resultMap="queryResultMap" parameterType="com.weimob.o2o.mgr.employee.domain.EmployeeContribution">
        SELECT t.*
        FROM employee_contribution t
        WHERE employee_contribution_id = #{employeeContributionId,jdbcType=BIGINT}
    </select>
    
    <delete id="del" parameterType="com.weimob.o2o.mgr.employee.domain.EmployeeContribution">
        DELETE FROM employee_contribution
        WHERE employee_contribution_id = #{employeeContributionId,jdbcType=BIGINT}
    </delete>

</mapper>