<?xml version="1.0" encoding="UTF-8" ?>
<!DOCTYPE  mapper PUBLIC "-//mybatis.org//DTD Mapper 3.0//EN" "http://mybatis.org/dtd/mybatis-3-mapper.dtd" >
<mapper namespace="com.ayuan.blog.dao.WxUserDao">
    <resultMap id="queryResultMap" type="com.ayuan.blog.domain.WxUser">
                <result column="wx_user_id" property="wxUserId" jdbcType="BIGINT" />
                <result column="open_id" property="openId" jdbcType="VARCHAR" />
                <result column="nickname" property="nickname" jdbcType="VARCHAR" />
                <result column="update_time" property="updateTime" jdbcType="TIMESTAMP" />
                <result column="subscribe" property="subscribe" jdbcType="INTEGER" />
                <result column="openid" property="openid" jdbcType="VARCHAR" />
                <result column="sex" property="sex" jdbcType="INTEGER" />
                <result column="language" property="language" jdbcType="VARCHAR" />
                <result column="city" property="city" jdbcType="VARCHAR" />
                <result column="province" property="province" jdbcType="VARCHAR" />
                <result column="country" property="country" jdbcType="VARCHAR" />
                <result column="headImgUrl" property="headImgUrl" jdbcType="VARCHAR" />
                <result column="subscribe_time" property="subscribeTime" jdbcType="BIGINT" />
                <result column="unionId" property="unionId" jdbcType="VARCHAR" />
                <result column="remark" property="remark" jdbcType="VARCHAR" />
                <result column="groupId" property="groupId" jdbcType="INTEGER" />
            </resultMap>

    <select id="find" parameterType="org.durcframework.core.expression.ExpressionQuery"
        resultMap="queryResultMap">
        SELECT t.*
        FROM wx_user t
        <include refid="expressionBlock.where" />
        <choose>
            <when test="sortname == null">
                ORDER BY t.wx_user_id desc
            </when>
            <otherwise>
                ORDER BY ${order}
            </otherwise>
        </choose>
        <if test="!isQueryAll">
            LIMIT
            #{start,jdbcType=INTEGER},#{limit,jdbcType=INTEGER}
        </if>
    </select>


    <select id="findTotalCount" parameterType="org.durcframework.core.expression.ExpressionQuery"
        resultType="java.lang.Integer">
        SELECT count(*) FROM wx_user t
        <include refid="expressionBlock.where" />
    </select>

    <insert id="save" parameterType="com.ayuan.blog.domain.WxUser"
    keyProperty="wxUserId" keyColumn="wx_user_id" useGeneratedKeys="true"
    >
    INSERT INTO wx_user
         (
                                                  `open_id`
                                        , `nickname`
                                        , `update_time`
                                        , `subscribe`
                                        , `openid`
                                        , `sex`
                                        , `language`
                                        , `city`
                                        , `province`
                                        , `country`
                                        , `headImgUrl`
                                        , `subscribe_time`
                                        , `unionId`
                                        , `remark`
                                        , `groupId`
                              )
    VALUES (
                                                  #{openId,jdbcType=VARCHAR}
                                        , #{nickname,jdbcType=VARCHAR}
                                        , #{updateTime,jdbcType=TIMESTAMP}
                                        , #{subscribe,jdbcType=INTEGER}
                                        , #{openid,jdbcType=VARCHAR}
                                        , #{sex,jdbcType=INTEGER}
                                        , #{language,jdbcType=VARCHAR}
                                        , #{city,jdbcType=VARCHAR}
                                        , #{province,jdbcType=VARCHAR}
                                        , #{country,jdbcType=VARCHAR}
                                        , #{headImgUrl,jdbcType=VARCHAR}
                                        , #{subscribeTime,jdbcType=BIGINT}
                                        , #{unionId,jdbcType=VARCHAR}
                                        , #{remark,jdbcType=VARCHAR}
                                        , #{groupId,jdbcType=INTEGER}
                     
        )
    </insert>


    <update id="update" parameterType="com.ayuan.blog.domain.WxUser">
    UPDATE wx_user
    SET 
                                                 open_id=#{openId,jdbcType=VARCHAR}
                                     , nickname=#{nickname,jdbcType=VARCHAR}
                                     , update_time=#{updateTime,jdbcType=TIMESTAMP}
                                     , subscribe=#{subscribe,jdbcType=INTEGER}
                                     , openid=#{openid,jdbcType=VARCHAR}
                                     , sex=#{sex,jdbcType=INTEGER}
                                     , language=#{language,jdbcType=VARCHAR}
                                     , city=#{city,jdbcType=VARCHAR}
                                     , province=#{province,jdbcType=VARCHAR}
                                     , country=#{country,jdbcType=VARCHAR}
                                     , headImgUrl=#{headImgUrl,jdbcType=VARCHAR}
                                     , subscribe_time=#{subscribeTime,jdbcType=BIGINT}
                                     , unionId=#{unionId,jdbcType=VARCHAR}
                                     , remark=#{remark,jdbcType=VARCHAR}
                                     , groupId=#{groupId,jdbcType=INTEGER}
                     WHERE wx_user_id = #{wxUserId,jdbcType=BIGINT}
    </update>

    <update id="updateByPrimaryKeySelective" parameterType="com.ayuan.blog.domain.WxUser" >
        UPDATE wx_user
        <set>
            set                                                             <if test="open_id !=null">
                    open_id=#{openId,jdbcType=VARCHAR}
                </if>
                                                            <if test="nickname !=null">
                    nickname=#{nickname,jdbcType=VARCHAR}
                </if>
                                                            <if test="update_time !=null">
                    update_time=#{updateTime,jdbcType=TIMESTAMP}
                </if>
                                                            <if test="subscribe !=null">
                    subscribe=#{subscribe,jdbcType=INTEGER}
                </if>
                                                            <if test="openid !=null">
                    openid=#{openid,jdbcType=VARCHAR}
                </if>
                                                            <if test="sex !=null">
                    sex=#{sex,jdbcType=INTEGER}
                </if>
                                                            <if test="language !=null">
                    language=#{language,jdbcType=VARCHAR}
                </if>
                                                            <if test="city !=null">
                    city=#{city,jdbcType=VARCHAR}
                </if>
                                                            <if test="province !=null">
                    province=#{province,jdbcType=VARCHAR}
                </if>
                                                            <if test="country !=null">
                    country=#{country,jdbcType=VARCHAR}
                </if>
                                                            <if test="headImgUrl !=null">
                    headImgUrl=#{headImgUrl,jdbcType=VARCHAR}
                </if>
                                                            <if test="subscribe_time !=null">
                    subscribe_time=#{subscribeTime,jdbcType=BIGINT}
                </if>
                                                            <if test="unionId !=null">
                    unionId=#{unionId,jdbcType=VARCHAR}
                </if>
                                                            <if test="remark !=null">
                    remark=#{remark,jdbcType=VARCHAR}
                </if>
                                                            <if test="groupId !=null">
                    groupId=#{groupId,jdbcType=INTEGER}
                </if>
                                    </set>
        where wx_user_id = #{wxUserId,jdbcType=BIGINT}
    </update>

    <select id="get" resultMap="queryResultMap" parameterType="com.ayuan.blog.domain.WxUser">
        SELECT t.*
        FROM wx_user t
        WHERE wx_user_id = #{wxUserId,jdbcType=BIGINT}
    </select>
    
    <delete id="del" parameterType="com.ayuan.blog.domain.WxUser">
        DELETE FROM wx_user
        WHERE wx_user_id = #{wxUserId,jdbcType=BIGINT}
    </delete>

</mapper>