<?xml version="1.0" encoding="UTF-8" ?>
<!DOCTYPE  mapper PUBLIC "-//mybatis.org//DTD Mapper 3.0//EN" "http://mybatis.org/dtd/mybatis-3-mapper.dtd" >
<mapper namespace="com.weimob.o2o.mgr.employee.dao.EmployeeIndexSettingStoreDao">
    <resultMap id="queryResultMap" type="com.weimob.o2o.mgr.employee.domain.EmployeeIndexSettingStore">
                <result column="employee_index_setting_store_id" property="employeeIndexSettingStoreId" jdbcType="BIGINT" />
                <result column="merchant_id" property="merchantId" jdbcType="BIGINT" />
                <result column="employee_index_setting_id" property="employeeIndexSettingId" jdbcType="BIGINT" />
                <result column="store_id" property="storeId" jdbcType="BIGINT" />
                <result column="create_time" property="createTime" jdbcType="TIMESTAMP" />
                <result column="update_time" property="updateTime" jdbcType="TIMESTAMP" />
            </resultMap>

    <select id="find" parameterType="org.durcframework.core.expression.ExpressionQuery"
        resultMap="queryResultMap">
        SELECT t.*
        FROM employee_index_setting_store t
        <include refid="expressionBlock.where" />
        <choose>
            <when test="sortname == null">
                ORDER BY t.employee_index_setting_store_id desc
            </when>
            <otherwise>
                ORDER BY ${order}
            </otherwise>
        </choose>
        <if test="!isQueryAll">
            LIMIT
            #{start,jdbcType=INTEGER},#{limit,jdbcType=INTEGER}
        </if>
    </select>


    <select id="findTotalCount" parameterType="org.durcframework.core.expression.ExpressionQuery"
        resultType="java.lang.Integer">
        SELECT count(*) FROM employee_index_setting_store t
        <include refid="expressionBlock.where" />
    </select>

    <insert id="save" parameterType="com.weimob.o2o.mgr.employee.domain.EmployeeIndexSettingStore"
    keyProperty="employeeIndexSettingStoreId" keyColumn="employee_index_setting_store_id" useGeneratedKeys="true"
    >
    INSERT INTO employee_index_setting_store
         (
                                                  `merchant_id`
                                        , `employee_index_setting_id`
                                        , `store_id`
                                        , `create_time`
                                        , `update_time`
                              )
    VALUES (
                                                  #{merchantId,jdbcType=BIGINT}
                                        , #{employeeIndexSettingId,jdbcType=BIGINT}
                                        , #{storeId,jdbcType=BIGINT}
                                        , #{createTime,jdbcType=TIMESTAMP}
                                        , #{updateTime,jdbcType=TIMESTAMP}
                     
        )
    </insert>

<insert id="insertBatch" parameterType="java.util.List">
    INSERT INTO employee_index_setting_store
        (
                                                                                         `merchant_id`
                                                                                    , `employee_index_setting_id`
                                                                                    , `store_id`
                                                                                    , `create_time`
                                                                                    , `update_time`
                                                        )
    VALUES 
        <foreach collection="records" index="index" item="record" separator=",">
            (
                                                                                                                 #{record.merchantId,jdbcType=BIGINT}
                                                                                                        , #{record.employeeIndexSettingId,jdbcType=BIGINT}
                                                                                                        , #{record.storeId,jdbcType=BIGINT}
                                                                                                        , #{record.createTime,jdbcType=TIMESTAMP}
                                                                                                        , #{record.updateTime,jdbcType=TIMESTAMP}
                                                                        )
        </foreach> 
</insert>

    <update id="update" parameterType="com.weimob.o2o.mgr.employee.domain.EmployeeIndexSettingStore">
    UPDATE employee_index_setting_store
    SET 
                                                 merchant_id=#{merchantId,jdbcType=BIGINT}
                                     , employee_index_setting_id=#{employeeIndexSettingId,jdbcType=BIGINT}
                                     , store_id=#{storeId,jdbcType=BIGINT}
                                     , create_time=#{createTime,jdbcType=TIMESTAMP}
                                     , update_time=#{updateTime,jdbcType=TIMESTAMP}
                     WHERE employee_index_setting_store_id = #{employeeIndexSettingStoreId,jdbcType=BIGINT}
    </update>

    <update id="updateByPrimaryKeySelective" parameterType="com.weimob.o2o.mgr.employee.domain.EmployeeIndexSettingStore" >
        UPDATE employee_index_setting_store
        <set>
            set                                                             <if test="merchant_id !=null">
                    merchant_id=#{merchantId,jdbcType=BIGINT}
                </if>
                                                            <if test="employee_index_setting_id !=null">
                    employee_index_setting_id=#{employeeIndexSettingId,jdbcType=BIGINT}
                </if>
                                                            <if test="store_id !=null">
                    store_id=#{storeId,jdbcType=BIGINT}
                </if>
                                                            <if test="create_time !=null">
                    create_time=#{createTime,jdbcType=TIMESTAMP}
                </if>
                                                            <if test="update_time !=null">
                    update_time=#{updateTime,jdbcType=TIMESTAMP}
                </if>
                                    </set>
        where employee_index_setting_store_id = #{employeeIndexSettingStoreId,jdbcType=BIGINT}
    </update>

    <select id="get" resultMap="queryResultMap" parameterType="com.weimob.o2o.mgr.employee.domain.EmployeeIndexSettingStore">
        SELECT t.*
        FROM employee_index_setting_store t
        WHERE employee_index_setting_store_id = #{employeeIndexSettingStoreId,jdbcType=BIGINT}
    </select>
    
    <delete id="del" parameterType="com.weimob.o2o.mgr.employee.domain.EmployeeIndexSettingStore">
        DELETE FROM employee_index_setting_store
        WHERE employee_index_setting_store_id = #{employeeIndexSettingStoreId,jdbcType=BIGINT}
    </delete>

</mapper>