<?xml version="1.0" encoding="UTF-8" ?>
<!DOCTYPE  mapper PUBLIC "-//mybatis.org//DTD Mapper 3.0//EN" "http://mybatis.org/dtd/mybatis-3-mapper.dtd" >
<mapper namespace="com.ayuan.blog.dao.ImageDao">
    <resultMap id="queryResultMap" type="com.ayuan.blog.domain.Image">
                <result column="id" property="id" jdbcType="BIGINT" />
                <result column="image_id" property="imageId" jdbcType="VARCHAR" />
                <result column="url" property="url" jdbcType="VARCHAR" />
                <result column="account_id" property="accountId" jdbcType="BIGINT" />
                <result column="update_time" property="updateTime" jdbcType="TIMESTAMP" />
                <result column="create_time" property="createTime" jdbcType="TIMESTAMP" />
            </resultMap>

    <select id="find" parameterType="org.durcframework.core.expression.ExpressionQuery"
        resultMap="queryResultMap">
        SELECT t.*
        FROM image t
        <include refid="expressionBlock.where" />
        <choose>
            <when test="sortname == null">
                ORDER BY t.id desc
            </when>
            <otherwise>
                ORDER BY ${order}
            </otherwise>
        </choose>
        <if test="!isQueryAll">
            LIMIT
            #{start,jdbcType=INTEGER},#{limit,jdbcType=INTEGER}
        </if>
    </select>


    <select id="findTotalCount" parameterType="org.durcframework.core.expression.ExpressionQuery"
        resultType="java.lang.Integer">
        SELECT count(*) FROM image t
        <include refid="expressionBlock.where" />
    </select>

    <insert id="save" parameterType="com.ayuan.blog.domain.Image"
    keyProperty="id" keyColumn="id" useGeneratedKeys="true"
    >
    INSERT INTO image
         (
                                                  `image_id`
                                        , `url`
                                        , `account_id`
                                        , `update_time`
                                        , `create_time`
                              )
    VALUES (
                                                  #{imageId,jdbcType=VARCHAR}
                                        , #{url,jdbcType=VARCHAR}
                                        , #{accountId,jdbcType=BIGINT}
                                        , #{updateTime,jdbcType=TIMESTAMP}
                                        , #{createTime,jdbcType=TIMESTAMP}
                     
        )
    </insert>

<insert id="insertBatch" parameterType="java.util.List">
    INSERT INTO image
        (
                                                                                         `image_id`
                                                                                    , `url`
                                                                                    , `account_id`
                                                                                    , `update_time`
                                                                                    , `create_time`
                                                        )
    VALUES 
        <foreach collection="records" index="index" item="record" separator=",">
            (
                                                                                                                 #{record.imageId,jdbcType=VARCHAR}
                                                                                                        , #{record.url,jdbcType=VARCHAR}
                                                                                                        , #{record.accountId,jdbcType=BIGINT}
                                                                                                        , #{record.updateTime,jdbcType=TIMESTAMP}
                                                                                                        , #{record.createTime,jdbcType=TIMESTAMP}
                                                                        )
        </foreach> 
</insert>

    <update id="update" parameterType="com.ayuan.blog.domain.Image">
    UPDATE image
    SET 
                                                 image_id=#{imageId,jdbcType=VARCHAR}
                                     , url=#{url,jdbcType=VARCHAR}
                                     , account_id=#{accountId,jdbcType=BIGINT}
                                     , update_time=#{updateTime,jdbcType=TIMESTAMP}
                                     , create_time=#{createTime,jdbcType=TIMESTAMP}
                     WHERE id = #{id,jdbcType=BIGINT}
    </update>

    <update id="updateByPrimaryKeySelective" parameterType="com.ayuan.blog.domain.Image" >
        UPDATE image
        <set>
            set                                                             <if test="image_id !=null">
                    image_id=#{imageId,jdbcType=VARCHAR}
                </if>
                                                            <if test="url !=null">
                    url=#{url,jdbcType=VARCHAR}
                </if>
                                                            <if test="account_id !=null">
                    account_id=#{accountId,jdbcType=BIGINT}
                </if>
                                                            <if test="update_time !=null">
                    update_time=#{updateTime,jdbcType=TIMESTAMP}
                </if>
                                                            <if test="create_time !=null">
                    create_time=#{createTime,jdbcType=TIMESTAMP}
                </if>
                                    </set>
        where id = #{id,jdbcType=BIGINT}
    </update>

    <select id="get" resultMap="queryResultMap" parameterType="com.ayuan.blog.domain.Image">
        SELECT t.*
        FROM image t
        WHERE id = #{id,jdbcType=BIGINT}
    </select>
    
    <delete id="del" parameterType="com.ayuan.blog.domain.Image">
        DELETE FROM image
        WHERE id = #{id,jdbcType=BIGINT}
    </delete>

</mapper>