<?xml version="1.0" encoding="UTF-8" ?>
<!DOCTYPE  mapper PUBLIC "-//mybatis.org//DTD Mapper 3.0//EN" "http://mybatis.org/dtd/mybatis-3-mapper.dtd" >
<mapper namespace="com.weimob.o2o.mgr.wifi.dao.WifiSupplierDao">
    <resultMap id="queryResultMap" type="com.weimob.o2o.mgr.wifi.domain.WifiSupplier">
                <result column="wifi_supplier_id" property="wifiSupplierId" jdbcType="BIGINT" />
                <result column="develper_id" property="develperId" jdbcType="BIGINT" />
                <result column="agent_wifi_supplier_id" property="agentWifiSupplierId" jdbcType="BIGINT" />
                <result column="supplier_name" property="supplierName" jdbcType="VARCHAR" />
                <result column="device_types" property="deviceTypes" jdbcType="VARCHAR" />
                <result column="create_time" property="createTime" jdbcType="TIMESTAMP" />
                <result column="update_time" property="updateTime" jdbcType="TIMESTAMP" />
                <result column="create_account_id" property="createAccountId" jdbcType="BIGINT" />
                <result column="update_account_id" property="updateAccountId" jdbcType="BIGINT" />
            </resultMap>

    <select id="find" parameterType="org.durcframework.core.expression.ExpressionQuery"
        resultMap="queryResultMap">
        SELECT t.*
        FROM wifi_supplier t
        <include refid="expressionBlock.where" />
        <choose>
            <when test="sortname == null">
                ORDER BY t.wifi_supplier_id desc
            </when>
            <otherwise>
                ORDER BY ${order}
            </otherwise>
        </choose>
        <if test="!isQueryAll">
            LIMIT
            #{start,jdbcType=INTEGER},#{limit,jdbcType=INTEGER}
        </if>
    </select>


    <select id="findTotalCount" parameterType="org.durcframework.core.expression.ExpressionQuery"
        resultType="java.lang.Integer">
        SELECT count(*) FROM wifi_supplier t
        <include refid="expressionBlock.where" />
    </select>

    <insert id="save" parameterType="com.weimob.o2o.mgr.wifi.domain.WifiSupplier"
    keyProperty="wifiSupplierId" keyColumn="wifi_supplier_id" useGeneratedKeys="true"
    >
    INSERT INTO wifi_supplier
         (
                                                  `develper_id`
                                        , `agent_wifi_supplier_id`
                                        , `supplier_name`
                                        , `device_types`
                                        , `create_time`
                                        , `update_time`
                                        , `create_account_id`
                                        , `update_account_id`
                              )
    VALUES (
                                                  #{develperId,jdbcType=BIGINT}
                                        , #{agentWifiSupplierId,jdbcType=BIGINT}
                                        , #{supplierName,jdbcType=VARCHAR}
                                        , #{deviceTypes,jdbcType=VARCHAR}
                                        , #{createTime,jdbcType=TIMESTAMP}
                                        , #{updateTime,jdbcType=TIMESTAMP}
                                        , #{createAccountId,jdbcType=BIGINT}
                                        , #{updateAccountId,jdbcType=BIGINT}
                     
        )
    </insert>


    <update id="update" parameterType="com.weimob.o2o.mgr.wifi.domain.WifiSupplier">
    UPDATE wifi_supplier
    SET 
                                                 develper_id=#{develperId,jdbcType=BIGINT}
                                     , agent_wifi_supplier_id=#{agentWifiSupplierId,jdbcType=BIGINT}
                                     , supplier_name=#{supplierName,jdbcType=VARCHAR}
                                     , device_types=#{deviceTypes,jdbcType=VARCHAR}
                                     , create_time=#{createTime,jdbcType=TIMESTAMP}
                                     , update_time=#{updateTime,jdbcType=TIMESTAMP}
                                     , create_account_id=#{createAccountId,jdbcType=BIGINT}
                                     , update_account_id=#{updateAccountId,jdbcType=BIGINT}
                     WHERE wifi_supplier_id = #{wifiSupplierId,jdbcType=BIGINT}
    </update>

    <update id="updateByPrimaryKeySelective" parameterType="com.weimob.o2o.mgr.wifi.domain.WifiSupplier" >
        UPDATE wifi_supplier
        <set>
            set                                                             <if test="develper_id !=null">
                    develper_id=#{develperId,jdbcType=BIGINT}
                </if>
                                                            <if test="agent_wifi_supplier_id !=null">
                    agent_wifi_supplier_id=#{agentWifiSupplierId,jdbcType=BIGINT}
                </if>
                                                            <if test="supplier_name !=null">
                    supplier_name=#{supplierName,jdbcType=VARCHAR}
                </if>
                                                            <if test="device_types !=null">
                    device_types=#{deviceTypes,jdbcType=VARCHAR}
                </if>
                                                            <if test="create_time !=null">
                    create_time=#{createTime,jdbcType=TIMESTAMP}
                </if>
                                                            <if test="update_time !=null">
                    update_time=#{updateTime,jdbcType=TIMESTAMP}
                </if>
                                                            <if test="create_account_id !=null">
                    create_account_id=#{createAccountId,jdbcType=BIGINT}
                </if>
                                                            <if test="update_account_id !=null">
                    update_account_id=#{updateAccountId,jdbcType=BIGINT}
                </if>
                                    </set>
        where wifi_supplier_id = #{wifiSupplierId,jdbcType=BIGINT}
    </update>

    <select id="get" resultMap="queryResultMap" parameterType="com.weimob.o2o.mgr.wifi.domain.WifiSupplier">
        SELECT t.*
        FROM wifi_supplier t
        WHERE wifi_supplier_id = #{wifiSupplierId,jdbcType=BIGINT}
    </select>
    
    <delete id="del" parameterType="com.weimob.o2o.mgr.wifi.domain.WifiSupplier">
        DELETE FROM wifi_supplier
        WHERE wifi_supplier_id = #{wifiSupplierId,jdbcType=BIGINT}
    </delete>

</mapper>