<?xml version="1.0" encoding="UTF-8" ?>
<!DOCTYPE  mapper PUBLIC "-//mybatis.org//DTD Mapper 3.0//EN" "http://mybatis.org/dtd/mybatis-3-mapper.dtd" >
<mapper namespace="com.weimob.o2o.mgr.shake.dao.ShakeDeviceDao">
    <resultMap id="queryResultMap" type="com.weimob.o2o.mgr.shake.domain.ShakeDevice">
                <result column="shake_device_id" property="shakeDeviceId" jdbcType="BIGINT" />
                <result column="device_id" property="deviceId" jdbcType="BIGINT" />
                <result column="uuid" property="uuid" jdbcType="VARCHAR" />
                <result column="major" property="major" jdbcType="VARCHAR" />
                <result column="minor" property="minor" jdbcType="VARCHAR" />
                <result column="comment" property="comment" jdbcType="VARCHAR" />
                <result column="status" property="status" jdbcType="INTEGER" />
                <result column="shake_device_apply_id" property="shakeDeviceApplyId" jdbcType="BIGINT" />
                <result column="merchant_id" property="merchantId" jdbcType="BIGINT" />
                <result column="store_id" property="storeId" jdbcType="BIGINT" />
                <result column="create_time" property="createTime" jdbcType="VARCHAR" />
                <result column="update_time" property="updateTime" jdbcType="VARCHAR" />
            </resultMap>

    <select id="find" parameterType="org.durcframework.core.expression.ExpressionQuery"
        resultMap="queryResultMap">
        SELECT t.*
        FROM shake_device t
        <include refid="expressionBlock.where" />
        <choose>
            <when test="sortname == null">
                ORDER BY t.shake_device_id desc
            </when>
            <otherwise>
                ORDER BY ${order}
            </otherwise>
        </choose>
        <if test="!isQueryAll">
            LIMIT
            #{start,jdbcType=INTEGER},#{limit,jdbcType=INTEGER}
        </if>
    </select>


    <select id="findTotalCount" parameterType="org.durcframework.core.expression.ExpressionQuery"
        resultType="java.lang.Integer">
        SELECT count(*) FROM shake_device t
        <include refid="expressionBlock.where" />
    </select>

    <insert id="save" parameterType="com.weimob.o2o.mgr.shake.domain.ShakeDevice"
    keyProperty="shakeDeviceId" keyColumn="shake_device_id" useGeneratedKeys="true"
    >
    INSERT INTO shake_device
         (
                                                  `device_id`
                                        , `uuid`
                                        , `major`
                                        , `minor`
                                        , `comment`
                                        , `status`
                                        , `shake_device_apply_id`
                                        , `merchant_id`
                                        , `store_id`
                                        , `create_time`
                                        , `update_time`
                              )
    VALUES (
                                                  #{deviceId,jdbcType=BIGINT}
                                        , #{uuid,jdbcType=VARCHAR}
                                        , #{major,jdbcType=VARCHAR}
                                        , #{minor,jdbcType=VARCHAR}
                                        , #{comment,jdbcType=VARCHAR}
                                        , #{status,jdbcType=INTEGER}
                                        , #{shakeDeviceApplyId,jdbcType=BIGINT}
                                        , #{merchantId,jdbcType=BIGINT}
                                        , #{storeId,jdbcType=BIGINT}
                                        , #{createTime,jdbcType=VARCHAR}
                                        , #{updateTime,jdbcType=VARCHAR}
                     
        )
    </insert>


    <update id="update" parameterType="com.weimob.o2o.mgr.shake.domain.ShakeDevice">
    UPDATE shake_device
    SET 
                                                 device_id=#{deviceId,jdbcType=BIGINT}
                                     , uuid=#{uuid,jdbcType=VARCHAR}
                                     , major=#{major,jdbcType=VARCHAR}
                                     , minor=#{minor,jdbcType=VARCHAR}
                                     , comment=#{comment,jdbcType=VARCHAR}
                                     , status=#{status,jdbcType=INTEGER}
                                     , shake_device_apply_id=#{shakeDeviceApplyId,jdbcType=BIGINT}
                                     , merchant_id=#{merchantId,jdbcType=BIGINT}
                                     , store_id=#{storeId,jdbcType=BIGINT}
                                     , create_time=#{createTime,jdbcType=VARCHAR}
                                     , update_time=#{updateTime,jdbcType=VARCHAR}
                     WHERE shake_device_id = #{shakeDeviceId,jdbcType=BIGINT}
    </update>

    <update id="updateByPrimaryKeySelective" parameterType="com.weimob.o2o.mgr.shake.domain.ShakeDevice" >
        UPDATE shake_device
        <set>
            set                                                             <if test="device_id !=null">
                    device_id=#{deviceId,jdbcType=BIGINT}
                </if>
                                                            <if test="uuid !=null">
                    uuid=#{uuid,jdbcType=VARCHAR}
                </if>
                                                            <if test="major !=null">
                    major=#{major,jdbcType=VARCHAR}
                </if>
                                                            <if test="minor !=null">
                    minor=#{minor,jdbcType=VARCHAR}
                </if>
                                                            <if test="comment !=null">
                    comment=#{comment,jdbcType=VARCHAR}
                </if>
                                                            <if test="status !=null">
                    status=#{status,jdbcType=INTEGER}
                </if>
                                                            <if test="shake_device_apply_id !=null">
                    shake_device_apply_id=#{shakeDeviceApplyId,jdbcType=BIGINT}
                </if>
                                                            <if test="merchant_id !=null">
                    merchant_id=#{merchantId,jdbcType=BIGINT}
                </if>
                                                            <if test="store_id !=null">
                    store_id=#{storeId,jdbcType=BIGINT}
                </if>
                                                            <if test="create_time !=null">
                    create_time=#{createTime,jdbcType=VARCHAR}
                </if>
                                                            <if test="update_time !=null">
                    update_time=#{updateTime,jdbcType=VARCHAR}
                </if>
                                    </set>
        where shake_device_id = #{shakeDeviceId,jdbcType=BIGINT}
    </update>

    <select id="get" resultMap="queryResultMap" parameterType="com.weimob.o2o.mgr.shake.domain.ShakeDevice">
        SELECT t.*
        FROM shake_device t
        WHERE shake_device_id = #{shakeDeviceId,jdbcType=BIGINT}
    </select>
    
    <delete id="del" parameterType="com.weimob.o2o.mgr.shake.domain.ShakeDevice">
        DELETE FROM shake_device
        WHERE shake_device_id = #{shakeDeviceId,jdbcType=BIGINT}
    </delete>

</mapper>