<?xml version="1.0" encoding="UTF-8" ?>
<!DOCTYPE  mapper PUBLIC "-//mybatis.org//DTD Mapper 3.0//EN" "http://mybatis.org/dtd/mybatis-3-mapper.dtd" >
<mapper namespace="com.weimob.o2o.mgr.material.dao.MaterialDao">
    <resultMap id="queryResultMap" type="com.weimob.o2o.mgr.material.domain.Material">
                <result column="material_id" property="materialId" jdbcType="BIGINT" />
                <result column="media_id" property="mediaId" jdbcType="VARCHAR" />
                <result column="link_id" property="linkId" jdbcType="VARCHAR" />
                <result column="link_type" property="linkType" jdbcType="INTEGER" />
                <result column="link_name" property="linkName" jdbcType="VARCHAR" />
                <result column="link_classification" property="linkClassification" jdbcType="INTEGER" />
            </resultMap>

    <select id="find" parameterType="org.durcframework.core.expression.ExpressionQuery"
        resultMap="queryResultMap">
        SELECT t.*
        FROM material t
        <include refid="expressionBlock.where" />
        <choose>
            <when test="sortname == null">
                ORDER BY t.material_id desc
            </when>
            <otherwise>
                ORDER BY ${order}
            </otherwise>
        </choose>
        <if test="!isQueryAll">
            LIMIT
            #{start,jdbcType=INTEGER},#{limit,jdbcType=INTEGER}
        </if>
    </select>


    <select id="findTotalCount" parameterType="org.durcframework.core.expression.ExpressionQuery"
        resultType="java.lang.Integer">
        SELECT count(*) FROM material t
        <include refid="expressionBlock.where" />
    </select>

    <insert id="save" parameterType="com.weimob.o2o.mgr.material.domain.Material"
    keyProperty="materialId" keyColumn="material_id" useGeneratedKeys="true"
    >
    INSERT INTO material
         (
                                                  `media_id`
                                        , `link_id`
                                        , `link_type`
                                        , `link_name`
                                        , `link_classification`
                              )
    VALUES (
                                                  #{mediaId,jdbcType=VARCHAR}
                                        , #{linkId,jdbcType=VARCHAR}
                                        , #{linkType,jdbcType=INTEGER}
                                        , #{linkName,jdbcType=VARCHAR}
                                        , #{linkClassification,jdbcType=INTEGER}
                     
        )
    </insert>


    <update id="update" parameterType="com.weimob.o2o.mgr.material.domain.Material">
    UPDATE material
    SET 
                                                 media_id=#{mediaId,jdbcType=VARCHAR}
                                     , link_id=#{linkId,jdbcType=VARCHAR}
                                     , link_type=#{linkType,jdbcType=INTEGER}
                                     , link_name=#{linkName,jdbcType=VARCHAR}
                                     , link_classification=#{linkClassification,jdbcType=INTEGER}
                     WHERE material_id = #{materialId,jdbcType=BIGINT}
    </update>

    <update id="updateByPrimaryKeySelective" parameterType="com.weimob.o2o.mgr.material.domain.Material" >
        UPDATE material
        <set>
            set                                                             <if test="media_id !=null">
                    media_id=#{mediaId,jdbcType=VARCHAR}
                </if>
                                                            <if test="link_id !=null">
                    link_id=#{linkId,jdbcType=VARCHAR}
                </if>
                                                            <if test="link_type !=null">
                    link_type=#{linkType,jdbcType=INTEGER}
                </if>
                                                            <if test="link_name !=null">
                    link_name=#{linkName,jdbcType=VARCHAR}
                </if>
                                                            <if test="link_classification !=null">
                    link_classification=#{linkClassification,jdbcType=INTEGER}
                </if>
                                    </set>
        where material_id = #{materialId,jdbcType=BIGINT}
    </update>

    <select id="get" resultMap="queryResultMap" parameterType="com.weimob.o2o.mgr.material.domain.Material">
        SELECT t.*
        FROM material t
        WHERE material_id = #{materialId,jdbcType=BIGINT}
    </select>
    
    <delete id="del" parameterType="com.weimob.o2o.mgr.material.domain.Material">
        DELETE FROM material
        WHERE material_id = #{materialId,jdbcType=BIGINT}
    </delete>

</mapper>