<?xml version="1.0" encoding="UTF-8" ?>
<!DOCTYPE  mapper PUBLIC "-//mybatis.org//DTD Mapper 3.0//EN" "http://mybatis.org/dtd/mybatis-3-mapper.dtd" >
<mapper namespace="com.ayuan.blog.spider.build.dao.CommunityDao">
    <resultMap id="queryResultMap" type="com.ayuan.blog.spider.build.domain.Community">
        <result column="community_id" property="communityId" jdbcType="BIGINT" />
        <result column="community_name" property="communityName" jdbcType="VARCHAR" />
        <result column="community_address" property="communityAddress" jdbcType="VARCHAR" />
        <result column="community_comment" property="communityComment" jdbcType="VARCHAR" />
        <result column="create_time" property="createTime" jdbcType="TIMESTAMP" />
        <result column="update_time" property="updateTime" jdbcType="TIMESTAMP" />
    </resultMap>

    <select id="find" parameterType="com.ayuan.blog.spider.build.domain.Community"
        resultMap="queryResultMap">
        SELECT t.*
        FROM community t
        <choose>
            <when test="sortname == null">
                ORDER BY t.community_id desc
            </when>
            <otherwise>
                ORDER BY ${order}
            </otherwise>
        </choose>
        <if test="!isQueryAll">
            LIMIT
            #{start,jdbcType=INTEGER},#{limit,jdbcType=INTEGER}
        </if>
    </select>


    <select id="findTotalCount" parameterType="com.ayuan.blog.spider.build.domain.Community"
        resultType="java.lang.Integer">
        SELECT count(*) FROM community t
        <include refid="expressionBlock.where" />
    </select>

    <insert id="save" parameterType="com.ayuan.blog.spider.build.domain.Community" keyProperty="communityId" keyColumn="community_id" useGeneratedKeys="true" >
        INSERT INTO community (
            `community_name`
            ,`community_address`
            ,`community_comment`
            ,`create_time`
            ,`update_time`
 )
        VALUES (
            #{communityName,jdbcType=VARCHAR}
            ,#{communityAddress,jdbcType=VARCHAR}
            ,#{communityComment,jdbcType=VARCHAR}
            ,#{createTime,jdbcType=TIMESTAMP}
            ,#{updateTime,jdbcType=TIMESTAMP}
 
        )
    </insert>

    <insert id="insertBatch" parameterType="java.util.List">
        INSERT INTO community (
            `community_name`
            ,`community_address`
            ,`community_comment`
            ,`create_time`
            ,`update_time`
 )
        VALUES 
        <foreach collection="records" index="index" item="record" separator=",">
            (
            #{record.communityName,jdbcType=VARCHAR}
            ,#{record.communityAddress,jdbcType=VARCHAR}
            ,#{record.communityComment,jdbcType=VARCHAR}
            ,#{record.createTime,jdbcType=TIMESTAMP}
            ,#{record.updateTime,jdbcType=TIMESTAMP}
            )
        </foreach> 
    </insert>

    <update id="update" parameterType="com.ayuan.blog.spider.build.domain.Community">
        UPDATE community
        SET 
            community_name=#{communityName,jdbcType=VARCHAR}
            ,community_address=#{communityAddress,jdbcType=VARCHAR}
            ,community_comment=#{communityComment,jdbcType=VARCHAR}
            ,create_time=#{createTime,jdbcType=TIMESTAMP}
            ,update_time=#{updateTime,jdbcType=TIMESTAMP}
        WHERE community_id = #{communityId,jdbcType=BIGINT}
    </update>

    <update id="updateByPrimaryKeySelective" parameterType="com.ayuan.blog.spider.build.domain.Community" >
        UPDATE community
        <set>
            set
                <if test="community_name !=null">
                    community_name=#{communityName,jdbcType=VARCHAR}
                </if>
                <if test="community_address !=null">
                    community_address=#{communityAddress,jdbcType=VARCHAR}
                </if>
                <if test="community_comment !=null">
                    community_comment=#{communityComment,jdbcType=VARCHAR}
                </if>
                <if test="create_time !=null">
                    create_time=#{createTime,jdbcType=TIMESTAMP}
                </if>
                <if test="update_time !=null">
                    update_time=#{updateTime,jdbcType=TIMESTAMP}
                </if>
        </set>
        where community_id = #{communityId,jdbcType=BIGINT}
    </update>

    <select id="get" resultMap="queryResultMap" parameterType="com.ayuan.blog.spider.build.domain.Community">
        SELECT
            community_name
            ,community_address
            ,community_comment
            ,create_time
            ,update_time
        FROM community t
        WHERE community_id = #{communityId,jdbcType=BIGINT}
    </select>
    
    <delete id="del" parameterType="com.ayuan.blog.spider.build.domain.Community">
        DELETE FROM community
        WHERE community_id = #{communityId,jdbcType=BIGINT}
    </delete>

</mapper>