<?xml version="1.0" encoding="UTF-8" ?>
<!DOCTYPE  mapper PUBLIC "-//mybatis.org//DTD Mapper 3.0//EN" "http://mybatis.org/dtd/mybatis-3-mapper.dtd" >
<mapper namespace="com.ayuan.blog.spider.build.dao.CommunityInfoOriginDao">
    <resultMap id="queryResultMap" type="com.ayuan.blog.spider.build.domain.CommunityInfoOrigin">
        <result column="community_info_origin_id" property="communityInfoOriginId" jdbcType="BIGINT" />
        <result column="community_id" property="communityId" jdbcType="BIGINT" />
        <result column="info_origin_id" property="infoOriginId" jdbcType="BIGINT" />
        <result column="url" property="url" jdbcType="VARCHAR" />
        <result column="create_time" property="createTime" jdbcType="TIMESTAMP" />
        <result column="update_time" property="updateTime" jdbcType="TIMESTAMP" />
    </resultMap>

    <select id="find" parameterType="com.ayuan.blog.spider.build.domain.CommunityInfoOrigin"
        resultMap="queryResultMap">
        SELECT t.*
        FROM community_info_origin t
        <choose>
            <when test="sortname == null">
                ORDER BY t.community_info_origin_id desc
            </when>
            <otherwise>
                ORDER BY ${order}
            </otherwise>
        </choose>
        <if test="!isQueryAll">
            LIMIT
            #{start,jdbcType=INTEGER},#{limit,jdbcType=INTEGER}
        </if>
    </select>


    <select id="findTotalCount" parameterType="com.ayuan.blog.spider.build.domain.CommunityInfoOrigin"
        resultType="java.lang.Integer">
        SELECT count(*) FROM community_info_origin t
        <include refid="expressionBlock.where" />
    </select>

    <insert id="save" parameterType="com.ayuan.blog.spider.build.domain.CommunityInfoOrigin" keyProperty="communityInfoOriginId" keyColumn="community_info_origin_id" useGeneratedKeys="true" >
        INSERT INTO community_info_origin (
            `community_id`
            ,`info_origin_id`
            ,`url`
            ,`create_time`
            ,`update_time`
 )
        VALUES (
            #{communityId,jdbcType=BIGINT}
            ,#{infoOriginId,jdbcType=BIGINT}
            ,#{url,jdbcType=VARCHAR}
            ,#{createTime,jdbcType=TIMESTAMP}
            ,#{updateTime,jdbcType=TIMESTAMP}
 
        )
    </insert>

    <insert id="insertBatch" parameterType="java.util.List">
        INSERT INTO community_info_origin (
            `community_id`
            ,`info_origin_id`
            ,`url`
            ,`create_time`
            ,`update_time`
 )
        VALUES 
        <foreach collection="records" index="index" item="record" separator=",">
            (
            #{record.communityId,jdbcType=BIGINT}
            ,#{record.infoOriginId,jdbcType=BIGINT}
            ,#{record.url,jdbcType=VARCHAR}
            ,#{record.createTime,jdbcType=TIMESTAMP}
            ,#{record.updateTime,jdbcType=TIMESTAMP}
            )
        </foreach> 
    </insert>

    <update id="update" parameterType="com.ayuan.blog.spider.build.domain.CommunityInfoOrigin">
        UPDATE community_info_origin
        SET 
            community_id=#{communityId,jdbcType=BIGINT}
            ,info_origin_id=#{infoOriginId,jdbcType=BIGINT}
            ,url=#{url,jdbcType=VARCHAR}
            ,create_time=#{createTime,jdbcType=TIMESTAMP}
            ,update_time=#{updateTime,jdbcType=TIMESTAMP}
        WHERE community_info_origin_id = #{communityInfoOriginId,jdbcType=BIGINT}
    </update>

    <update id="updateByPrimaryKeySelective" parameterType="com.ayuan.blog.spider.build.domain.CommunityInfoOrigin" >
        UPDATE community_info_origin
        <set>
            set
                <if test="community_id !=null">
                    community_id=#{communityId,jdbcType=BIGINT}
                </if>
                <if test="info_origin_id !=null">
                    info_origin_id=#{infoOriginId,jdbcType=BIGINT}
                </if>
                <if test="url !=null">
                    url=#{url,jdbcType=VARCHAR}
                </if>
                <if test="create_time !=null">
                    create_time=#{createTime,jdbcType=TIMESTAMP}
                </if>
                <if test="update_time !=null">
                    update_time=#{updateTime,jdbcType=TIMESTAMP}
                </if>
        </set>
        where community_info_origin_id = #{communityInfoOriginId,jdbcType=BIGINT}
    </update>

    <select id="get" resultMap="queryResultMap" parameterType="com.ayuan.blog.spider.build.domain.CommunityInfoOrigin">
        SELECT
            community_id
            ,info_origin_id
            ,url
            ,create_time
            ,update_time
        FROM community_info_origin t
        WHERE community_info_origin_id = #{communityInfoOriginId,jdbcType=BIGINT}
    </select>
    
    <delete id="del" parameterType="com.ayuan.blog.spider.build.domain.CommunityInfoOrigin">
        DELETE FROM community_info_origin
        WHERE community_info_origin_id = #{communityInfoOriginId,jdbcType=BIGINT}
    </delete>

</mapper>