<?xml version="1.0" encoding="UTF-8" ?>
<!DOCTYPE  mapper PUBLIC "-//mybatis.org//DTD Mapper 3.0//EN" "http://mybatis.org/dtd/mybatis-3-mapper.dtd" >
<mapper namespace="com.ayuan.blog.spider.build.dao.HouseDao">
    <resultMap id="queryResultMap" type="com.ayuan.blog.spider.build.domain.House">
        <result column="house_id" property="houseId" jdbcType="BIGINT" />
        <result column="community_id" property="communityId" jdbcType="BIGINT" />
        <result column="info_origin_id" property="infoOriginId" jdbcType="BIGINT" />
        <result column="house_name" property="houseName" jdbcType="VARCHAR" />
        <result column="house_url" property="houseUrl" jdbcType="VARCHAR" />
        <result column="create_time" property="createTime" jdbcType="TIMESTAMP" />
        <result column="update_time" property="updateTime" jdbcType="TIMESTAMP" />
    </resultMap>

    <select id="find" parameterType="com.ayuan.blog.spider.build.domain.House"
        resultMap="queryResultMap">
        SELECT t.*
        FROM house t
        <choose>
            <when test="sortname == null">
                ORDER BY t.house_id desc
            </when>
            <otherwise>
                ORDER BY ${order}
            </otherwise>
        </choose>
        <if test="!isQueryAll">
            LIMIT
            #{start,jdbcType=INTEGER},#{limit,jdbcType=INTEGER}
        </if>
    </select>


    <select id="findTotalCount" parameterType="com.ayuan.blog.spider.build.domain.House"
        resultType="java.lang.Integer">
        SELECT count(*) FROM house t
        <include refid="expressionBlock.where" />
    </select>

    <insert id="save" parameterType="com.ayuan.blog.spider.build.domain.House" keyProperty="houseId" keyColumn="house_id" useGeneratedKeys="true" >
        INSERT INTO house (
            `community_id`
            ,`info_origin_id`
            ,`house_name`
            ,`house_url`
            ,`create_time`
            ,`update_time`
 )
        VALUES (
            #{communityId,jdbcType=BIGINT}
            ,#{infoOriginId,jdbcType=BIGINT}
            ,#{houseName,jdbcType=VARCHAR}
            ,#{houseUrl,jdbcType=VARCHAR}
            ,#{createTime,jdbcType=TIMESTAMP}
            ,#{updateTime,jdbcType=TIMESTAMP}
 
        )
    </insert>

    <insert id="insertBatch" parameterType="java.util.List">
        INSERT INTO house (
            `community_id`
            ,`info_origin_id`
            ,`house_name`
            ,`house_url`
            ,`create_time`
            ,`update_time`
 )
        VALUES 
        <foreach collection="records" index="index" item="record" separator=",">
            (
            #{record.communityId,jdbcType=BIGINT}
            ,#{record.infoOriginId,jdbcType=BIGINT}
            ,#{record.houseName,jdbcType=VARCHAR}
            ,#{record.houseUrl,jdbcType=VARCHAR}
            ,#{record.createTime,jdbcType=TIMESTAMP}
            ,#{record.updateTime,jdbcType=TIMESTAMP}
            )
        </foreach> 
    </insert>

    <update id="update" parameterType="com.ayuan.blog.spider.build.domain.House">
        UPDATE house
        SET 
            community_id=#{communityId,jdbcType=BIGINT}
            ,info_origin_id=#{infoOriginId,jdbcType=BIGINT}
            ,house_name=#{houseName,jdbcType=VARCHAR}
            ,house_url=#{houseUrl,jdbcType=VARCHAR}
            ,create_time=#{createTime,jdbcType=TIMESTAMP}
            ,update_time=#{updateTime,jdbcType=TIMESTAMP}
        WHERE house_id = #{houseId,jdbcType=BIGINT}
    </update>

    <update id="updateByPrimaryKeySelective" parameterType="com.ayuan.blog.spider.build.domain.House" >
        UPDATE house
        <set>
            set
                <if test="community_id !=null">
                    community_id=#{communityId,jdbcType=BIGINT}
                </if>
                <if test="info_origin_id !=null">
                    info_origin_id=#{infoOriginId,jdbcType=BIGINT}
                </if>
                <if test="house_name !=null">
                    house_name=#{houseName,jdbcType=VARCHAR}
                </if>
                <if test="house_url !=null">
                    house_url=#{houseUrl,jdbcType=VARCHAR}
                </if>
                <if test="create_time !=null">
                    create_time=#{createTime,jdbcType=TIMESTAMP}
                </if>
                <if test="update_time !=null">
                    update_time=#{updateTime,jdbcType=TIMESTAMP}
                </if>
        </set>
        where house_id = #{houseId,jdbcType=BIGINT}
    </update>

    <select id="get" resultMap="queryResultMap" parameterType="com.ayuan.blog.spider.build.domain.House">
        SELECT
            community_id
            ,info_origin_id
            ,house_name
            ,house_url
            ,create_time
            ,update_time
        FROM house t
        WHERE house_id = #{houseId,jdbcType=BIGINT}
    </select>
    
    <delete id="del" parameterType="com.ayuan.blog.spider.build.domain.House">
        DELETE FROM house
        WHERE house_id = #{houseId,jdbcType=BIGINT}
    </delete>

</mapper>