<?xml version="1.0" encoding="UTF-8" ?>
<!DOCTYPE  mapper PUBLIC "-//mybatis.org//DTD Mapper 3.0//EN" "http://mybatis.org/dtd/mybatis-3-mapper.dtd" >
<mapper namespace="com.ayuan.blog.spider.build.dao.HouseInfoEachDayDao">
    <resultMap id="queryResultMap" type="com.ayuan.blog.spider.build.domain.HouseInfoEachDay">
        <result column="id" property="id" jdbcType="BIGINT" />
        <result column="commnunity_id" property="commnunityId" jdbcType="BIGINT" />
        <result column="info_origin_id" property="infoOriginId" jdbcType="BIGINT" />
        <result column="house_Id" property="houseId" jdbcType="BIGINT" />
        <result column="statistic_day" property="statisticDay" jdbcType="VARCHAR" />
        <result column="house_name" property="houseName" jdbcType="VARCHAR" />
        <result column="total_price" property="totalPrice" jdbcType="FLOAT" />
        <result column="tax" property="tax" jdbcType="VARCHAR" />
        <result column="square" property="square" jdbcType="FLOAT" />
        <result column="house_type" property="houseType" jdbcType="VARCHAR" />
        <result column="floor" property="floor" jdbcType="VARCHAR" />
        <result column="direction" property="direction" jdbcType="VARCHAR" />
        <result column="function" property="function" jdbcType="VARCHAR" />
        <result column="decoration" property="decoration" jdbcType="VARCHAR" />
        <result column="attribute" property="attribute" jdbcType="VARCHAR" />
        <result column="build_year" property="buildYear" jdbcType="INTEGER" />
        <result column="community_name" property="communityName" jdbcType="VARCHAR" />
        <result column="create_time" property="createTime" jdbcType="TIMESTAMP" />
        <result column="udpate_time" property="udpateTime" jdbcType="TIMESTAMP" />
    </resultMap>

    <select id="find" parameterType="com.ayuan.blog.spider.build.domain.HouseInfoEachDay"
        resultMap="queryResultMap">
        SELECT t.*
        FROM house_info_each_day t
        <choose>
            <when test="sortname == null">
                ORDER BY t.id desc
            </when>
            <otherwise>
                ORDER BY ${order}
            </otherwise>
        </choose>
        <if test="!isQueryAll">
            LIMIT
            #{start,jdbcType=INTEGER},#{limit,jdbcType=INTEGER}
        </if>
    </select>


    <select id="findTotalCount" parameterType="com.ayuan.blog.spider.build.domain.HouseInfoEachDay"
        resultType="java.lang.Integer">
        SELECT count(*) FROM house_info_each_day t
        <include refid="expressionBlock.where" />
    </select>

    <insert id="save" parameterType="com.ayuan.blog.spider.build.domain.HouseInfoEachDay" keyProperty="id" keyColumn="id" useGeneratedKeys="true" >
        INSERT INTO house_info_each_day (
            `commnunity_id`
            ,`info_origin_id`
            ,`house_Id`
            ,`statistic_day`
            ,`house_name`
            ,`total_price`
            ,`tax`
            ,`square`
            ,`house_type`
            ,`floor`
            ,`direction`
            ,`function`
            ,`decoration`
            ,`attribute`
            ,`build_year`
            ,`community_name`
            ,`create_time`
            ,`udpate_time`
 )
        VALUES (
            #{commnunityId,jdbcType=BIGINT}
            ,#{infoOriginId,jdbcType=BIGINT}
            ,#{houseId,jdbcType=BIGINT}
            ,#{statisticDay,jdbcType=VARCHAR}
            ,#{houseName,jdbcType=VARCHAR}
            ,#{totalPrice,jdbcType=FLOAT}
            ,#{tax,jdbcType=VARCHAR}
            ,#{square,jdbcType=FLOAT}
            ,#{houseType,jdbcType=VARCHAR}
            ,#{floor,jdbcType=VARCHAR}
            ,#{direction,jdbcType=VARCHAR}
            ,#{function,jdbcType=VARCHAR}
            ,#{decoration,jdbcType=VARCHAR}
            ,#{attribute,jdbcType=VARCHAR}
            ,#{buildYear,jdbcType=INTEGER}
            ,#{communityName,jdbcType=VARCHAR}
            ,#{createTime,jdbcType=TIMESTAMP}
            ,#{udpateTime,jdbcType=TIMESTAMP}
 
        )
    </insert>

    <insert id="insertBatch" parameterType="java.util.List">
        INSERT INTO house_info_each_day (
            `commnunity_id`
            ,`info_origin_id`
            ,`house_Id`
            ,`statistic_day`
            ,`house_name`
            ,`total_price`
            ,`tax`
            ,`square`
            ,`house_type`
            ,`floor`
            ,`direction`
            ,`function`
            ,`decoration`
            ,`attribute`
            ,`build_year`
            ,`community_name`
            ,`create_time`
            ,`udpate_time`
 )
        VALUES 
        <foreach collection="records" index="index" item="record" separator=",">
            (
            #{record.commnunityId,jdbcType=BIGINT}
            ,#{record.infoOriginId,jdbcType=BIGINT}
            ,#{record.houseId,jdbcType=BIGINT}
            ,#{record.statisticDay,jdbcType=VARCHAR}
            ,#{record.houseName,jdbcType=VARCHAR}
            ,#{record.totalPrice,jdbcType=FLOAT}
            ,#{record.tax,jdbcType=VARCHAR}
            ,#{record.square,jdbcType=FLOAT}
            ,#{record.houseType,jdbcType=VARCHAR}
            ,#{record.floor,jdbcType=VARCHAR}
            ,#{record.direction,jdbcType=VARCHAR}
            ,#{record.function,jdbcType=VARCHAR}
            ,#{record.decoration,jdbcType=VARCHAR}
            ,#{record.attribute,jdbcType=VARCHAR}
            ,#{record.buildYear,jdbcType=INTEGER}
            ,#{record.communityName,jdbcType=VARCHAR}
            ,#{record.createTime,jdbcType=TIMESTAMP}
            ,#{record.udpateTime,jdbcType=TIMESTAMP}
            )
        </foreach> 
    </insert>

    <update id="update" parameterType="com.ayuan.blog.spider.build.domain.HouseInfoEachDay">
        UPDATE house_info_each_day
        SET 
            commnunity_id=#{commnunityId,jdbcType=BIGINT}
            ,info_origin_id=#{infoOriginId,jdbcType=BIGINT}
            ,house_Id=#{houseId,jdbcType=BIGINT}
            ,statistic_day=#{statisticDay,jdbcType=VARCHAR}
            ,house_name=#{houseName,jdbcType=VARCHAR}
            ,total_price=#{totalPrice,jdbcType=FLOAT}
            ,tax=#{tax,jdbcType=VARCHAR}
            ,square=#{square,jdbcType=FLOAT}
            ,house_type=#{houseType,jdbcType=VARCHAR}
            ,floor=#{floor,jdbcType=VARCHAR}
            ,direction=#{direction,jdbcType=VARCHAR}
            ,function=#{function,jdbcType=VARCHAR}
            ,decoration=#{decoration,jdbcType=VARCHAR}
            ,attribute=#{attribute,jdbcType=VARCHAR}
            ,build_year=#{buildYear,jdbcType=INTEGER}
            ,community_name=#{communityName,jdbcType=VARCHAR}
            ,create_time=#{createTime,jdbcType=TIMESTAMP}
            ,udpate_time=#{udpateTime,jdbcType=TIMESTAMP}
        WHERE id = #{id,jdbcType=BIGINT}
    </update>

    <update id="updateByPrimaryKeySelective" parameterType="com.ayuan.blog.spider.build.domain.HouseInfoEachDay" >
        UPDATE house_info_each_day
        <set>
            set
                <if test="commnunity_id !=null">
                    commnunity_id=#{commnunityId,jdbcType=BIGINT}
                </if>
                <if test="info_origin_id !=null">
                    info_origin_id=#{infoOriginId,jdbcType=BIGINT}
                </if>
                <if test="house_Id !=null">
                    house_Id=#{houseId,jdbcType=BIGINT}
                </if>
                <if test="statistic_day !=null">
                    statistic_day=#{statisticDay,jdbcType=VARCHAR}
                </if>
                <if test="house_name !=null">
                    house_name=#{houseName,jdbcType=VARCHAR}
                </if>
                <if test="total_price !=null">
                    total_price=#{totalPrice,jdbcType=FLOAT}
                </if>
                <if test="tax !=null">
                    tax=#{tax,jdbcType=VARCHAR}
                </if>
                <if test="square !=null">
                    square=#{square,jdbcType=FLOAT}
                </if>
                <if test="house_type !=null">
                    house_type=#{houseType,jdbcType=VARCHAR}
                </if>
                <if test="floor !=null">
                    floor=#{floor,jdbcType=VARCHAR}
                </if>
                <if test="direction !=null">
                    direction=#{direction,jdbcType=VARCHAR}
                </if>
                <if test="function !=null">
                    function=#{function,jdbcType=VARCHAR}
                </if>
                <if test="decoration !=null">
                    decoration=#{decoration,jdbcType=VARCHAR}
                </if>
                <if test="attribute !=null">
                    attribute=#{attribute,jdbcType=VARCHAR}
                </if>
                <if test="build_year !=null">
                    build_year=#{buildYear,jdbcType=INTEGER}
                </if>
                <if test="community_name !=null">
                    community_name=#{communityName,jdbcType=VARCHAR}
                </if>
                <if test="create_time !=null">
                    create_time=#{createTime,jdbcType=TIMESTAMP}
                </if>
                <if test="udpate_time !=null">
                    udpate_time=#{udpateTime,jdbcType=TIMESTAMP}
                </if>
        </set>
        where id = #{id,jdbcType=BIGINT}
    </update>

    <select id="get" resultMap="queryResultMap" parameterType="com.ayuan.blog.spider.build.domain.HouseInfoEachDay">
        SELECT
            commnunity_id
            ,info_origin_id
            ,house_Id
            ,statistic_day
            ,house_name
            ,total_price
            ,tax
            ,square
            ,house_type
            ,floor
            ,direction
            ,function
            ,decoration
            ,attribute
            ,build_year
            ,community_name
            ,create_time
            ,udpate_time
        FROM house_info_each_day t
        WHERE id = #{id,jdbcType=BIGINT}
    </select>
    
    <delete id="del" parameterType="com.ayuan.blog.spider.build.domain.HouseInfoEachDay">
        DELETE FROM house_info_each_day
        WHERE id = #{id,jdbcType=BIGINT}
    </delete>

</mapper>