<?xml version="1.0" encoding="UTF-8" ?>
<!DOCTYPE  mapper PUBLIC "-//mybatis.org//DTD Mapper 3.0//EN" "http://mybatis.org/dtd/mybatis-3-mapper.dtd" >
<mapper namespace="com.ayuan.blog.spider.build.dao.InfoOriginDao">
    <resultMap id="queryResultMap" type="com.ayuan.blog.spider.build.domain.InfoOrigin">
        <result column="info_origin_id" property="infoOriginId" jdbcType="BIGINT" />
        <result column="origin_name" property="originName" jdbcType="VARCHAR" />
        <result column="create_time" property="createTime" jdbcType="TIMESTAMP" />
        <result column="update_time" property="updateTime" jdbcType="TIMESTAMP" />
    </resultMap>

    <select id="find" parameterType="com.ayuan.blog.spider.build.domain.InfoOrigin"
        resultMap="queryResultMap">
        SELECT t.*
        FROM info_origin t
        <choose>
            <when test="sortname == null">
                ORDER BY t.info_origin_id desc
            </when>
            <otherwise>
                ORDER BY ${order}
            </otherwise>
        </choose>
        <if test="!isQueryAll">
            LIMIT
            #{start,jdbcType=INTEGER},#{limit,jdbcType=INTEGER}
        </if>
    </select>


    <select id="findTotalCount" parameterType="com.ayuan.blog.spider.build.domain.InfoOrigin"
        resultType="java.lang.Integer">
        SELECT count(*) FROM info_origin t
        <include refid="expressionBlock.where" />
    </select>

    <insert id="save" parameterType="com.ayuan.blog.spider.build.domain.InfoOrigin" keyProperty="infoOriginId" keyColumn="info_origin_id" useGeneratedKeys="true" >
        INSERT INTO info_origin (
            `origin_name`
            ,`create_time`
            ,`update_time`
 )
        VALUES (
            #{originName,jdbcType=VARCHAR}
            ,#{createTime,jdbcType=TIMESTAMP}
            ,#{updateTime,jdbcType=TIMESTAMP}
 
        )
    </insert>

    <insert id="insertBatch" parameterType="java.util.List">
        INSERT INTO info_origin (
            `origin_name`
            ,`create_time`
            ,`update_time`
 )
        VALUES 
        <foreach collection="records" index="index" item="record" separator=",">
            (
            #{record.originName,jdbcType=VARCHAR}
            ,#{record.createTime,jdbcType=TIMESTAMP}
            ,#{record.updateTime,jdbcType=TIMESTAMP}
            )
        </foreach> 
    </insert>

    <update id="update" parameterType="com.ayuan.blog.spider.build.domain.InfoOrigin">
        UPDATE info_origin
        SET 
            origin_name=#{originName,jdbcType=VARCHAR}
            ,create_time=#{createTime,jdbcType=TIMESTAMP}
            ,update_time=#{updateTime,jdbcType=TIMESTAMP}
        WHERE info_origin_id = #{infoOriginId,jdbcType=BIGINT}
    </update>

    <update id="updateByPrimaryKeySelective" parameterType="com.ayuan.blog.spider.build.domain.InfoOrigin" >
        UPDATE info_origin
        <set>
            set
                <if test="origin_name !=null">
                    origin_name=#{originName,jdbcType=VARCHAR}
                </if>
                <if test="create_time !=null">
                    create_time=#{createTime,jdbcType=TIMESTAMP}
                </if>
                <if test="update_time !=null">
                    update_time=#{updateTime,jdbcType=TIMESTAMP}
                </if>
        </set>
        where info_origin_id = #{infoOriginId,jdbcType=BIGINT}
    </update>

    <select id="get" resultMap="queryResultMap" parameterType="com.ayuan.blog.spider.build.domain.InfoOrigin">
        SELECT
            origin_name
            ,create_time
            ,update_time
        FROM info_origin t
        WHERE info_origin_id = #{infoOriginId,jdbcType=BIGINT}
    </select>
    
    <delete id="del" parameterType="com.ayuan.blog.spider.build.domain.InfoOrigin">
        DELETE FROM info_origin
        WHERE info_origin_id = #{infoOriginId,jdbcType=BIGINT}
    </delete>

</mapper>