<?xml version="1.0" encoding="UTF-8" ?>
<!DOCTYPE  mapper PUBLIC "-//mybatis.org//DTD Mapper 3.0//EN" "http://mybatis.org/dtd/mybatis-3-mapper.dtd" >
<mapper namespace="com.ayuan.blog.dao.WxSignInLogDao">
    <resultMap id="queryResultMap" type="com.ayuan.blog.domain.WxSignInLog">
                <result column="sign_in_log_id" property="signInLogId" jdbcType="BIGINT" />
                <result column="wx_user_id" property="wxUserId" jdbcType="BIGINT" />
                <result column="comment" property="comment" jdbcType="VARCHAR" />
                <result column="sign_in_date" property="signInDate" jdbcType="DATE" />
                <result column="sign_in_time" property="signInTime" jdbcType="TIMESTAMP" />
                <result column="update_time" property="updateTime" jdbcType="TIMESTAMP" />
                <result column="create_time" property="createTime" jdbcType="TIMESTAMP" />
            </resultMap>

    <select id="find" parameterType="org.durcframework.core.expression.ExpressionQuery"
        resultMap="queryResultMap">
        SELECT t.*
        FROM wx_sign_in_log t
        <include refid="expressionBlock.where" />
        <choose>
            <when test="sortname == null">
                ORDER BY t.sign_in_log_id desc
            </when>
            <otherwise>
                ORDER BY ${order}
            </otherwise>
        </choose>
        <if test="!isQueryAll">
            LIMIT
            #{start,jdbcType=INTEGER},#{limit,jdbcType=INTEGER}
        </if>
    </select>


    <select id="findTotalCount" parameterType="org.durcframework.core.expression.ExpressionQuery"
        resultType="java.lang.Integer">
        SELECT count(*) FROM wx_sign_in_log t
        <include refid="expressionBlock.where" />
    </select>

    <insert id="save" parameterType="com.ayuan.blog.domain.WxSignInLog"
    keyProperty="signInLogId" keyColumn="sign_in_log_id" useGeneratedKeys="true"
    >
    INSERT INTO wx_sign_in_log
         (
                                                  `wx_user_id`
                                        , `comment`
                                        , `sign_in_date`
                                        , `sign_in_time`
                                        , `update_time`
                                        , `create_time`
                              )
    VALUES (
                                                  #{wxUserId,jdbcType=BIGINT}
                                        , #{comment,jdbcType=VARCHAR}
                                        , #{signInDate,jdbcType=DATE}
                                        , #{signInTime,jdbcType=TIMESTAMP}
                                        , #{updateTime,jdbcType=TIMESTAMP}
                                        , #{createTime,jdbcType=TIMESTAMP}
                     
        )
    </insert>


    <update id="update" parameterType="com.ayuan.blog.domain.WxSignInLog">
    UPDATE wx_sign_in_log
    SET 
                                                 wx_user_id=#{wxUserId,jdbcType=BIGINT}
                                     , comment=#{comment,jdbcType=VARCHAR}
                                     , sign_in_date=#{signInDate,jdbcType=DATE}
                                     , sign_in_time=#{signInTime,jdbcType=TIMESTAMP}
                                     , update_time=#{updateTime,jdbcType=TIMESTAMP}
                                     , create_time=#{createTime,jdbcType=TIMESTAMP}
                     WHERE sign_in_log_id = #{signInLogId,jdbcType=BIGINT}
    </update>

    <update id="updateByPrimaryKeySelective" parameterType="com.ayuan.blog.domain.WxSignInLog" >
        UPDATE wx_sign_in_log
        <set>
            set                                                             <if test="wx_user_id !=null">
                    wx_user_id=#{wxUserId,jdbcType=BIGINT}
                </if>
                                                            <if test="comment !=null">
                    comment=#{comment,jdbcType=VARCHAR}
                </if>
                                                            <if test="sign_in_date !=null">
                    sign_in_date=#{signInDate,jdbcType=DATE}
                </if>
                                                            <if test="sign_in_time !=null">
                    sign_in_time=#{signInTime,jdbcType=TIMESTAMP}
                </if>
                                                            <if test="update_time !=null">
                    update_time=#{updateTime,jdbcType=TIMESTAMP}
                </if>
                                                            <if test="create_time !=null">
                    create_time=#{createTime,jdbcType=TIMESTAMP}
                </if>
                                    </set>
        where sign_in_log_id = #{signInLogId,jdbcType=BIGINT}
    </update>

    <select id="get" resultMap="queryResultMap" parameterType="com.ayuan.blog.domain.WxSignInLog">
        SELECT t.*
        FROM wx_sign_in_log t
        WHERE sign_in_log_id = #{signInLogId,jdbcType=BIGINT}
    </select>
    
    <delete id="del" parameterType="com.ayuan.blog.domain.WxSignInLog">
        DELETE FROM wx_sign_in_log
        WHERE sign_in_log_id = #{signInLogId,jdbcType=BIGINT}
    </delete>

</mapper>