<?xml version="1.0" encoding="UTF-8" ?>
<!DOCTYPE  mapper PUBLIC "-//mybatis.org//DTD Mapper 3.0//EN" "http://mybatis.org/dtd/mybatis-3-mapper.dtd" >
<mapper namespace="com.ayuan.blog.dao.WxUserDao">
    <resultMap id="queryResultMap" type="com.ayuan.blog.domain.WxUser">
                <result column="wx_user_id" property="wxUserId" jdbcType="BIGINT" />
                <result column="open_id" property="openId" jdbcType="VARCHAR" />
                <result column="nickname" property="nickname" jdbcType="VARCHAR" />
                <result column="update_time" property="updateTime" jdbcType="TIMESTAMP" />
            </resultMap>

    <select id="find" parameterType="org.durcframework.core.expression.ExpressionQuery"
        resultMap="queryResultMap">
        SELECT t.*
        FROM wx_user t
        <include refid="expressionBlock.where" />
        <choose>
            <when test="sortname == null">
                ORDER BY t.wx_user_id desc
            </when>
            <otherwise>
                ORDER BY ${order}
            </otherwise>
        </choose>
        <if test="!isQueryAll">
            LIMIT
            #{start,jdbcType=INTEGER},#{limit,jdbcType=INTEGER}
        </if>
    </select>


    <select id="findTotalCount" parameterType="org.durcframework.core.expression.ExpressionQuery"
        resultType="java.lang.Integer">
        SELECT count(*) FROM wx_user t
        <include refid="expressionBlock.where" />
    </select>

    <insert id="save" parameterType="com.ayuan.blog.domain.WxUser"
    keyProperty="wxUserId" keyColumn="wx_user_id" useGeneratedKeys="true"
    >
    INSERT INTO wx_user
         (
                                                  `open_id`
                                        , `nickname`
                                        , `update_time`
                              )
    VALUES (
                                                  #{openId,jdbcType=VARCHAR}
                                        , #{nickname,jdbcType=VARCHAR}
                                        , #{updateTime,jdbcType=TIMESTAMP}
                     
        )
    </insert>


    <update id="update" parameterType="com.ayuan.blog.domain.WxUser">
    UPDATE wx_user
    SET 
                                                 open_id=#{openId,jdbcType=VARCHAR}
                                     , nickname=#{nickname,jdbcType=VARCHAR}
                                     , update_time=#{updateTime,jdbcType=TIMESTAMP}
                     WHERE wx_user_id = #{wxUserId,jdbcType=BIGINT}
    </update>

    <update id="updateByPrimaryKeySelective" parameterType="com.ayuan.blog.domain.WxUser" >
        UPDATE wx_user
        <set>
            set                                                             <if test="open_id !=null">
                    open_id=#{openId,jdbcType=VARCHAR}
                </if>
                                                            <if test="nickname !=null">
                    nickname=#{nickname,jdbcType=VARCHAR}
                </if>
                                                            <if test="update_time !=null">
                    update_time=#{updateTime,jdbcType=TIMESTAMP}
                </if>
                                    </set>
        where wx_user_id = #{wxUserId,jdbcType=BIGINT}
    </update>

    <select id="get" resultMap="queryResultMap" parameterType="com.ayuan.blog.domain.WxUser">
        SELECT t.*
        FROM wx_user t
        WHERE wx_user_id = #{wxUserId,jdbcType=BIGINT}
    </select>
    
    <delete id="del" parameterType="com.ayuan.blog.domain.WxUser">
        DELETE FROM wx_user
        WHERE wx_user_id = #{wxUserId,jdbcType=BIGINT}
    </delete>

</mapper>