<?xml version="1.0" encoding="UTF-8" ?>
<!DOCTYPE  mapper PUBLIC "-//mybatis.org//DTD Mapper 3.0//EN" "http://mybatis.org/dtd/mybatis-3-mapper.dtd" >
<mapper namespace="com.example.dao.ActivityDao">
    <resultMap id="queryResultMap" type="com.example.domain.Activity">
                <result column="id" property="id" jdbcType="BIGINT" />
                <result column="name" property="name" jdbcType="VARCHAR" />
                <result column="start_date" property="startDate" jdbcType="TIMESTAMP" />
                <result column="end_date" property="endDate" jdbcType="TIMESTAMP" />
                <result column="qr_code" property="qrCode" jdbcType="VARCHAR" />
                <result column="merchant_Id" property="merchantId" jdbcType="BIGINT" />
                <result column="activity_type" property="activityType" jdbcType="INTEGER" />
                <result column="channel" property="channel" jdbcType="VARCHAR" />
                <result column="content_type" property="contentType" jdbcType="INTEGER" />
                <result column="activity_url" property="activityUrl" jdbcType="VARCHAR" />
                <result column="status" property="status" jdbcType="INTEGER" />
                <result column="visit_count" property="visitCount" jdbcType="INTEGER" />
                <result column="participant_count" property="participantCount" jdbcType="INTEGER" />
                <result column="need_follow" property="needFollow" jdbcType="INTEGER" />
                <result column="create_time" property="createTime" jdbcType="TIMESTAMP" />
                <result column="update_time" property="updateTime" jdbcType="TIMESTAMP" />
                <result column="is_be_used" property="isBeUsed" jdbcType="TINYINT" />
                <result column="activity_detail" property="activityDetail" jdbcType="VARCHAR" />
            </resultMap>

    <select id="find" parameterType="org.durcframework.core.expression.ExpressionQuery"
        resultMap="queryResultMap">
        SELECT t.*
        FROM activity t
        <include refid="expressionBlock.where" />
        <choose>
            <when test="sortname == null">
                ORDER BY t.id desc
            </when>
            <otherwise>
                ORDER BY ${order}
            </otherwise>
        </choose>
        <if test="!isQueryAll">
            LIMIT
            #{start,jdbcType=INTEGER},#{limit,jdbcType=INTEGER}
        </if>
    </select>


    <select id="findTotalCount" parameterType="org.durcframework.core.expression.ExpressionQuery"
        resultType="java.lang.Integer">
        SELECT count(*) FROM activity t
        <include refid="expressionBlock.where" />
    </select>

    <insert id="save" parameterType="com.example.domain.Activity"
    keyProperty="id" keyColumn="id" useGeneratedKeys="true"
    >
    INSERT INTO activity
         (
                                                  `name`
                                        , `start_date`
                                        , `end_date`
                                        , `qr_code`
                                        , `merchant_Id`
                                        , `activity_type`
                                        , `channel`
                                        , `content_type`
                                        , `activity_url`
                                        , `status`
                                        , `visit_count`
                                        , `participant_count`
                                        , `need_follow`
                                        , `create_time`
                                        , `update_time`
                                        , `is_be_used`
                                        , `activity_detail`
                              )
    VALUES (
                                                  #{name,jdbcType=VARCHAR}
                                        , #{startDate,jdbcType=TIMESTAMP}
                                        , #{endDate,jdbcType=TIMESTAMP}
                                        , #{qrCode,jdbcType=VARCHAR}
                                        , #{merchantId,jdbcType=BIGINT}
                                        , #{activityType,jdbcType=INTEGER}
                                        , #{channel,jdbcType=VARCHAR}
                                        , #{contentType,jdbcType=INTEGER}
                                        , #{activityUrl,jdbcType=VARCHAR}
                                        , #{status,jdbcType=INTEGER}
                                        , #{visitCount,jdbcType=INTEGER}
                                        , #{participantCount,jdbcType=INTEGER}
                                        , #{needFollow,jdbcType=INTEGER}
                                        , #{createTime,jdbcType=TIMESTAMP}
                                        , #{updateTime,jdbcType=TIMESTAMP}
                                        , #{isBeUsed,jdbcType=TINYINT}
                                        , #{activityDetail,jdbcType=VARCHAR}
                     
        )
    </insert>

<insert id="insertBatch" parameterType="java.util.List">
    INSERT INTO activity
        (
                                                                                         `name`
                                                                                    , `start_date`
                                                                                    , `end_date`
                                                                                    , `qr_code`
                                                                                    , `merchant_Id`
                                                                                    , `activity_type`
                                                                                    , `channel`
                                                                                    , `content_type`
                                                                                    , `activity_url`
                                                                                    , `status`
                                                                                    , `visit_count`
                                                                                    , `participant_count`
                                                                                    , `need_follow`
                                                                                    , `create_time`
                                                                                    , `update_time`
                                                                                    , `is_be_used`
                                                                                    , `activity_detail`
                                                        )
    VALUES 
        <foreach collection="records" index="index" item="record" separator=",">
            (
                                                                                                                 #{record.name,jdbcType=VARCHAR}
                                                                                                        , #{record.startDate,jdbcType=TIMESTAMP}
                                                                                                        , #{record.endDate,jdbcType=TIMESTAMP}
                                                                                                        , #{record.qrCode,jdbcType=VARCHAR}
                                                                                                        , #{record.merchantId,jdbcType=BIGINT}
                                                                                                        , #{record.activityType,jdbcType=INTEGER}
                                                                                                        , #{record.channel,jdbcType=VARCHAR}
                                                                                                        , #{record.contentType,jdbcType=INTEGER}
                                                                                                        , #{record.activityUrl,jdbcType=VARCHAR}
                                                                                                        , #{record.status,jdbcType=INTEGER}
                                                                                                        , #{record.visitCount,jdbcType=INTEGER}
                                                                                                        , #{record.participantCount,jdbcType=INTEGER}
                                                                                                        , #{record.needFollow,jdbcType=INTEGER}
                                                                                                        , #{record.createTime,jdbcType=TIMESTAMP}
                                                                                                        , #{record.updateTime,jdbcType=TIMESTAMP}
                                                                                                        , #{record.isBeUsed,jdbcType=TINYINT}
                                                                                                        , #{record.activityDetail,jdbcType=VARCHAR}
                                                                        )
        </foreach> 
</insert>

    <update id="update" parameterType="com.example.domain.Activity">
    UPDATE activity
    SET 
                                                 name=#{name,jdbcType=VARCHAR}
                                     , start_date=#{startDate,jdbcType=TIMESTAMP}
                                     , end_date=#{endDate,jdbcType=TIMESTAMP}
                                     , qr_code=#{qrCode,jdbcType=VARCHAR}
                                     , merchant_Id=#{merchantId,jdbcType=BIGINT}
                                     , activity_type=#{activityType,jdbcType=INTEGER}
                                     , channel=#{channel,jdbcType=VARCHAR}
                                     , content_type=#{contentType,jdbcType=INTEGER}
                                     , activity_url=#{activityUrl,jdbcType=VARCHAR}
                                     , status=#{status,jdbcType=INTEGER}
                                     , visit_count=#{visitCount,jdbcType=INTEGER}
                                     , participant_count=#{participantCount,jdbcType=INTEGER}
                                     , need_follow=#{needFollow,jdbcType=INTEGER}
                                     , create_time=#{createTime,jdbcType=TIMESTAMP}
                                     , update_time=#{updateTime,jdbcType=TIMESTAMP}
                                     , is_be_used=#{isBeUsed,jdbcType=TINYINT}
                                     , activity_detail=#{activityDetail,jdbcType=VARCHAR}
                     WHERE id = #{id,jdbcType=BIGINT}
    </update>

    <update id="updateByPrimaryKeySelective" parameterType="com.example.domain.Activity" >
        UPDATE activity
        <set>
            set                                                             <if test="name !=null">
                    name=#{name,jdbcType=VARCHAR}
                </if>
                                                            <if test="start_date !=null">
                    start_date=#{startDate,jdbcType=TIMESTAMP}
                </if>
                                                            <if test="end_date !=null">
                    end_date=#{endDate,jdbcType=TIMESTAMP}
                </if>
                                                            <if test="qr_code !=null">
                    qr_code=#{qrCode,jdbcType=VARCHAR}
                </if>
                                                            <if test="merchant_Id !=null">
                    merchant_Id=#{merchantId,jdbcType=BIGINT}
                </if>
                                                            <if test="activity_type !=null">
                    activity_type=#{activityType,jdbcType=INTEGER}
                </if>
                                                            <if test="channel !=null">
                    channel=#{channel,jdbcType=VARCHAR}
                </if>
                                                            <if test="content_type !=null">
                    content_type=#{contentType,jdbcType=INTEGER}
                </if>
                                                            <if test="activity_url !=null">
                    activity_url=#{activityUrl,jdbcType=VARCHAR}
                </if>
                                                            <if test="status !=null">
                    status=#{status,jdbcType=INTEGER}
                </if>
                                                            <if test="visit_count !=null">
                    visit_count=#{visitCount,jdbcType=INTEGER}
                </if>
                                                            <if test="participant_count !=null">
                    participant_count=#{participantCount,jdbcType=INTEGER}
                </if>
                                                            <if test="need_follow !=null">
                    need_follow=#{needFollow,jdbcType=INTEGER}
                </if>
                                                            <if test="create_time !=null">
                    create_time=#{createTime,jdbcType=TIMESTAMP}
                </if>
                                                            <if test="update_time !=null">
                    update_time=#{updateTime,jdbcType=TIMESTAMP}
                </if>
                                                            <if test="is_be_used !=null">
                    is_be_used=#{isBeUsed,jdbcType=TINYINT}
                </if>
                                                            <if test="activity_detail !=null">
                    activity_detail=#{activityDetail,jdbcType=VARCHAR}
                </if>
                                    </set>
        where id = #{id,jdbcType=BIGINT}
    </update>

    <select id="get" resultMap="queryResultMap" parameterType="com.example.domain.Activity">
        SELECT t.*
        FROM activity t
        WHERE id = #{id,jdbcType=BIGINT}
    </select>
    
    <delete id="del" parameterType="com.example.domain.Activity">
        DELETE FROM activity
        WHERE id = #{id,jdbcType=BIGINT}
    </delete>

</mapper>